cust,cust_name,inv_num,inv_date,due_date,currency,inv_amount,paid_total,balance,events
1577106,"",202304143,20231205 00:00:00.000,20240304 00:00:00.000,USD,35056.95,0.00,35056.95,1
1577106,"",202303590,20231024 00:00:00.000,20240122 00:00:00.000,USD,32108.23,0.00,32108.23,1
1577118,"",202304191,20231207 00:00:00.000,20240306 00:00:00.000,USD,29934.36,0.00,29934.36,1
1577106,"",202303926,20231121 00:00:00.000,20240219 00:00:00.000,USD,28831.88,0.00,28831.88,1
1319905,"",202304199,20231207 00:00:00.000,20231222 00:00:00.000,USD,23267.52,0.00,23267.52,1
1275201,"",202303004,20230908 00:00:00.000,20231207 00:00:00.000,USD,20430.00,0.00,20430.00,1
1577106,"",202303805,20231107 00:00:00.000,20240205 00:00:00.000,USD,19985.74,0.00,19985.74,1
1577106,"",202304438,20231219 00:00:00.000,20240318 00:00:00.000,USD,19002.83,0.00,19002.83,1
1577118,"",202303592,20231024 00:00:00.000,20240122 00:00:00.000,USD,18192.16,0.00,18192.16,1
1577115,"",202303656,20231030 00:00:00.000,20240128 00:00:00.000,USD,17518.50,0.00,17518.50,1
1928301,"",202304515,20231222 00:00:00.000,20240220 00:00:00.000,USD,16453.73,0.00,16453.73,1
1303501,"",202303995,20231127 00:00:00.000,20240126 00:00:00.000,USD,15716.70,0.00,15716.70,1
1928301,"",202304514,20231222 00:00:00.000,20240220 00:00:00.000,USD,14565.43,0.00,14565.43,1
1248401,"",202304076,20231201 00:00:00.000,20231231 00:00:00.000,USD,14247.42,0.00,14247.42,1
1577118,"",202303593,20231024 00:00:00.000,20240122 00:00:00.000,USD,13304.16,0.00,13304.16,1
1577118,"",202304442,20231219 00:00:00.000,20240318 00:00:00.000,USD,12783.68,0.00,12783.68,1
1577118,"",202303971,20231122 00:00:00.000,20240220 00:00:00.000,USD,12611.24,0.00,12611.24,1
1319905,"",202304195,20231207 00:00:00.000,20231222 00:00:00.000,USD,12454.40,0.00,12454.40,1
1319905,"",202304428,20231218 00:00:00.000,20240102 00:00:00.000,USD,11655.00,0.00,11655.00,1
1577102,"",202303558,20231023 00:00:00.000,20240121 00:00:00.000,USD,11239.80,0.00,11239.80,1
1319904,"",202304225,20231208 00:00:00.000,20240107 00:00:00.000,USD,11228.40,0.00,11228.40,1
1928301,"",202304513,20231222 00:00:00.000,20240220 00:00:00.000,USD,10519.87,0.00,10519.87,1
1319905,"",202304238,20231208 00:00:00.000,20231223 00:00:00.000,USD,9728.10,0.00,9728.10,1
1319905,"",202304347,20231214 00:00:00.000,20231229 00:00:00.000,USD,9728.10,0.00,9728.10,1
1577102,"",202303744,20231103 00:00:00.000,20240201 00:00:00.000,USD,9510.60,0.00,9510.60,1
1577102,"",202303987,20231127 00:00:00.000,20240225 00:00:00.000,USD,9510.60,0.00,9510.60,1
1319905,"",202304363,20231214 00:00:00.000,20231229 00:00:00.000,USD,9207.00,0.00,9207.00,1
1577106,"",202303683,20231031 00:00:00.000,20240129 00:00:00.000,USD,9176.08,0.00,9176.08,1
1577118,"",202304190,20231207 00:00:00.000,20240306 00:00:00.000,USD,8850.24,0.00,8850.24,1
1577106,"",202303684,20231031 00:00:00.000,20240129 00:00:00.000,USD,8520.55,0.00,8520.55,1
1577102,"",202303913,20231120 00:00:00.000,20240218 00:00:00.000,USD,8188.08,0.00,8188.08,1
1577115,"",202303594,20231024 00:00:00.000,20240122 00:00:00.000,USD,8080.00,0.00,8080.00,1
1577125,"",202303988,20231127 00:00:00.000,20240225 00:00:00.000,USD,7977.60,0.00,7977.60,1
1928301,"",202304516,20231222 00:00:00.000,20240220 00:00:00.000,USD,7932.43,0.00,7932.43,1
1577102,"",202303209,20230925 00:00:00.000,20231224 00:00:00.000,USD,7781.40,0.00,7781.40,1
1577102,"",202303335,20231003 00:00:00.000,20240101 00:00:00.000,USD,7781.40,0.00,7781.40,1
1577106,"",202303513,20231017 00:00:00.000,20240115 00:00:00.000,USD,7671.30,0.00,7671.30,1
1577106,"",202304002,20231128 00:00:00.000,20240226 00:00:00.000,USD,7580.24,0.00,7580.24,1
1577106,"",202303685,20231031 00:00:00.000,20240129 00:00:00.000,USD,7520.00,0.00,7520.00,1
1577125,"",202304174,20231206 00:00:00.000,20240305 00:00:00.000,USD,7479.00,0.00,7479.00,1
1052001,"",202303981,20231127 00:00:00.000,20231227 00:00:00.000,USD,7262.40,0.00,7262.40,1
1577106,"",202304144,20231205 00:00:00.000,20240304 00:00:00.000,USD,7175.20,0.00,7175.20,1
1248401,"",202304077,20231201 00:00:00.000,20231231 00:00:00.000,USD,6807.60,0.00,6807.60,1
1319905,"",202304520,20231222 00:00:00.000,20240106 00:00:00.000,USD,6800.00,0.00,6800.00,1
1577107,"",202304314,20231213 00:00:00.000,20240312 00:00:00.000,USD,6605.90,0.00,6605.90,1
1319905,"",202304303,20231212 00:00:00.000,20231227 00:00:00.000,USD,6485.40,0.00,6485.40,1
1034704,"",202304391,20231218 00:00:00.000,20240302 00:00:00.000,USD,6324.90,0.00,6324.90,1
1822501,"",202304261,20231211 00:00:00.000,20240209 00:00:00.000,USD,6324.00,0.00,6324.00,1
1822501,"",202303653,20231030 00:00:00.000,20231229 00:00:00.000,USD,6297.20,0.00,6297.20,1
1275201,"",202303138,20230919 00:00:00.000,20231218 00:00:00.000,USD,6080.00,0.00,6080.00,1
1319905,"",202304357,20231214 00:00:00.000,20231229 00:00:00.000,USD,6076.68,0.00,6076.68,1
1275202,"",202303508,20231016 00:00:00.000,20240114 00:00:00.000,USD,5875.20,0.00,5875.20,1
1822501,"",202303989,20231127 00:00:00.000,20240126 00:00:00.000,USD,5745.00,0.00,5745.00,1
1577106,"",202304145,20231205 00:00:00.000,20240304 00:00:00.000,USD,5640.00,0.00,5640.00,1
1577106,"",202304291,20231212 00:00:00.000,20240311 00:00:00.000,USD,5585.44,0.00,5585.44,1
1577102,"",202303422,20231009 00:00:00.000,20240107 00:00:00.000,USD,5577.00,0.00,5577.00,1
1319905,"",202304455,20231219 00:00:00.000,20240103 00:00:00.000,USD,5563.97,0.00,5563.97,1
1577125,"",202303889,20231117 00:00:00.000,20240215 00:00:00.000,USD,5484.60,0.00,5484.60,1
1319905,"",202304333,20231214 00:00:00.000,20231229 00:00:00.000,USD,5220.00,0.00,5220.00,1
1577102,"",202304260,20231211 00:00:00.000,20240310 00:00:00.000,USD,5187.60,0.00,5187.60,1
1975001,"",202303390,20231006 00:00:00.000,20240104 00:00:00.000,USD,5100.00,0.00,5100.00,1
1822501,"",202304192,20231207 00:00:00.000,20240205 00:00:00.000,USD,5047.00,0.00,5047.00,1
1577102,"",202303557,20231023 00:00:00.000,20240121 00:00:00.000,USD,5019.30,0.00,5019.30,1
1577102,"",202303911,20231120 00:00:00.000,20240218 00:00:00.000,USD,5019.30,0.00,5019.30,1
1577102,"",202304121,20231204 00:00:00.000,20240303 00:00:00.000,USD,5019.30,0.00,5019.30,1
1456501,"",202303963,20231122 00:00:00.000,20240220 00:00:00.000,USD,4912.80,0.00,4912.80,1
1319905,"",202304201,20231207 00:00:00.000,20231222 00:00:00.000,USD,4864.05,0.00,4864.05,1
1319905,"",202304420,20231218 00:00:00.000,20240102 00:00:00.000,USD,4864.05,0.00,4864.05,1
1319905,"",202304482,20231220 00:00:00.000,20240104 00:00:00.000,USD,4864.05,0.00,4864.05,1
1577102,"",202303909,20231120 00:00:00.000,20240218 00:00:00.000,USD,4691.89,0.00,4691.89,1
1820701,"",202303891,20231117 00:00:00.000,20240101 00:00:00.000,USD,4684.50,0.00,4684.50,1
1577118,"",202303931,20231121 00:00:00.000,20240219 00:00:00.000,USD,4670.96,0.00,4670.96,1
1577102,"",202303266,20230928 00:00:00.000,20231227 00:00:00.000,USD,4598.75,0.00,4598.75,1
1577102,"",202303657,20231030 00:00:00.000,20240128 00:00:00.000,USD,4598.75,0.00,4598.75,1
1577118,"",202303801,20231107 00:00:00.000,20240205 00:00:00.000,USD,4498.20,0.00,4498.20,1
1577102,"",202303208,20230925 00:00:00.000,20231224 00:00:00.000,USD,4461.60,0.00,4461.60,1
1577102,"",202303741,20231103 00:00:00.000,20240201 00:00:00.000,USD,4461.60,0.00,4461.60,1
1577118,"",202303425,20231010 00:00:00.000,20240108 00:00:00.000,USD,4425.12,0.00,4425.12,1
1319905,"",202304434,20231218 00:00:00.000,20240102 00:00:00.000,USD,4341.76,0.00,4341.76,1
1577102,"",202303300,20231002 00:00:00.000,20231231 00:00:00.000,USD,4267.32,0.00,4267.32,1
1577102,"",202303856,20231113 00:00:00.000,20240211 00:00:00.000,USD,4267.32,0.00,4267.32,1
1577118,"",202303860,20231114 00:00:00.000,20240212 00:00:00.000,USD,4157.55,0.00,4157.55,1
1520804,"",202304252,20231211 00:00:00.000,20240209 00:00:00.000,USD,4127.50,0.00,4127.50,1
1319905,"",202304343,20231214 00:00:00.000,20231229 00:00:00.000,USD,4126.92,0.00,4126.92,1
1011301,"",202304075,20231201 00:00:00.000,20240130 00:00:00.000,USD,4097.99,0.00,4097.99,1
1011301,"",202304496,20231221 00:00:00.000,20240219 00:00:00.000,USD,4097.99,0.00,4097.99,1
1319905,"",202304071,20231130 00:00:00.000,20231215 00:00:00.000,USD,3850.00,0.00,3850.00,1
1577118,"",202303933,20231121 00:00:00.000,20240219 00:00:00.000,USD,3753.90,0.00,3753.90,1
1520801,"",202304404,20231218 00:00:00.000,20240302 00:00:00.000,USD,3689.68,0.00,3689.68,1
1319905,"",202304459,20231219 00:00:00.000,20240103 00:00:00.000,USD,3658.46,0.00,3658.46,1
1319905,"",202304344,20231214 00:00:00.000,20231229 00:00:00.000,USD,3635.55,0.00,3635.55,1
1319905,"",202304503,20231221 00:00:00.000,20240105 00:00:00.000,USD,3635.55,0.00,3635.55,1
1319905,"",202304284,20231211 00:00:00.000,20231226 00:00:00.000,USD,3510.15,0.00,3510.15,1
1577115,"",202303364,20231004 00:00:00.000,20240102 00:00:00.000,USD,3503.70,0.00,3503.70,1
1577102,"",202303857,20231113 00:00:00.000,20240211 00:00:00.000,USD,3497.51,0.00,3497.51,1
1577125,"",202303451,20231011 00:00:00.000,20240109 00:00:00.000,USD,3490.20,0.00,3490.20,1
1319905,"",202304206,20231207 00:00:00.000,20231222 00:00:00.000,USD,3483.20,0.00,3483.20,1
1319905,"",202304277,20231211 00:00:00.000,20231226 00:00:00.000,USD,3483.20,0.00,3483.20,1
1319905,"",202304305,20231212 00:00:00.000,20231227 00:00:00.000,USD,3483.20,0.00,3483.20,1
1319905,"",202304351,20231214 00:00:00.000,20231229 00:00:00.000,USD,3483.20,0.00,3483.20,1
1319905,"",202304382,20231215 00:00:00.000,20231230 00:00:00.000,USD,3483.20,0.00,3483.20,1
1319905,"",202304457,20231219 00:00:00.000,20240103 00:00:00.000,USD,3483.20,0.00,3483.20,1
1319905,"",202304507,20231221 00:00:00.000,20240105 00:00:00.000,USD,3483.20,0.00,3483.20,1
1319905,"",202304312,20231212 00:00:00.000,20231227 00:00:00.000,USD,3457.80,0.00,3457.80,1
1319905,"",202304433,20231218 00:00:00.000,20240102 00:00:00.000,USD,3457.80,0.00,3457.80,1
1319905,"",202304339,20231214 00:00:00.000,20231229 00:00:00.000,USD,3402.00,0.00,3402.00,1
1319905,"",202304425,20231218 00:00:00.000,20240102 00:00:00.000,USD,3375.94,0.00,3375.94,1
1520804,"",202304105,20231204 00:00:00.000,20240202 00:00:00.000,USD,3360.00,0.00,3360.00,1
1319905,"",202304337,20231214 00:00:00.000,20231229 00:00:00.000,USD,3334.50,0.00,3334.50,1
1319905,"",202304501,20231221 00:00:00.000,20240105 00:00:00.000,USD,3334.50,0.00,3334.50,1
1319905,"",202304272,20231211 00:00:00.000,20231226 00:00:00.000,USD,3242.70,0.00,3242.70,1
1319905,"",202304377,20231215 00:00:00.000,20231230 00:00:00.000,USD,3242.70,0.00,3242.70,1
1319905,"",202304454,20231219 00:00:00.000,20240103 00:00:00.000,USD,3242.70,0.00,3242.70,1
1319905,"",202304505,20231221 00:00:00.000,20240105 00:00:00.000,USD,3242.70,0.00,3242.70,1
1577102,"",202303740,20231103 00:00:00.000,20240201 00:00:00.000,USD,3194.40,0.00,3194.40,1
1822501,"",202304051,20231130 00:00:00.000,20240129 00:00:00.000,USD,3162.00,0.00,3162.00,1
1822501,"",202303511,20231016 00:00:00.000,20231215 00:00:00.000,USD,3030.00,0.00,3030.00,1
1577106,"",202304288,20231212 00:00:00.000,20240311 00:00:00.000,USD,2974.20,0.00,2974.20,1
1319905,"",202304358,20231214 00:00:00.000,20231229 00:00:00.000,USD,2967.58,0.00,2967.58,1
1975001,"",202304292,20231212 00:00:00.000,20240311 00:00:00.000,USD,2953.60,0.00,2953.60,1
1520804,"",202304107,20231204 00:00:00.000,20240202 00:00:00.000,USD,2857.50,0.00,2857.50,1
1803601,"",202303822,20231108 00:00:00.000,20240107 00:00:00.000,USD,2825.00,0.00,2825.00,1
1319905,"",202304234,20231208 00:00:00.000,20231223 00:00:00.000,USD,2810.25,0.00,2810.25,1
1577102,"",202303298,20231002 00:00:00.000,20231231 00:00:00.000,USD,2809.28,0.00,2809.28,1
1275203,"",202303120,20230918 00:00:00.000,20231217 00:00:00.000,USD,2798.00,0.00,2798.00,1
1275203,"",202303334,20231003 00:00:00.000,20240101 00:00:00.000,USD,2798.00,0.00,2798.00,1
1275203,"",202303854,20231113 00:00:00.000,20240211 00:00:00.000,USD,2798.00,0.00,2798.00,1
1275203,"",202303983,20231127 00:00:00.000,20240225 00:00:00.000,USD,2798.00,0.00,2798.00,1
1275203,"",202304396,20231218 00:00:00.000,20240317 00:00:00.000,USD,2798.00,0.00,2798.00,1
1319201,"",202304367,20231215 00:00:00.000,20240114 00:00:00.000,USD,2774.40,0.00,2774.40,1
1319905,"",202304306,20231212 00:00:00.000,20231227 00:00:00.000,USD,2733.89,0.00,2733.89,1
1319905,"",202304489,20231220 00:00:00.000,20240104 00:00:00.000,USD,2733.44,0.00,2733.44,1
1319905,"",202304522,20231228 00:00:00.000,20240112 00:00:00.000,USD,2697.00,0.00,2697.00,1
1577102,"",202303660,20231030 00:00:00.000,20240128 00:00:00.000,USD,2678.28,0.00,2678.28,1
1577118,"",202304443,20231219 00:00:00.000,20240318 00:00:00.000,USD,2657.60,0.00,2657.60,1
1319905,"",202304194,20231207 00:00:00.000,20231222 00:00:00.000,USD,2610.00,0.00,2610.00,1
1319905,"",202304232,20231208 00:00:00.000,20231223 00:00:00.000,USD,2610.00,0.00,2610.00,1
1319905,"",202304264,20231211 00:00:00.000,20231226 00:00:00.000,USD,2610.00,0.00,2610.00,1
1319905,"",202304296,20231212 00:00:00.000,20231227 00:00:00.000,USD,2610.00,0.00,2610.00,1
1319905,"",202304371,20231215 00:00:00.000,20231230 00:00:00.000,USD,2610.00,0.00,2610.00,1
1319905,"",202304413,20231218 00:00:00.000,20240102 00:00:00.000,USD,2610.00,0.00,2610.00,1
1319905,"",202304476,20231220 00:00:00.000,20240104 00:00:00.000,USD,2610.00,0.00,2610.00,1
1319905,"",202304499,20231221 00:00:00.000,20240105 00:00:00.000,USD,2610.00,0.00,2610.00,1
1456501,"",202303113,20230918 00:00:00.000,20231217 00:00:00.000,USD,2564.00,0.00,2564.00,1
1456501,"",202303293,20231002 00:00:00.000,20231231 00:00:00.000,USD,2564.00,0.00,2564.00,1
1456501,"",202303503,20231016 00:00:00.000,20240114 00:00:00.000,USD,2564.00,0.00,2564.00,1
1456501,"",202304114,20231204 00:00:00.000,20240303 00:00:00.000,USD,2564.00,0.00,2564.00,1
1456501,"",202304389,20231218 00:00:00.000,20240317 00:00:00.000,USD,2564.00,0.00,2564.00,1
1456501,"",202304399,20231218 00:00:00.000,20240317 00:00:00.000,USD,2564.00,0.00,2564.00,1
1011301,"",202304074,20231201 00:00:00.000,20240130 00:00:00.000,USD,2563.20,0.00,2563.20,1
1714901,"",202303729,20231103 00:00:00.000,20240102 00:00:00.000,USD,2523.54,0.00,2523.54,1
1520804,"",202304250,20231211 00:00:00.000,20240209 00:00:00.000,USD,2520.00,0.00,2520.00,1
1822501,"",202304081,20231201 00:00:00.000,20240130 00:00:00.000,USD,2508.00,0.00,2508.00,1
1283301,"",202304111,20231204 00:00:00.000,20240103 00:00:00.000,USD,2496.20,0.00,2496.20,1
1577125,"",202303691,20231101 00:00:00.000,20240130 00:00:00.000,USD,2493.00,0.00,2493.00,1
1577102,"",202303658,20231030 00:00:00.000,20240128 00:00:00.000,USD,2475.85,0.00,2475.85,1
1822501,"",202303922,20231120 00:00:00.000,20240119 00:00:00.000,USD,2466.88,0.00,2466.88,1
1456501,"",202303884,20231116 00:00:00.000,20240214 00:00:00.000,USD,2456.40,0.00,2456.40,1
1456501,"",202303958,20231122 00:00:00.000,20240220 00:00:00.000,USD,2456.40,0.00,2456.40,1
1456501,"",202304323,20231213 00:00:00.000,20240312 00:00:00.000,USD,2456.40,0.00,2456.40,1
1456501,"",202304400,20231218 00:00:00.000,20240317 00:00:00.000,USD,2456.40,0.00,2456.40,1
1275203,"",202303806,20231107 00:00:00.000,20240205 00:00:00.000,USD,2451.60,0.00,2451.60,1
1275203,"",202302799,20230821 00:00:00.000,20231119 00:00:00.000,USD,2432.00,0.00,2432.00,1
1275203,"",202303018,20230908 00:00:00.000,20231207 00:00:00.000,USD,2432.00,0.00,2432.00,1
1275203,"",202303118,20230918 00:00:00.000,20231217 00:00:00.000,USD,2432.00,0.00,2432.00,1
1275203,"",202303289,20231002 00:00:00.000,20231231 00:00:00.000,USD,2432.00,0.00,2432.00,1
1275203,"",202303418,20231009 00:00:00.000,20240107 00:00:00.000,USD,2432.00,0.00,2432.00,1
1275203,"",202303499,20231016 00:00:00.000,20240114 00:00:00.000,USD,2432.00,0.00,2432.00,1
1275203,"",202303554,20231023 00:00:00.000,20240121 00:00:00.000,USD,2432.00,0.00,2432.00,1
1275203,"",202303777,20231106 00:00:00.000,20240204 00:00:00.000,USD,2432.00,0.00,2432.00,1
1275203,"",202303853,20231113 00:00:00.000,20240211 00:00:00.000,USD,2432.00,0.00,2432.00,1
1275203,"",202303982,20231127 00:00:00.000,20240225 00:00:00.000,USD,2432.00,0.00,2432.00,1
1275203,"",202304109,20231204 00:00:00.000,20240303 00:00:00.000,USD,2432.00,0.00,2432.00,1
1275203,"",202304394,20231218 00:00:00.000,20240317 00:00:00.000,USD,2432.00,0.00,2432.00,1
1319903,"",202304256,20231211 00:00:00.000,20231226 00:00:00.000,USD,2427.20,0.00,2427.20,1
1822501,"",202303387,20231006 00:00:00.000,20231205 00:00:00.000,USD,2425.92,0.00,2425.92,1
1319905,"",202304282,20231211 00:00:00.000,20231226 00:00:00.000,USD,2422.87,0.00,2422.87,1
1319905,"",202304490,20231220 00:00:00.000,20240104 00:00:00.000,USD,2422.87,0.00,2422.87,1
1011301,"",202304495,20231221 00:00:00.000,20240219 00:00:00.000,USD,2420.80,0.00,2420.80,1
1456501,"",202303129,20230918 00:00:00.000,20231217 00:00:00.000,USD,2373.12,0.00,2373.12,1
1456501,"",202303304,20231002 00:00:00.000,20231231 00:00:00.000,USD,2373.12,0.00,2373.12,1
1456501,"",202303379,20231005 00:00:00.000,20240103 00:00:00.000,USD,2373.12,0.00,2373.12,1
1456501,"",202303519,20231018 00:00:00.000,20240116 00:00:00.000,USD,2373.12,0.00,2373.12,1
1822501,"",202304366,20231215 00:00:00.000,20240213 00:00:00.000,USD,2328.00,0.00,2328.00,1
1577102,"",202303506,20231016 00:00:00.000,20240114 00:00:00.000,USD,2325.84,0.00,2325.84,1
1275203,"",202303420,20231009 00:00:00.000,20240107 00:00:00.000,USD,2306.56,0.00,2306.56,1
1275203,"",202303655,20231030 00:00:00.000,20240128 00:00:00.000,USD,2306.56,0.00,2306.56,1
1820701,"",202303892,20231117 00:00:00.000,20240101 00:00:00.000,USD,2300.00,0.00,2300.00,1
1822501,"",202303973,20231122 00:00:00.000,20240121 00:00:00.000,USD,2277.00,0.00,2277.00,1
1319905,"",202304197,20231207 00:00:00.000,20231222 00:00:00.000,USD,2268.00,0.00,2268.00,1
1283301,"",202303996,20231127 00:00:00.000,20231227 00:00:00.000,USD,2246.58,0.00,2246.58,1
1520804,"",202304253,20231211 00:00:00.000,20240209 00:00:00.000,USD,2224.50,0.00,2224.50,1
1319905,"",202304243,20231208 00:00:00.000,20231223 00:00:00.000,USD,2195.08,0.00,2195.08,1
1319905,"",202304280,20231211 00:00:00.000,20231226 00:00:00.000,USD,2195.08,0.00,2195.08,1
1577106,"",202303236,20230926 00:00:00.000,20231225 00:00:00.000,USD,2181.08,0.00,2181.08,1
1822501,"",202303730,20231103 00:00:00.000,20240102 00:00:00.000,USD,2163.00,0.00,2163.00,1
1738501,"",202303510,20231016 00:00:00.000,20240114 00:00:00.000,USD,2125.00,0.00,2125.00,1
1738507,"",202304220,20231208 00:00:00.000,20240122 00:00:00.000,USD,2122.40,0.00,2122.40,1
1577118,"",202304441,20231219 00:00:00.000,20240318 00:00:00.000,USD,2087.40,0.00,2087.40,1
1520804,"",202304108,20231204 00:00:00.000,20240202 00:00:00.000,USD,2046.54,0.00,2046.54,1
1319905,"",202304460,20231219 00:00:00.000,20240103 00:00:00.000,USD,2025.56,0.00,2025.56,1
1319905,"",202304488,20231220 00:00:00.000,20240104 00:00:00.000,USD,2025.56,0.00,2025.56,1
1822501,"",202304219,20231208 00:00:00.000,20240206 00:00:00.000,USD,2019.15,0.00,2019.15,1
1577125,"",202303637,20231026 00:00:00.000,20240124 00:00:00.000,USD,1994.40,0.00,1994.40,1
1577106,"",202303680,20231031 00:00:00.000,20240129 00:00:00.000,USD,1982.80,0.00,1982.80,1
1577106,"",202304436,20231219 00:00:00.000,20240318 00:00:00.000,USD,1982.80,0.00,1982.80,1
1319905,"",202304521,20231222 00:00:00.000,20240106 00:00:00.000,USD,1950.00,0.00,1950.00,1
1520804,"",202304106,20231204 00:00:00.000,20240202 00:00:00.000,USD,1939.28,0.00,1939.28,1
1520804,"",202304251,20231211 00:00:00.000,20240209 00:00:00.000,USD,1939.28,0.00,1939.28,1
1577102,"",202303295,20231002 00:00:00.000,20231231 00:00:00.000,USD,1904.50,0.00,1904.50,1
1577102,"",202303915,20231120 00:00:00.000,20240218 00:00:00.000,USD,1880.20,0.00,1880.20,1
1577106,"",202303804,20231107 00:00:00.000,20240205 00:00:00.000,USD,1863.80,0.00,1863.80,1
1456501,"",202304320,20231213 00:00:00.000,20240312 00:00:00.000,USD,1833.60,0.00,1833.60,1
1456501,"",202304398,20231218 00:00:00.000,20240317 00:00:00.000,USD,1833.60,0.00,1833.60,1
1577106,"",202303927,20231121 00:00:00.000,20240219 00:00:00.000,USD,1829.70,0.00,1829.70,1
1577102,"",202303450,20231011 00:00:00.000,20240109 00:00:00.000,USD,1821.42,0.00,1821.42,1
1577102,"",202303743,20231103 00:00:00.000,20240201 00:00:00.000,USD,1821.42,0.00,1821.42,1
1319903,"",202304126,20231204 00:00:00.000,20231219 00:00:00.000,USD,1820.40,0.00,1820.40,1
1052001,"",202303980,20231127 00:00:00.000,20231227 00:00:00.000,USD,1800.00,0.00,1800.00,1
1822501,"",202304295,20231212 00:00:00.000,20240210 00:00:00.000,USD,1800.00,0.00,1800.00,1
1577106,"",202303591,20231024 00:00:00.000,20240122 00:00:00.000,USD,1793.80,0.00,1793.80,1
1577118,"",202303240,20230926 00:00:00.000,20231225 00:00:00.000,USD,1789.20,0.00,1789.20,1
1577106,"",202303803,20231107 00:00:00.000,20240205 00:00:00.000,USD,1789.20,0.00,1789.20,1
1577106,"",202304435,20231219 00:00:00.000,20240318 00:00:00.000,USD,1789.20,0.00,1789.20,1
1275203,"",202302800,20230821 00:00:00.000,20231119 00:00:00.000,USD,1784.00,0.00,1784.00,1
1275203,"",202302866,20230828 00:00:00.000,20231126 00:00:00.000,USD,1784.00,0.00,1784.00,1
1275203,"",202303119,20230918 00:00:00.000,20231217 00:00:00.000,USD,1784.00,0.00,1784.00,1
1275203,"",202303419,20231009 00:00:00.000,20240107 00:00:00.000,USD,1784.00,0.00,1784.00,1
1275203,"",202303555,20231023 00:00:00.000,20240121 00:00:00.000,USD,1784.00,0.00,1784.00,1
1275203,"",202303778,20231106 00:00:00.000,20240204 00:00:00.000,USD,1784.00,0.00,1784.00,1
1275203,"",202303917,20231120 00:00:00.000,20240218 00:00:00.000,USD,1784.00,0.00,1784.00,1
1275203,"",202304388,20231218 00:00:00.000,20240317 00:00:00.000,USD,1784.00,0.00,1784.00,1
1275203,"",202304395,20231218 00:00:00.000,20240317 00:00:00.000,USD,1784.00,0.00,1784.00,1
1822501,"",202303512,20231016 00:00:00.000,20231215 00:00:00.000,USD,1781.34,0.00,1781.34,1
1520801,"",202304039,20231129 00:00:00.000,20240212 00:00:00.000,USD,1736.32,0.00,1736.32,1
1820701,"",202303890,20231117 00:00:00.000,20240101 00:00:00.000,USD,1736.00,0.00,1736.00,1
1822501,"",202304319,20231213 00:00:00.000,20240211 00:00:00.000,USD,1732.80,0.00,1732.80,1
1738501,"",202303091,20230915 00:00:00.000,20231214 00:00:00.000,USD,1714.34,0.00,1714.34,1
1738501,"",202303993,20231127 00:00:00.000,20240225 00:00:00.000,USD,1714.34,0.00,1714.34,1
1319905,"",202304241,20231208 00:00:00.000,20231223 00:00:00.000,USD,1687.97,0.00,1687.97,1
1319905,"",202304278,20231211 00:00:00.000,20231226 00:00:00.000,USD,1687.97,0.00,1687.97,1
1319905,"",202304352,20231214 00:00:00.000,20231229 00:00:00.000,USD,1687.97,0.00,1687.97,1
1319905,"",202304383,20231215 00:00:00.000,20231230 00:00:00.000,USD,1687.97,0.00,1687.97,1
1319905,"",202304508,20231221 00:00:00.000,20240105 00:00:00.000,USD,1687.97,0.00,1687.97,1
1034704,"",202304171,20231206 00:00:00.000,20240219 00:00:00.000,USD,1686.65,0.00,1686.65,1
1577106,"",202303237,20230926 00:00:00.000,20231225 00:00:00.000,USD,1657.00,0.00,1657.00,1
1456501,"",202304189,20231207 00:00:00.000,20240306 00:00:00.000,USD,1648.84,0.00,1648.84,1
1577102,"",202303659,20231030 00:00:00.000,20240128 00:00:00.000,USD,1638.18,0.00,1638.18,1
1975001,"",202303216,20230925 00:00:00.000,20231224 00:00:00.000,USD,1601.60,0.00,1601.60,1
1975001,"",202303694,20231101 00:00:00.000,20240130 00:00:00.000,USD,1601.60,0.00,1601.60,1
1975001,"",202304473,20231220 00:00:00.000,20240319 00:00:00.000,USD,1601.60,0.00,1601.60,1
1319903,"",202304254,20231211 00:00:00.000,20231226 00:00:00.000,USD,1573.60,0.00,1573.60,1
1275201,"",202303934,20231121 00:00:00.000,20240219 00:00:00.000,USD,1558.00,0.00,1558.00,1
1034704,"",202303611,20231025 00:00:00.000,20240108 00:00:00.000,USD,1517.99,0.00,1517.99,1
1034704,"",202303827,20231108 00:00:00.000,20240122 00:00:00.000,USD,1517.99,0.00,1517.99,1
1319905,"",202304208,20231207 00:00:00.000,20231222 00:00:00.000,USD,1482.82,0.00,1482.82,1
1319905,"",202304207,20231207 00:00:00.000,20231222 00:00:00.000,USD,1474.03,0.00,1474.03,1
1275203,"",202303291,20231002 00:00:00.000,20231231 00:00:00.000,USD,1407.60,0.00,1407.60,1
1275203,"",202303654,20231030 00:00:00.000,20240128 00:00:00.000,USD,1407.60,0.00,1407.60,1
1275203,"",202303984,20231127 00:00:00.000,20240225 00:00:00.000,USD,1407.60,0.00,1407.60,1
1275203,"",202304397,20231218 00:00:00.000,20240317 00:00:00.000,USD,1407.60,0.00,1407.60,1
1928301,"",202304512,20231222 00:00:00.000,20240220 00:00:00.000,USD,1402.45,0.00,1402.45,1
1275203,"",202304293,20231212 00:00:00.000,20240311 00:00:00.000,USD,1388.00,0.00,1388.00,1
1577106,"",202303336,20231003 00:00:00.000,20240101 00:00:00.000,USD,1387.96,0.00,1387.96,1
1129701,"",202304324,20231213 00:00:00.000,20240211 00:00:00.000,USD,1384.00,0.00,1384.00,1
1052001,"",202304408,20231218 00:00:00.000,20240117 00:00:00.000,USD,1380.00,0.00,1380.00,1
1319905,"",202304214,20231207 00:00:00.000,20231222 00:00:00.000,USD,1370.40,0.00,1370.40,1
1839204,"",202304472,20231220 00:00:00.000,20240218 00:00:00.000,USD,1354.40,0.00,1354.40,1
1283301,"",202304110,20231204 00:00:00.000,20240103 00:00:00.000,USD,1345.80,0.00,1345.80,1
1319905,"",202304336,20231214 00:00:00.000,20231229 00:00:00.000,USD,1334.40,0.00,1334.40,1
1577118,"",202303932,20231121 00:00:00.000,20240219 00:00:00.000,USD,1328.80,0.00,1328.80,1
1520801,"",202304173,20231206 00:00:00.000,20240219 00:00:00.000,USD,1317.20,0.00,1317.20,1
1319905,"",202304211,20231207 00:00:00.000,20231222 00:00:00.000,USD,1286.14,0.00,1286.14,1
1319904,"",202304226,20231208 00:00:00.000,20240107 00:00:00.000,USD,1286.14,0.00,1286.14,1
1456501,"",202303562,20231023 00:00:00.000,20240121 00:00:00.000,USD,1282.00,0.00,1282.00,1
1456501,"",202303919,20231120 00:00:00.000,20240218 00:00:00.000,USD,1282.00,0.00,1282.00,1
1719501,"",202304080,20231201 00:00:00.000,20231231 00:00:00.000,USD,1280.00,0.00,1280.00,1
1456501,"",202303168,20230920 00:00:00.000,20231219 00:00:00.000,USD,1268.40,0.00,1268.40,1
1456501,"",202304115,20231204 00:00:00.000,20240303 00:00:00.000,USD,1268.40,0.00,1268.40,1
1456501,"",202304401,20231218 00:00:00.000,20240317 00:00:00.000,USD,1268.40,0.00,1268.40,1
1577102,"",202303972,20231122 00:00:00.000,20240220 00:00:00.000,USD,1261.40,0.00,1261.40,1
1319905,"",202304196,20231207 00:00:00.000,20231222 00:00:00.000,USD,1257.20,0.00,1257.20,1
1456501,"",202303039,20230911 00:00:00.000,20231210 00:00:00.000,USD,1228.20,0.00,1228.20,1
1456501,"",202303114,20230918 00:00:00.000,20231217 00:00:00.000,USD,1228.20,0.00,1228.20,1
1456501,"",202303212,20230925 00:00:00.000,20231224 00:00:00.000,USD,1228.20,0.00,1228.20,1
1456501,"",202303294,20231002 00:00:00.000,20231231 00:00:00.000,USD,1228.20,0.00,1228.20,1
1456501,"",202303423,20231009 00:00:00.000,20240107 00:00:00.000,USD,1228.20,0.00,1228.20,1
1456501,"",202303870,20231115 00:00:00.000,20240213 00:00:00.000,USD,1228.20,0.00,1228.20,1
1456501,"",202303871,20231115 00:00:00.000,20240213 00:00:00.000,USD,1228.20,0.00,1228.20,1
1275203,"",202303290,20231002 00:00:00.000,20231231 00:00:00.000,USD,1225.80,0.00,1225.80,1
1275203,"",202303596,20231024 00:00:00.000,20240122 00:00:00.000,USD,1225.80,0.00,1225.80,1
1577106,"",202303238,20230926 00:00:00.000,20231225 00:00:00.000,USD,1219.80,0.00,1219.80,1
1577118,"",202303239,20230926 00:00:00.000,20231225 00:00:00.000,USD,1219.80,0.00,1219.80,1
1577106,"",202304290,20231212 00:00:00.000,20240311 00:00:00.000,USD,1219.80,0.00,1219.80,1
1319905,"",202304354,20231214 00:00:00.000,20231229 00:00:00.000,USD,1219.49,0.00,1219.49,1
1319905,"",202304426,20231218 00:00:00.000,20240102 00:00:00.000,USD,1219.49,0.00,1219.49,1
1577102,"",202303556,20231023 00:00:00.000,20240121 00:00:00.000,USD,1208.96,0.00,1208.96,1
1577106,"",202303235,20230926 00:00:00.000,20231225 00:00:00.000,USD,1192.80,0.00,1192.80,1
1577106,"",202303924,20231121 00:00:00.000,20240219 00:00:00.000,USD,1192.80,0.00,1192.80,1
1577118,"",202303930,20231121 00:00:00.000,20240219 00:00:00.000,USD,1192.80,0.00,1192.80,1
1577106,"",202304287,20231212 00:00:00.000,20240311 00:00:00.000,USD,1192.80,0.00,1192.80,1
1034704,"",202304038,20231129 00:00:00.000,20240212 00:00:00.000,USD,1180.66,0.00,1180.66,1
1577102,"",202303299,20231002 00:00:00.000,20231231 00:00:00.000,USD,1162.40,0.00,1162.40,1
1577102,"",202303742,20231103 00:00:00.000,20240201 00:00:00.000,USD,1162.40,0.00,1162.40,1
1577102,"",202303912,20231120 00:00:00.000,20240218 00:00:00.000,USD,1162.40,0.00,1162.40,1
1577102,"",202304122,20231204 00:00:00.000,20240303 00:00:00.000,USD,1162.40,0.00,1162.40,1
1820701,"",202303772,20231106 00:00:00.000,20231221 00:00:00.000,USD,1150.00,0.00,1150.00,1
1820701,"",202304411,20231218 00:00:00.000,20240201 00:00:00.000,USD,1150.00,0.00,1150.00,1
1275203,"",202303467,20231013 00:00:00.000,20240111 00:00:00.000,USD,1139.50,0.00,1139.50,1
1456501,"",202303858,20231113 00:00:00.000,20240211 00:00:00.000,USD,1134.40,0.00,1134.40,1
1456501,"",202304112,20231204 00:00:00.000,20240303 00:00:00.000,USD,1134.40,0.00,1134.40,1
1577102,"",202303820,20231108 00:00:00.000,20240206 00:00:00.000,USD,1128.00,0.00,1128.00,1
1319905,"",202304462,20231219 00:00:00.000,20240103 00:00:00.000,USD,1126.80,0.00,1126.80,1
1456501,"",202304322,20231213 00:00:00.000,20240312 00:00:00.000,USD,1122.00,0.00,1122.00,1
1520801,"",202304405,20231218 00:00:00.000,20240302 00:00:00.000,USD,1108.16,0.00,1108.16,1
1001401,"",202304467,20231220 00:00:00.000,20240119 00:00:00.000,USD,1102.72,0.00,1102.72,1
1456501,"",202304188,20231207 00:00:00.000,20240306 00:00:00.000,USD,1099.22,0.00,1099.22,1
1034704,"",202304390,20231218 00:00:00.000,20240302 00:00:00.000,USD,1097.60,0.00,1097.60,1
1520801,"",202304172,20231206 00:00:00.000,20240219 00:00:00.000,USD,1085.20,0.00,1085.20,1
1577102,"",202303738,20231103 00:00:00.000,20240201 00:00:00.000,USD,1057.50,0.00,1057.50,1
1275203,"",202303821,20231108 00:00:00.000,20240206 00:00:00.000,USD,1057.50,0.00,1057.50,1
1577102,"",202303421,20231009 00:00:00.000,20240107 00:00:00.000,USD,1016.00,0.00,1016.00,1
1740001,"",202304471,20231220 00:00:00.000,20240218 00:00:00.000,USD,1014.90,0.00,1014.90,1
1577125,"",202303869,20231115 00:00:00.000,20240213 00:00:00.000,USD,997.20,0.00,997.20,1
1577106,"",202303681,20231031 00:00:00.000,20240129 00:00:00.000,USD,991.40,0.00,991.40,1
1822501,"",202304497,20231221 00:00:00.000,20240219 00:00:00.000,USD,981.00,0.00,981.00,1
1319905,"",202304345,20231214 00:00:00.000,20231229 00:00:00.000,USD,979.55,0.00,979.55,1
1577106,"",202303682,20231031 00:00:00.000,20240129 00:00:00.000,USD,975.84,0.00,975.84,1
1577102,"",202304286,20231212 00:00:00.000,20240311 00:00:00.000,USD,969.10,0.00,969.10,1
1319905,"",202304198,20231207 00:00:00.000,20231222 00:00:00.000,USD,966.40,0.00,966.40,1
1577102,"",202303910,20231120 00:00:00.000,20240218 00:00:00.000,USD,962.53,0.00,962.53,1
1577102,"",202303986,20231127 00:00:00.000,20240225 00:00:00.000,USD,952.25,0.00,952.25,1
1577102,"",202304259,20231211 00:00:00.000,20240310 00:00:00.000,USD,952.25,0.00,952.25,1
1549801,"",202302991,20230901 00:00:00.000,20231031 00:00:00.000,USD,1650.04,700.04,950.00,1
1456501,"",202303504,20231016 00:00:00.000,20240114 00:00:00.000,USD,921.15,0.00,921.15,1
1456501,"",202303292,20231002 00:00:00.000,20231231 00:00:00.000,USD,916.80,0.00,916.80,1
1456501,"",202303502,20231016 00:00:00.000,20240114 00:00:00.000,USD,916.80,0.00,916.80,1
1456501,"",202303651,20231030 00:00:00.000,20240128 00:00:00.000,USD,916.80,0.00,916.80,1
1456501,"",202303990,20231127 00:00:00.000,20240225 00:00:00.000,USD,916.80,0.00,916.80,1
1577102,"",202303985,20231127 00:00:00.000,20240225 00:00:00.000,USD,906.72,0.00,906.72,1
1577106,"",202303426,20231010 00:00:00.000,20240108 00:00:00.000,USD,894.60,0.00,894.60,1
1319905,"",202304361,20231214 00:00:00.000,20231229 00:00:00.000,USD,887.40,0.00,887.40,1
1577102,"",202304469,20231220 00:00:00.000,20240319 00:00:00.000,USD,871.20,0.00,871.20,1
1577118,"",202304445,20231219 00:00:00.000,20240318 00:00:00.000,USD,858.00,0.00,858.00,1
1738501,"",202303566,20231023 00:00:00.000,20240121 00:00:00.000,USD,857.17,0.00,857.17,1
1738501,"",202302940,20230831 00:00:00.000,20231129 00:00:00.000,USD,850.00,0.00,850.00,1
1822501,"",202304448,20231219 00:00:00.000,20240217 00:00:00.000,USD,835.00,0.00,835.00,1
1520801,"",202304407,20231218 00:00:00.000,20240302 00:00:00.000,USD,823.25,0.00,823.25,1
1567903,"",202304079,20231201 00:00:00.000,20231231 00:00:00.000,USD,820.80,0.00,820.80,1
1319904,"",202304224,20231208 00:00:00.000,20240107 00:00:00.000,USD,805.02,0.00,805.02,1
1275202,"",202304498,20231221 00:00:00.000,20240320 00:00:00.000,USD,800.00,0.00,800.00,1
1577112,"",202303731,20231103 00:00:00.000,20240201 00:00:00.000,USD,794.10,0.00,794.10,1
1456501,"",202303614,20231025 00:00:00.000,20240123 00:00:00.000,USD,792.00,0.00,792.00,1
1577102,"",202303296,20231002 00:00:00.000,20231231 00:00:00.000,USD,775.28,0.00,775.28,1
1577102,"",202304118,20231204 00:00:00.000,20240303 00:00:00.000,USD,775.28,0.00,775.28,1
1316101,"",202304364,20231215 00:00:00.000,20240114 00:00:00.000,USD,753.90,0.00,753.90,1
1577106,"",202303928,20231121 00:00:00.000,20240219 00:00:00.000,USD,752.00,0.00,752.00,1
1714901,"",202303840,20231110 00:00:00.000,20240109 00:00:00.000,USD,750.00,0.00,750.00,1
1127701,"",202303894,20231117 00:00:00.000,20231217 00:00:00.000,USD,750.00,0.00,750.00,1
1714901,"",202304123,20231204 00:00:00.000,20240202 00:00:00.000,USD,750.00,0.00,750.00,1
1456501,"",202303534,20231020 00:00:00.000,20240118 00:00:00.000,USD,742.50,0.00,742.50,1
1820701,"",202303823,20231108 00:00:00.000,20231223 00:00:00.000,USD,737.00,0.00,737.00,1
1577118,"",202303929,20231121 00:00:00.000,20240219 00:00:00.000,USD,731.88,0.00,731.88,1
1577118,"",202304440,20231219 00:00:00.000,20240318 00:00:00.000,USD,731.88,0.00,731.88,1
1456501,"",202303918,20231120 00:00:00.000,20240218 00:00:00.000,USD,729.20,0.00,729.20,1
1456501,"",202304113,20231204 00:00:00.000,20240303 00:00:00.000,USD,729.20,0.00,729.20,1
1516101,"",202304317,20231213 00:00:00.000,20240127 00:00:00.000,USD,725.04,0.00,725.04,1
1822501,"",202303923,20231120 00:00:00.000,20240119 00:00:00.000,USD,721.90,0.00,721.90,1
1456501,"",202304321,20231213 00:00:00.000,20240312 00:00:00.000,USD,713.60,0.00,713.60,1
1456501,"",202304468,20231220 00:00:00.000,20240319 00:00:00.000,USD,713.60,0.00,713.60,1
1822501,"",202303676,20231031 00:00:00.000,20231230 00:00:00.000,USD,712.80,0.00,712.80,1
1034704,"",202304315,20231213 00:00:00.000,20240226 00:00:00.000,USD,685.60,0.00,685.60,1
1319905,"",202304432,20231218 00:00:00.000,20240102 00:00:00.000,USD,685.20,0.00,685.20,1
1456501,"",202304447,20231219 00:00:00.000,20240318 00:00:00.000,USD,680.00,0.00,680.00,1
1034704,"",202303517,20231018 00:00:00.000,20240101 00:00:00.000,USD,674.66,0.00,674.66,1
1456501,"",202303117,20230918 00:00:00.000,20231217 00:00:00.000,USD,672.25,0.00,672.25,1
1036711,"",202303303,20231002 00:00:00.000,20231101 00:00:00.000,USD,670.15,0.00,670.15,1
1036711,"",202303652,20231030 00:00:00.000,20231129 00:00:00.000,USD,670.15,0.00,670.15,1
1738501,"",202303092,20230915 00:00:00.000,20231214 00:00:00.000,USD,667.50,0.00,667.50,1
1738501,"",202303994,20231127 00:00:00.000,20240225 00:00:00.000,USD,667.50,0.00,667.50,1
1319903,"",202304125,20231204 00:00:00.000,20231219 00:00:00.000,USD,667.20,0.00,667.20,1
1319903,"",202304255,20231211 00:00:00.000,20231226 00:00:00.000,USD,667.20,0.00,667.20,1
1319905,"",202304267,20231211 00:00:00.000,20231226 00:00:00.000,USD,667.20,0.00,667.20,1
1319905,"",202304415,20231218 00:00:00.000,20240102 00:00:00.000,USD,667.20,0.00,667.20,1
1319905,"",202304478,20231220 00:00:00.000,20240104 00:00:00.000,USD,667.20,0.00,667.20,1
1577106,"",202303925,20231121 00:00:00.000,20240219 00:00:00.000,USD,663.50,0.00,663.50,1
1520801,"",202304041,20231129 00:00:00.000,20240212 00:00:00.000,USD,658.60,0.00,658.60,1
1034704,"",202304037,20231129 00:00:00.000,20240212 00:00:00.000,USD,658.32,0.00,658.32,1
1319905,"",202304381,20231215 00:00:00.000,20231230 00:00:00.000,USD,656.10,0.00,656.10,1
1577102,"",202303297,20231002 00:00:00.000,20231231 00:00:00.000,USD,655.27,0.00,655.27,1
1577102,"",202303507,20231016 00:00:00.000,20240114 00:00:00.000,USD,655.27,0.00,655.27,1
1852806,"",202303567,20231023 00:00:00.000,20231222 00:00:00.000,USD,655.20,0.00,655.20,1
1577102,"",202303380,20231005 00:00:00.000,20240103 00:00:00.000,USD,642.40,0.00,642.40,1
1275201,"",202303038,20230911 00:00:00.000,20231210 00:00:00.000,USD,640.20,0.00,640.20,1
1275203,"",202303500,20231016 00:00:00.000,20240114 00:00:00.000,USD,640.20,0.00,640.20,1
1319905,"",202304353,20231214 00:00:00.000,20231229 00:00:00.000,USD,637.56,0.00,637.56,1
1319905,"",202304458,20231219 00:00:00.000,20240103 00:00:00.000,USD,637.56,0.00,637.56,1
1456501,"",202303116,20230918 00:00:00.000,20231217 00:00:00.000,USD,634.20,0.00,634.20,1
1456501,"",202303128,20230918 00:00:00.000,20231217 00:00:00.000,USD,634.20,0.00,634.20,1
1456501,"",202303167,20230920 00:00:00.000,20231219 00:00:00.000,USD,634.20,0.00,634.20,1
1520804,"",202304102,20231204 00:00:00.000,20240202 00:00:00.000,USD,631.50,0.00,631.50,1
1520804,"",202304103,20231204 00:00:00.000,20240202 00:00:00.000,USD,630.60,0.00,630.60,1
1520804,"",202304249,20231211 00:00:00.000,20240209 00:00:00.000,USD,630.60,0.00,630.60,1
1520801,"",202304406,20231218 00:00:00.000,20240302 00:00:00.000,USD,630.60,0.00,630.60,1
1319905,"",202304355,20231214 00:00:00.000,20231229 00:00:00.000,USD,628.05,0.00,628.05,1
1034704,"",202303961,20231122 00:00:00.000,20240205 00:00:00.000,USD,627.95,0.00,627.95,1
1034704,"",202304316,20231213 00:00:00.000,20240226 00:00:00.000,USD,627.95,0.00,627.95,1
1456501,"",202304330,20231214 00:00:00.000,20240313 00:00:00.000,USD,624.84,0.00,624.84,1
1669601,"",202303564,20231023 00:00:00.000,20240121 00:00:00.000,USD,623.90,0.00,623.90,1
1669601,"",202303992,20231127 00:00:00.000,20240225 00:00:00.000,USD,623.90,0.00,623.90,1
1338501,"",202303636,20231026 00:00:00.000,20231225 00:00:00.000,USD,616.00,0.00,616.00,1
1319905,"",202304384,20231215 00:00:00.000,20231230 00:00:00.000,USD,614.16,0.00,614.16,1
1275204,"",202303561,20231023 00:00:00.000,20240121 00:00:00.000,USD,612.90,0.00,612.90,1
1275201,"",202304217,20231208 00:00:00.000,20240307 00:00:00.000,USD,611.80,0.00,611.80,1
1738502,"",202304294,20231212 00:00:00.000,20240311 00:00:00.000,USD,611.80,0.00,611.80,1
1275202,"",202302964,20230905 00:00:00.000,20231204 00:00:00.000,USD,608.00,0.00,608.00,1
1456501,"",202303452,20231011 00:00:00.000,20240109 00:00:00.000,USD,608.00,0.00,608.00,1
1275203,"",202303779,20231106 00:00:00.000,20240204 00:00:00.000,USD,608.00,0.00,608.00,1
1577102,"",202303855,20231113 00:00:00.000,20240211 00:00:00.000,USD,604.48,0.00,604.48,1
1577117,"",202304410,20231218 00:00:00.000,20240317 00:00:00.000,USD,604.48,0.00,604.48,1
1577106,"",202303589,20231024 00:00:00.000,20240122 00:00:00.000,USD,596.40,0.00,596.40,1
1577102,"",202303739,20231103 00:00:00.000,20240201 00:00:00.000,USD,596.40,0.00,596.40,1
1577118,"",202303859,20231114 00:00:00.000,20240212 00:00:00.000,USD,596.40,0.00,596.40,1
1577102,"",202303908,20231120 00:00:00.000,20240218 00:00:00.000,USD,596.40,0.00,596.40,1
1577102,"",202304117,20231204 00:00:00.000,20240303 00:00:00.000,USD,596.40,0.00,596.40,1
1456501,"",202303050,20230912 00:00:00.000,20231211 00:00:00.000,USD,593.00,0.00,593.00,1
1456501,"",202303505,20231016 00:00:00.000,20240114 00:00:00.000,USD,593.00,0.00,593.00,1
1456501,"",202303991,20231127 00:00:00.000,20240225 00:00:00.000,USD,593.00,0.00,593.00,1
1275203,"",202304052,20231130 00:00:00.000,20240228 00:00:00.000,USD,593.00,0.00,593.00,1
1577118,"",202304444,20231219 00:00:00.000,20240318 00:00:00.000,USD,588.80,0.00,588.80,1
1319905,"",202304248,20231209 00:00:00.000,20231224 00:00:00.000,USD,576.11,0.00,576.11,1
1034704,"",202303824,20231108 00:00:00.000,20240122 00:00:00.000,USD,571.50,0.00,571.50,1
1034704,"",202304170,20231206 00:00:00.000,20240219 00:00:00.000,USD,571.50,0.00,571.50,1
1520801,"",202304402,20231218 00:00:00.000,20240302 00:00:00.000,USD,566.50,0.00,566.50,1
1577102,"",202304119,20231204 00:00:00.000,20240303 00:00:00.000,USD,565.65,0.00,565.65,1
1319905,"",202304212,20231207 00:00:00.000,20231222 00:00:00.000,USD,563.40,0.00,563.40,1
1319905,"",202304360,20231214 00:00:00.000,20231229 00:00:00.000,USD,563.40,0.00,563.40,1
1034704,"",202303960,20231122 00:00:00.000,20240205 00:00:00.000,USD,562.50,0.00,562.50,1
1520801,"",202304403,20231218 00:00:00.000,20240302 00:00:00.000,USD,558.60,0.00,558.60,1
1669601,"",202303920,20231120 00:00:00.000,20240218 00:00:00.000,USD,554.40,0.00,554.40,1
1520801,"",202304040,20231129 00:00:00.000,20240212 00:00:00.000,USD,554.08,0.00,554.08,1
1520801,"",202304318,20231213 00:00:00.000,20240226 00:00:00.000,USD,554.08,0.00,554.08,1
1456501,"",202303115,20230918 00:00:00.000,20231217 00:00:00.000,USD,549.61,0.00,549.61,1
1034704,"",202303825,20231108 00:00:00.000,20240122 00:00:00.000,USD,549.20,0.00,549.20,1
1034704,"",202304392,20231218 00:00:00.000,20240302 00:00:00.000,USD,549.20,0.00,549.20,1
1034704,"",202303959,20231122 00:00:00.000,20240205 00:00:00.000,USD,538.26,0.00,538.26,1
1034704,"",202304393,20231218 00:00:00.000,20240302 00:00:00.000,USD,538.26,0.00,538.26,1
1034704,"",202303868,20231115 00:00:00.000,20240129 00:00:00.000,USD,538.20,0.00,538.20,1
1520804,"",202304104,20231204 00:00:00.000,20240202 00:00:00.000,USD,537.00,0.00,537.00,1
1822501,"",202303921,20231120 00:00:00.000,20240119 00:00:00.000,USD,535.20,0.00,535.20,1
1034704,"",202303516,20231018 00:00:00.000,20240101 00:00:00.000,USD,521.40,0.00,521.40,1
1034704,"",202303610,20231025 00:00:00.000,20240108 00:00:00.000,USD,521.40,0.00,521.40,1
1034704,"",202303826,20231108 00:00:00.000,20240122 00:00:00.000,USD,521.40,0.00,521.40,1
1577102,"",202304116,20231204 00:00:00.000,20240303 00:00:00.000,USD,520.00,0.00,520.00,1
1319905,"",202304359,20231214 00:00:00.000,20231229 00:00:00.000,USD,509.60,0.00,509.60,1
1275203,"",202303501,20231016 00:00:00.000,20240114 00:00:00.000,USD,509.00,0.00,509.00,1
1520802,"",202304218,20231208 00:00:00.000,20240221 00:00:00.000,USD,503.70,0.00,503.70,1
1839205,"",202303885,20231117 00:00:00.000,20231217 00:00:00.000,USD,500.00,0.00,500.00,1
1928301,"",202303861,20231114 00:00:00.000,20240113 00:00:00.000,USD,499.40,0.00,499.40,1
1283301,"",202303997,20231127 00:00:00.000,20231227 00:00:00.000,USD,499.24,0.00,499.24,1
1805902,"",202303841,20231110 00:00:00.000,20231225 00:00:00.000,USD,497.50,0.00,497.50,1
1319905,"",202304424,20231218 00:00:00.000,20240102 00:00:00.000,USD,491.92,0.00,491.92,1
1319905,"",202304200,20231207 00:00:00.000,20231222 00:00:00.000,USD,489.78,0.00,489.78,1
1319905,"",202304453,20231219 00:00:00.000,20240103 00:00:00.000,USD,489.78,0.00,489.78,1
1577118,"",202303800,20231107 00:00:00.000,20240205 00:00:00.000,USD,487.92,0.00,487.92,1
1587702,"",202304470,20231220 00:00:00.000,20240119 00:00:00.000,USD,480.00,0.00,480.00,1
1319905,"",202304302,20231212 00:00:00.000,20231227 00:00:00.000,USD,474.44,0.00,474.44,1
1319905,"",202304418,20231218 00:00:00.000,20240102 00:00:00.000,USD,474.44,0.00,474.44,1
1577106,"",202304289,20231212 00:00:00.000,20240311 00:00:00.000,USD,471.40,0.00,471.40,1
1577106,"",202304437,20231219 00:00:00.000,20240318 00:00:00.000,USD,471.40,0.00,471.40,1
1577102,"",202303914,20231120 00:00:00.000,20240218 00:00:00.000,USD,470.75,0.00,470.75,1
1319905,"",202304419,20231218 00:00:00.000,20240102 00:00:00.000,USD,464.13,0.00,464.13,1
1577118,"",202303802,20231107 00:00:00.000,20240205 00:00:00.000,USD,452.50,0.00,452.50,1
1577118,"",202304518,20231222 00:00:00.000,20240321 00:00:00.000,USD,450.00,0.00,450.00,1
1319905,"",202304523,20231228 00:00:00.000,20240112 00:00:00.000,USD,442.68,0.00,442.68,1
1319905,"",202304526,20231229 00:00:00.000,20240113 00:00:00.000,USD,442.68,0.00,442.68,1
1520802,"",202304078,20231201 00:00:00.000,20240214 00:00:00.000,USD,436.20,0.00,436.20,1
1034704,"",202303449,20231011 00:00:00.000,20231225 00:00:00.000,USD,434.50,0.00,434.50,1
1577118,"",202303241,20230926 00:00:00.000,20231225 00:00:00.000,USD,429.00,0.00,429.00,1
1319905,"",202304386,20231215 00:00:00.000,20231230 00:00:00.000,USD,428.20,0.00,428.20,1
1319905,"",202304461,20231219 00:00:00.000,20240103 00:00:00.000,USD,421.82,0.00,421.82,1
1319905,"",202304203,20231207 00:00:00.000,20231222 00:00:00.000,USD,420.00,0.00,420.00,1
1319905,"",202304275,20231211 00:00:00.000,20231226 00:00:00.000,USD,420.00,0.00,420.00,1
1319905,"",202304328,20231213 00:00:00.000,20231228 00:00:00.000,USD,419.04,0.00,419.04,1
1275204,"",202303560,20231023 00:00:00.000,20240121 00:00:00.000,USD,408.60,0.00,408.60,1
1275204,"",202303649,20231030 00:00:00.000,20240128 00:00:00.000,USD,408.60,0.00,408.60,1
1319905,"",202304300,20231212 00:00:00.000,20231227 00:00:00.000,USD,403.14,0.00,403.14,1
1319903,"",202304124,20231204 00:00:00.000,20231219 00:00:00.000,USD,393.40,0.00,393.40,1
1319905,"",202304202,20231207 00:00:00.000,20231222 00:00:00.000,USD,393.40,0.00,393.40,1
1319905,"",202304273,20231211 00:00:00.000,20231226 00:00:00.000,USD,393.40,0.00,393.40,1
1319905,"",202304304,20231212 00:00:00.000,20231227 00:00:00.000,USD,393.40,0.00,393.40,1
1319905,"",202304348,20231214 00:00:00.000,20231229 00:00:00.000,USD,393.40,0.00,393.40,1
1319905,"",202304378,20231215 00:00:00.000,20231230 00:00:00.000,USD,393.40,0.00,393.40,1
1319905,"",202304421,20231218 00:00:00.000,20240102 00:00:00.000,USD,393.40,0.00,393.40,1
1319905,"",202304483,20231220 00:00:00.000,20240104 00:00:00.000,USD,393.40,0.00,393.40,1
1577102,"",202303916,20231120 00:00:00.000,20240218 00:00:00.000,USD,376.00,0.00,376.00,1
1822501,"",202304365,20231215 00:00:00.000,20240213 00:00:00.000,USD,373.00,0.00,373.00,1
1319905,"",202304210,20231207 00:00:00.000,20231222 00:00:00.000,USD,370.95,0.00,370.95,1
1319905,"",202304500,20231221 00:00:00.000,20240105 00:00:00.000,USD,369.07,0.00,369.07,1
1319905,"",202304237,20231208 00:00:00.000,20231223 00:00:00.000,USD,367.45,0.00,367.45,1
1319905,"",202304270,20231211 00:00:00.000,20231226 00:00:00.000,USD,367.45,0.00,367.45,1
1319905,"",202304301,20231212 00:00:00.000,20231227 00:00:00.000,USD,367.45,0.00,367.45,1
1319905,"",202304342,20231214 00:00:00.000,20231229 00:00:00.000,USD,367.45,0.00,367.45,1
1319905,"",202304375,20231215 00:00:00.000,20231230 00:00:00.000,USD,367.45,0.00,367.45,1
1319905,"",202304452,20231219 00:00:00.000,20240103 00:00:00.000,USD,367.45,0.00,367.45,1
1275204,"",202303242,20230926 00:00:00.000,20231225 00:00:00.000,USD,364.80,0.00,364.80,1
1456501,"",202303213,20230925 00:00:00.000,20231224 00:00:00.000,USD,360.00,0.00,360.00,1
1319905,"",202304298,20231212 00:00:00.000,20231227 00:00:00.000,USD,359.20,0.00,359.20,1
1319905,"",202304340,20231214 00:00:00.000,20231229 00:00:00.000,USD,350.75,0.00,350.75,1
1319905,"",202304510,20231221 00:00:00.000,20240105 00:00:00.000,USD,342.60,0.00,342.60,1
1034704,"",202303692,20231101 00:00:00.000,20240115 00:00:00.000,USD,329.16,0.00,329.16,1
1319905,"",202304524,20231228 00:00:00.000,20240112 00:00:00.000,USD,327.68,0.00,327.68,1
1319905,"",202304430,20231218 00:00:00.000,20240102 00:00:00.000,USD,324.10,0.00,324.10,1
1319905,"",202304327,20231213 00:00:00.000,20231228 00:00:00.000,USD,322.39,0.00,322.39,1
1319905,"",202304265,20231211 00:00:00.000,20231226 00:00:00.000,USD,318.90,0.00,318.90,1
1319905,"",202304326,20231213 00:00:00.000,20231228 00:00:00.000,USD,317.94,0.00,317.94,1
1319905,"",202304376,20231215 00:00:00.000,20231230 00:00:00.000,USD,317.94,0.00,317.94,1
1319905,"",202304481,20231220 00:00:00.000,20240104 00:00:00.000,USD,317.94,0.00,317.94,1
1319905,"",202304504,20231221 00:00:00.000,20240105 00:00:00.000,USD,317.94,0.00,317.94,1
1319903,"",202304257,20231211 00:00:00.000,20231226 00:00:00.000,USD,317.80,0.00,317.80,1
1034704,"",202303446,20231011 00:00:00.000,20231225 00:00:00.000,USD,313.98,0.00,313.98,1
1034704,"",202303608,20231025 00:00:00.000,20240108 00:00:00.000,USD,313.98,0.00,313.98,1
1577115,"",202303243,20230926 00:00:00.000,20231225 00:00:00.000,USD,313.50,0.00,313.50,1
1456501,"",202303962,20231122 00:00:00.000,20240220 00:00:00.000,USD,307.05,0.00,307.05,1
1577118,"",202304517,20231222 00:00:00.000,20240321 00:00:00.000,USD,300.00,0.00,300.00,1
1319905,"",202304279,20231211 00:00:00.000,20231226 00:00:00.000,USD,296.56,0.00,296.56,1
1319905,"",202304385,20231215 00:00:00.000,20231230 00:00:00.000,USD,296.56,0.00,296.56,1
1319905,"",202304213,20231207 00:00:00.000,20231222 00:00:00.000,USD,295.80,0.00,295.80,1
1319905,"",202304244,20231208 00:00:00.000,20231223 00:00:00.000,USD,295.80,0.00,295.80,1
1319905,"",202304283,20231211 00:00:00.000,20231226 00:00:00.000,USD,295.80,0.00,295.80,1
1319905,"",202304431,20231218 00:00:00.000,20240102 00:00:00.000,USD,295.80,0.00,295.80,1
1319905,"",202304463,20231219 00:00:00.000,20240103 00:00:00.000,USD,295.80,0.00,295.80,1
1319905,"",202304492,20231220 00:00:00.000,20240104 00:00:00.000,USD,295.80,0.00,295.80,1
1319905,"",202304509,20231221 00:00:00.000,20240105 00:00:00.000,USD,295.80,0.00,295.80,1
1577118,"",202303381,20231005 00:00:00.000,20240103 00:00:00.000,USD,294.40,0.00,294.40,1
1577102,"",202304120,20231204 00:00:00.000,20240303 00:00:00.000,USD,290.40,0.00,290.40,1
1577102,"",202304409,20231218 00:00:00.000,20240317 00:00:00.000,USD,290.40,0.00,290.40,1
1319905,"",202304245,20231208 00:00:00.000,20231223 00:00:00.000,USD,290.24,0.00,290.24,1
1319905,"",202304311,20231212 00:00:00.000,20231227 00:00:00.000,USD,290.24,0.00,290.24,1
1577117,"",202303535,20231020 00:00:00.000,20240118 00:00:00.000,USD,290.00,0.00,290.00,1
1034704,"",202303609,20231025 00:00:00.000,20240108 00:00:00.000,USD,274.60,0.00,274.60,1
1456501,"",202303040,20230911 00:00:00.000,20231210 00:00:00.000,USD,272.80,0.00,272.80,1
1319905,"",202304268,20231211 00:00:00.000,20231226 00:00:00.000,USD,269.40,0.00,269.40,1
1319905,"",202304338,20231214 00:00:00.000,20231229 00:00:00.000,USD,269.40,0.00,269.40,1
1034704,"",202303447,20231011 00:00:00.000,20231225 00:00:00.000,USD,269.13,0.00,269.13,1
1034704,"",202303613,20231025 00:00:00.000,20240108 00:00:00.000,USD,269.13,0.00,269.13,1
1319905,"",202304204,20231207 00:00:00.000,20231222 00:00:00.000,USD,259.36,0.00,259.36,1
1319905,"",202304239,20231208 00:00:00.000,20231223 00:00:00.000,USD,259.36,0.00,259.36,1
1319905,"",202304349,20231214 00:00:00.000,20231229 00:00:00.000,USD,259.36,0.00,259.36,1
1319905,"",202304380,20231215 00:00:00.000,20231230 00:00:00.000,USD,259.36,0.00,259.36,1
1319905,"",202304484,20231220 00:00:00.000,20240104 00:00:00.000,USD,259.36,0.00,259.36,1
1319905,"",202304281,20231211 00:00:00.000,20231226 00:00:00.000,USD,255.60,0.00,255.60,1
1319905,"",202304233,20231208 00:00:00.000,20231223 00:00:00.000,USD,251.70,0.00,251.70,1
1319905,"",202304414,20231218 00:00:00.000,20240102 00:00:00.000,USD,251.70,0.00,251.70,1
1577102,"",202304258,20231211 00:00:00.000,20240310 00:00:00.000,USD,243.96,0.00,243.96,1
1577102,"",202304285,20231212 00:00:00.000,20240311 00:00:00.000,USD,243.96,0.00,243.96,1
1577106,"",202304439,20231219 00:00:00.000,20240318 00:00:00.000,USD,243.96,0.00,243.96,1
1275204,"",202303674,20231031 00:00:00.000,20240129 00:00:00.000,USD,243.20,0.00,243.20,1
1275204,"",202303935,20231121 00:00:00.000,20240219 00:00:00.000,USD,243.20,0.00,243.20,1
1319905,"",202304379,20231215 00:00:00.000,20231230 00:00:00.000,USD,242.28,0.00,242.28,1
1319905,"",202304236,20231208 00:00:00.000,20231223 00:00:00.000,USD,241.60,0.00,241.60,1
1319905,"",202304341,20231214 00:00:00.000,20231229 00:00:00.000,USD,241.60,0.00,241.60,1
1520802,"",202304331,20231214 00:00:00.000,20240227 00:00:00.000,USD,236.88,0.00,236.88,1
1319905,"",202304350,20231214 00:00:00.000,20231229 00:00:00.000,USD,226.80,0.00,226.80,1
1319905,"",202304309,20231212 00:00:00.000,20231227 00:00:00.000,USD,226.10,0.00,226.10,1
1319905,"",202304387,20231216 00:00:00.000,20231231 00:00:00.000,USD,226.10,0.00,226.10,1
1129701,"",202303832,20231109 00:00:00.000,20240108 00:00:00.000,USD,225.70,0.00,225.70,1
1319905,"",202304193,20231207 00:00:00.000,20231222 00:00:00.000,USD,199.40,0.00,199.40,1
1319905,"",202304230,20231208 00:00:00.000,20231223 00:00:00.000,USD,199.40,0.00,199.40,1
1319905,"",202304263,20231211 00:00:00.000,20231226 00:00:00.000,USD,199.40,0.00,199.40,1
1319905,"",202304332,20231214 00:00:00.000,20231229 00:00:00.000,USD,199.40,0.00,199.40,1
1319905,"",202304369,20231215 00:00:00.000,20231230 00:00:00.000,USD,199.40,0.00,199.40,1
1319905,"",202304449,20231219 00:00:00.000,20240103 00:00:00.000,USD,199.40,0.00,199.40,1
1319905,"",202304475,20231220 00:00:00.000,20240104 00:00:00.000,USD,199.40,0.00,199.40,1
1319905,"",202304235,20231208 00:00:00.000,20231223 00:00:00.000,USD,198.62,0.00,198.62,1
1319905,"",202304422,20231218 00:00:00.000,20240102 00:00:00.000,USD,198.58,0.00,198.58,1
1319905,"",202304313,20231212 00:00:00.000,20231227 00:00:00.000,USD,192.04,0.00,192.04,1
1319905,"",202304362,20231214 00:00:00.000,20231229 00:00:00.000,USD,192.04,0.00,192.04,1
1319905,"",202304465,20231219 00:00:00.000,20240103 00:00:00.000,USD,192.04,0.00,192.04,1
1319905,"",202304494,20231220 00:00:00.000,20240104 00:00:00.000,USD,192.04,0.00,192.04,1
1034704,"",202303448,20231011 00:00:00.000,20231225 00:00:00.000,USD,190.50,0.00,190.50,1
1034704,"",202303515,20231018 00:00:00.000,20240101 00:00:00.000,USD,190.50,0.00,190.50,1
1129701,"",202303831,20231109 00:00:00.000,20240108 00:00:00.000,USD,188.50,0.00,188.50,1
1129701,"",202303834,20231109 00:00:00.000,20240108 00:00:00.000,USD,187.55,0.00,187.55,1
1034704,"",202303514,20231018 00:00:00.000,20240101 00:00:00.000,USD,187.50,0.00,187.50,1
1034704,"",202303693,20231101 00:00:00.000,20240115 00:00:00.000,USD,187.50,0.00,187.50,1
1319905,"",202304502,20231221 00:00:00.000,20240105 00:00:00.000,USD,183.73,0.00,183.73,1
1319905,"",202304373,20231215 00:00:00.000,20231230 00:00:00.000,USD,179.60,0.00,179.60,1
1129701,"",202303830,20231109 00:00:00.000,20240108 00:00:00.000,USD,174.30,0.00,174.30,1
1319905,"",202304334,20231214 00:00:00.000,20231229 00:00:00.000,USD,171.75,0.00,171.75,1
1319905,"",202304450,20231219 00:00:00.000,20240103 00:00:00.000,USD,171.75,0.00,171.75,1
1520802,"",202303968,20231122 00:00:00.000,20240205 00:00:00.000,USD,1015.68,846.40,169.28,1
1319905,"",202304372,20231215 00:00:00.000,20231230 00:00:00.000,USD,167.80,0.00,167.80,1
1319905,"",202304274,20231211 00:00:00.000,20231226 00:00:00.000,USD,167.62,0.00,167.62,1
1319905,"",202304271,20231211 00:00:00.000,20231226 00:00:00.000,USD,161.20,0.00,161.20,1
1319905,"",202304346,20231214 00:00:00.000,20231229 00:00:00.000,USD,161.20,0.00,161.20,1
1319903,"",202304127,20231204 00:00:00.000,20231219 00:00:00.000,USD,158.90,0.00,158.90,1
1129701,"",202303837,20231109 00:00:00.000,20240108 00:00:00.000,USD,156.75,0.00,156.75,1
1319905,"",202304231,20231208 00:00:00.000,20231223 00:00:00.000,USD,149.10,0.00,149.10,1
1319905,"",202304370,20231215 00:00:00.000,20231230 00:00:00.000,USD,149.10,0.00,149.10,1
1319905,"",202304429,20231218 00:00:00.000,20240102 00:00:00.000,USD,147.05,0.00,147.05,1
1129701,"",202303833,20231109 00:00:00.000,20240108 00:00:00.000,USD,145.50,0.00,145.50,1
1319905,"",202304216,20231207 00:00:00.000,20231222 00:00:00.000,USD,145.12,0.00,145.12,1
1129701,"",202303836,20231109 00:00:00.000,20240108 00:00:00.000,USD,138.40,0.00,138.40,1
1034704,"",202303445,20231011 00:00:00.000,20231225 00:00:00.000,USD,134.55,0.00,134.55,1
1034704,"",202303612,20231025 00:00:00.000,20240108 00:00:00.000,USD,134.55,0.00,134.55,1
1319905,"",202304229,20231208 00:00:00.000,20231223 00:00:00.000,USD,134.50,0.00,134.50,1
1319905,"",202304262,20231211 00:00:00.000,20231226 00:00:00.000,USD,134.50,0.00,134.50,1
1319905,"",202304325,20231213 00:00:00.000,20231228 00:00:00.000,USD,134.50,0.00,134.50,1
1319905,"",202304368,20231215 00:00:00.000,20231230 00:00:00.000,USD,134.50,0.00,134.50,1
1319905,"",202304412,20231218 00:00:00.000,20240102 00:00:00.000,USD,134.50,0.00,134.50,1
1319905,"",202304474,20231220 00:00:00.000,20240104 00:00:00.000,USD,134.50,0.00,134.50,1
1129701,"",202303839,20231109 00:00:00.000,20240108 00:00:00.000,USD,132.55,0.00,132.55,1
1129701,"",202303835,20231109 00:00:00.000,20240108 00:00:00.000,USD,132.30,0.00,132.30,1
1319904,"",202304227,20231208 00:00:00.000,20240107 00:00:00.000,USD,126.94,0.00,126.94,1
1319905,"",202304491,20231220 00:00:00.000,20240104 00:00:00.000,USD,124.76,0.00,124.76,1
1319905,"",202304299,20231212 00:00:00.000,20231227 00:00:00.000,USD,124.31,0.00,124.31,1
1319905,"",202304479,20231220 00:00:00.000,20240104 00:00:00.000,USD,124.31,0.00,124.31,1
1975001,"",202303391,20231003 00:00:00.000,20240101 00:00:00.000,USD,122.51,0.00,122.51,1
1319905,"",202304269,20231211 00:00:00.000,20231226 00:00:00.000,USD,120.80,0.00,120.80,1
1319905,"",202304374,20231215 00:00:00.000,20231230 00:00:00.000,USD,120.80,0.00,120.80,1
1319905,"",202304417,20231218 00:00:00.000,20240102 00:00:00.000,USD,120.80,0.00,120.80,1
1319905,"",202304451,20231219 00:00:00.000,20240103 00:00:00.000,USD,120.80,0.00,120.80,1
1319905,"",202304480,20231220 00:00:00.000,20240104 00:00:00.000,USD,120.80,0.00,120.80,1
1129701,"",202303838,20231109 00:00:00.000,20240108 00:00:00.000,USD,118.70,0.00,118.70,1
1319905,"",202304205,20231207 00:00:00.000,20231222 00:00:00.000,USD,113.40,0.00,113.40,1
1319905,"",202304240,20231208 00:00:00.000,20231223 00:00:00.000,USD,113.40,0.00,113.40,1
1319905,"",202304276,20231211 00:00:00.000,20231226 00:00:00.000,USD,113.40,0.00,113.40,1
1319905,"",202304329,20231213 00:00:00.000,20231228 00:00:00.000,USD,113.40,0.00,113.40,1
1319905,"",202304423,20231218 00:00:00.000,20240102 00:00:00.000,USD,113.40,0.00,113.40,1
1319905,"",202304456,20231219 00:00:00.000,20240103 00:00:00.000,USD,113.40,0.00,113.40,1
1319905,"",202304485,20231220 00:00:00.000,20240104 00:00:00.000,USD,113.40,0.00,113.40,1
1319905,"",202304506,20231221 00:00:00.000,20240105 00:00:00.000,USD,113.40,0.00,113.40,1
1319905,"",202304247,20231209 00:00:00.000,20231224 00:00:00.000,USD,113.28,0.00,113.28,1
1319905,"",202304308,20231212 00:00:00.000,20231227 00:00:00.000,USD,105.51,0.00,105.51,1
1319905,"",202304487,20231220 00:00:00.000,20240104 00:00:00.000,USD,105.51,0.00,105.51,1
1319904,"",202304228,20231208 00:00:00.000,20240107 00:00:00.000,USD,100.79,0.00,100.79,1
1319905,"",202304416,20231218 00:00:00.000,20240102 00:00:00.000,USD,99.31,0.00,99.31,1
1319905,"",202304209,20231207 00:00:00.000,20231222 00:00:00.000,USD,99.28,0.00,99.28,1
1319905,"",202304242,20231208 00:00:00.000,20231223 00:00:00.000,USD,98.85,0.00,98.85,1
1319905,"",202304307,20231212 00:00:00.000,20231227 00:00:00.000,USD,98.85,0.00,98.85,1
1319905,"",202304356,20231214 00:00:00.000,20231229 00:00:00.000,USD,98.85,0.00,98.85,1
1319905,"",202304427,20231218 00:00:00.000,20240102 00:00:00.000,USD,98.85,0.00,98.85,1
1319905,"",202304486,20231220 00:00:00.000,20240104 00:00:00.000,USD,98.85,0.00,98.85,1
1319905,"",202304246,20231209 00:00:00.000,20231224 00:00:00.000,USD,92.78,0.00,92.78,1
1319905,"",202304266,20231211 00:00:00.000,20231226 00:00:00.000,USD,83.90,0.00,83.90,1
1319905,"",202304297,20231212 00:00:00.000,20231227 00:00:00.000,USD,83.90,0.00,83.90,1
1319905,"",202304335,20231214 00:00:00.000,20231229 00:00:00.000,USD,83.90,0.00,83.90,1
1319905,"",202304477,20231220 00:00:00.000,20240104 00:00:00.000,USD,83.90,0.00,83.90,1
1319905,"",202304215,20231207 00:00:00.000,20231222 00:00:00.000,USD,73.39,0.00,73.39,1
1319905,"",202304310,20231212 00:00:00.000,20231227 00:00:00.000,USD,73.39,0.00,73.39,1
1319905,"",202304464,20231219 00:00:00.000,20240103 00:00:00.000,USD,72.56,0.00,72.56,1
1319905,"",202304493,20231220 00:00:00.000,20240104 00:00:00.000,USD,72.56,0.00,72.56,1
1319905,"",202304525,20231228 00:00:00.000,20240112 00:00:00.000,USD,18.59,0.00,18.59,1