cust,cust_name,inv_num,inv_date,due_date,currency,inv_amount,paid_total,balance
1577106,"",202304143,2023-12-05,2024-03-04,USD,736195.95,0.00,736195.95
1577106,"",202303590,2023-10-24,2024-01-22,USD,674272.83,0.00,674272.83
1577118,"",202304191,2023-12-07,2024-03-06,USD,628621.56,0.00,628621.56
1577106,"",202303926,2023-11-21,2024-02-19,USD,605469.48,0.00,605469.48
1319905,"",202304199,2023-12-07,2023-12-22,USD,488617.92,0.00,488617.92
1275201,"",202303004,2023-09-08,2023-12-07,USD,429030.00,0.00,429030.00
1577106,"",202303805,2023-11-07,2024-02-05,USD,419700.54,0.00,419700.54
1577106,"",202304438,2023-12-19,2024-03-18,USD,399059.43,0.00,399059.43
1577118,"",202303592,2023-10-24,2024-01-22,USD,382035.36,0.00,382035.36
1577115,"",202303656,2023-10-30,2024-01-28,USD,367888.50,0.00,367888.50
1928301,"",202304515,2023-12-22,2024-02-20,USD,345528.33,0.00,345528.33
1303501,"",202303995,2023-11-27,2024-01-26,USD,330050.70,0.00,330050.70
1928301,"",202304514,2023-12-22,2024-02-20,USD,305874.03,0.00,305874.03
1248401,"",202304076,2023-12-01,2023-12-31,USD,299195.82,0.00,299195.82
1577118,"",202303593,2023-10-24,2024-01-22,USD,279387.36,0.00,279387.36
1577118,"",202304442,2023-12-19,2024-03-18,USD,268457.28,0.00,268457.28
1577118,"",202303971,2023-11-22,2024-02-20,USD,264836.04,0.00,264836.04
1319905,"",202304195,2023-12-07,2023-12-22,USD,261542.40,0.00,261542.40
1319905,"",202304428,2023-12-18,2024-01-02,USD,244755.00,0.00,244755.00
1577102,"",202303558,2023-10-23,2024-01-21,USD,236035.80,0.00,236035.80
1319904,"",202304225,2023-12-08,2024-01-07,USD,235796.40,0.00,235796.40
1928301,"",202304513,2023-12-22,2024-02-20,USD,220917.27,0.00,220917.27
1319905,"",202304347,2023-12-14,2023-12-29,USD,204290.10,0.00,204290.10
1319905,"",202304238,2023-12-08,2023-12-23,USD,204290.10,0.00,204290.10
1577102,"",202303744,2023-11-03,2024-02-01,USD,199722.60,0.00,199722.60
1577102,"",202303987,2023-11-27,2024-02-25,USD,199722.60,0.00,199722.60
1319905,"",202304363,2023-12-14,2023-12-29,USD,193347.00,0.00,193347.00
1577106,"",202303683,2023-10-31,2024-01-29,USD,192697.68,0.00,192697.68
1577118,"",202304190,2023-12-07,2024-03-06,USD,185855.04,0.00,185855.04
1577106,"",202303684,2023-10-31,2024-01-29,USD,178931.55,0.00,178931.55
1577102,"",202303913,2023-11-20,2024-02-18,USD,171949.68,0.00,171949.68
1577115,"",202303594,2023-10-24,2024-01-22,USD,169680.00,0.00,169680.00
1577125,"",202303988,2023-11-27,2024-02-25,USD,167529.60,0.00,167529.60
1928301,"",202304516,2023-12-22,2024-02-20,USD,166581.03,0.00,166581.03
1577102,"",202303335,2023-10-03,2024-01-01,USD,163409.40,0.00,163409.40
1577102,"",202303209,2023-09-25,2023-12-24,USD,163409.40,0.00,163409.40
1577106,"",202303513,2023-10-17,2024-01-15,USD,161097.30,0.00,161097.30
1577106,"",202304002,2023-11-28,2024-02-26,USD,159185.04,0.00,159185.04
1577106,"",202303685,2023-10-31,2024-01-29,USD,157920.00,0.00,157920.00
1577125,"",202304174,2023-12-06,2024-03-05,USD,157059.00,0.00,157059.00
1052001,"",202303981,2023-11-27,2023-12-27,USD,152510.40,0.00,152510.40
1577106,"",202304144,2023-12-05,2024-03-04,USD,150679.20,0.00,150679.20
1248401,"",202304077,2023-12-01,2023-12-31,USD,142959.60,0.00,142959.60
1319905,"",202304520,2023-12-22,2024-01-06,USD,142800.00,0.00,142800.00
1577107,"",202304314,2023-12-13,2024-03-12,USD,138723.90,0.00,138723.90
1319905,"",202304303,2023-12-12,2023-12-27,USD,136193.40,0.00,136193.40
1034704,"",202304391,2023-12-18,2024-03-02,USD,132822.90,0.00,132822.90
1822501,"",202304261,2023-12-11,2024-02-09,USD,132804.00,0.00,132804.00
1822501,"",202303653,2023-10-30,2023-12-29,USD,132241.20,0.00,132241.20
1275201,"",202303138,2023-09-19,2023-12-18,USD,127680.00,0.00,127680.00
1319905,"",202304357,2023-12-14,2023-12-29,USD,127610.28,0.00,127610.28
1275202,"",202303508,2023-10-16,2024-01-14,USD,123379.20,0.00,123379.20
1822501,"",202303989,2023-11-27,2024-01-26,USD,120645.00,0.00,120645.00
1577106,"",202304145,2023-12-05,2024-03-04,USD,118440.00,0.00,118440.00
1577106,"",202304291,2023-12-12,2024-03-11,USD,117294.24,0.00,117294.24
1577102,"",202303422,2023-10-09,2024-01-07,USD,117117.00,0.00,117117.00
1319905,"",202304455,2023-12-19,2024-01-03,USD,116843.37,0.00,116843.37
1577125,"",202303889,2023-11-17,2024-02-15,USD,115176.60,0.00,115176.60
1319905,"",202304333,2023-12-14,2023-12-29,USD,109620.00,0.00,109620.00
1577102,"",202304260,2023-12-11,2024-03-10,USD,108939.60,0.00,108939.60
1975001,"",202303390,2023-10-06,2024-01-04,USD,107100.00,0.00,107100.00
1822501,"",202304192,2023-12-07,2024-02-05,USD,105987.00,0.00,105987.00
1577102,"",202304121,2023-12-04,2024-03-03,USD,105405.30,0.00,105405.30
1577102,"",202303911,2023-11-20,2024-02-18,USD,105405.30,0.00,105405.30
1577102,"",202303557,2023-10-23,2024-01-21,USD,105405.30,0.00,105405.30
1456501,"",202303963,2023-11-22,2024-02-20,USD,103168.80,0.00,103168.80
1319905,"",202304482,2023-12-20,2024-01-04,USD,102145.05,0.00,102145.05
1319905,"",202304420,2023-12-18,2024-01-02,USD,102145.05,0.00,102145.05
1319905,"",202304201,2023-12-07,2023-12-22,USD,102145.05,0.00,102145.05
1577102,"",202303909,2023-11-20,2024-02-18,USD,98529.69,0.00,98529.69
1820701,"",202303891,2023-11-17,2024-01-01,USD,98374.50,0.00,98374.50
1577118,"",202303931,2023-11-21,2024-02-19,USD,98090.16,0.00,98090.16
1577102,"",202303657,2023-10-30,2024-01-28,USD,96573.75,0.00,96573.75
1577102,"",202303266,2023-09-28,2023-12-27,USD,96573.75,0.00,96573.75
1577118,"",202303801,2023-11-07,2024-02-05,USD,94462.20,0.00,94462.20
1577102,"",202303741,2023-11-03,2024-02-01,USD,93693.60,0.00,93693.60
1577102,"",202303208,2023-09-25,2023-12-24,USD,93693.60,0.00,93693.60
1577118,"",202303425,2023-10-10,2024-01-08,USD,92927.52,0.00,92927.52
1319905,"",202304434,2023-12-18,2024-01-02,USD,91176.96,0.00,91176.96
1577102,"",202303856,2023-11-13,2024-02-11,USD,89613.72,0.00,89613.72
1577102,"",202303300,2023-10-02,2023-12-31,USD,89613.72,0.00,89613.72
1577118,"",202303860,2023-11-14,2024-02-12,USD,87308.55,0.00,87308.55
1520804,"",202304252,2023-12-11,2024-02-09,USD,86677.50,0.00,86677.50
1319905,"",202304343,2023-12-14,2023-12-29,USD,86665.32,0.00,86665.32
1011301,"",202304496,2023-12-21,2024-02-19,USD,86057.79,0.00,86057.79
1011301,"",202304075,2023-12-01,2024-01-30,USD,86057.79,0.00,86057.79
1319905,"",202304071,2023-11-30,2023-12-15,USD,80850.00,0.00,80850.00
1577118,"",202303933,2023-11-21,2024-02-19,USD,78831.90,0.00,78831.90
1520801,"",202304404,2023-12-18,2024-03-02,USD,77483.28,0.00,77483.28
1319905,"",202304459,2023-12-19,2024-01-03,USD,76827.66,0.00,76827.66
1319905,"",202304503,2023-12-21,2024-01-05,USD,76346.55,0.00,76346.55
1319905,"",202304344,2023-12-14,2023-12-29,USD,76346.55,0.00,76346.55
1319905,"",202304284,2023-12-11,2023-12-26,USD,73713.15,0.00,73713.15
1577115,"",202303364,2023-10-04,2024-01-02,USD,73577.70,0.00,73577.70
1577102,"",202303857,2023-11-13,2024-02-11,USD,73447.71,0.00,73447.71
1577125,"",202303451,2023-10-11,2024-01-09,USD,73294.20,0.00,73294.20
1319905,"",202304507,2023-12-21,2024-01-05,USD,73147.20,0.00,73147.20
1319905,"",202304457,2023-12-19,2024-01-03,USD,73147.20,0.00,73147.20
1319905,"",202304382,2023-12-15,2023-12-30,USD,73147.20,0.00,73147.20
1319905,"",202304351,2023-12-14,2023-12-29,USD,73147.20,0.00,73147.20
1319905,"",202304305,2023-12-12,2023-12-27,USD,73147.20,0.00,73147.20
1319905,"",202304277,2023-12-11,2023-12-26,USD,73147.20,0.00,73147.20
1319905,"",202304206,2023-12-07,2023-12-22,USD,73147.20,0.00,73147.20
1319905,"",202304433,2023-12-18,2024-01-02,USD,72613.80,0.00,72613.80
1319905,"",202304312,2023-12-12,2023-12-27,USD,72613.80,0.00,72613.80
1319905,"",202304339,2023-12-14,2023-12-29,USD,71442.00,0.00,71442.00
1319905,"",202304425,2023-12-18,2024-01-02,USD,70894.74,0.00,70894.74
1520804,"",202304105,2023-12-04,2024-02-02,USD,70560.00,0.00,70560.00
1319905,"",202304501,2023-12-21,2024-01-05,USD,70024.50,0.00,70024.50
1319905,"",202304337,2023-12-14,2023-12-29,USD,70024.50,0.00,70024.50
1319905,"",202304505,2023-12-21,2024-01-05,USD,68096.70,0.00,68096.70
1319905,"",202304454,2023-12-19,2024-01-03,USD,68096.70,0.00,68096.70
1319905,"",202304377,2023-12-15,2023-12-30,USD,68096.70,0.00,68096.70
1319905,"",202304272,2023-12-11,2023-12-26,USD,68096.70,0.00,68096.70
1577102,"",202303740,2023-11-03,2024-02-01,USD,67082.40,0.00,67082.40
1822501,"",202304051,2023-11-30,2024-01-29,USD,66402.00,0.00,66402.00
1822501,"",202303511,2023-10-16,2023-12-15,USD,63630.00,0.00,63630.00
1577106,"",202304288,2023-12-12,2024-03-11,USD,62458.20,0.00,62458.20
1319905,"",202304358,2023-12-14,2023-12-29,USD,62319.18,0.00,62319.18
1975001,"",202304292,2023-12-12,2024-03-11,USD,62025.60,0.00,62025.60
1520804,"",202304107,2023-12-04,2024-02-02,USD,60007.50,0.00,60007.50
1803601,"",202303822,2023-11-08,2024-01-07,USD,59325.00,0.00,59325.00
1319905,"",202304234,2023-12-08,2023-12-23,USD,59015.25,0.00,59015.25
1577102,"",202303298,2023-10-02,2023-12-31,USD,58994.88,0.00,58994.88
1275203,"",202304396,2023-12-18,2024-03-17,USD,58758.00,0.00,58758.00
1275203,"",202303854,2023-11-13,2024-02-11,USD,58758.00,0.00,58758.00
1275203,"",202303334,2023-10-03,2024-01-01,USD,58758.00,0.00,58758.00
1275203,"",202303983,2023-11-27,2024-02-25,USD,58758.00,0.00,58758.00
1275203,"",202303120,2023-09-18,2023-12-17,USD,58758.00,0.00,58758.00
1319201,"",202304367,2023-12-15,2024-01-14,USD,58262.40,0.00,58262.40
1319905,"",202304306,2023-12-12,2023-12-27,USD,57411.69,0.00,57411.69
1319905,"",202304489,2023-12-20,2024-01-04,USD,57402.24,0.00,57402.24
1319905,"",202304522,2023-12-28,2024-01-12,USD,56637.00,0.00,56637.00
1577102,"",202303660,2023-10-30,2024-01-28,USD,56243.88,0.00,56243.88
1577118,"",202304443,2023-12-19,2024-03-18,USD,55809.60,0.00,55809.60
1319905,"",202304499,2023-12-21,2024-01-05,USD,54810.00,0.00,54810.00
1319905,"",202304476,2023-12-20,2024-01-04,USD,54810.00,0.00,54810.00
1319905,"",202304413,2023-12-18,2024-01-02,USD,54810.00,0.00,54810.00
1319905,"",202304371,2023-12-15,2023-12-30,USD,54810.00,0.00,54810.00
1319905,"",202304296,2023-12-12,2023-12-27,USD,54810.00,0.00,54810.00
1319905,"",202304264,2023-12-11,2023-12-26,USD,54810.00,0.00,54810.00
1319905,"",202304232,2023-12-08,2023-12-23,USD,54810.00,0.00,54810.00
1319905,"",202304194,2023-12-07,2023-12-22,USD,54810.00,0.00,54810.00
1456501,"",202304399,2023-12-18,2024-03-17,USD,53844.00,0.00,53844.00
1456501,"",202304389,2023-12-18,2024-03-17,USD,53844.00,0.00,53844.00
1456501,"",202304114,2023-12-04,2024-03-03,USD,53844.00,0.00,53844.00
1456501,"",202303503,2023-10-16,2024-01-14,USD,53844.00,0.00,53844.00
1456501,"",202303293,2023-10-02,2023-12-31,USD,53844.00,0.00,53844.00
1456501,"",202303113,2023-09-18,2023-12-17,USD,53844.00,0.00,53844.00
1011301,"",202304074,2023-12-01,2024-01-30,USD,53827.20,0.00,53827.20
1714901,"",202303729,2023-11-03,2024-01-02,USD,52994.34,0.00,52994.34
1520804,"",202304250,2023-12-11,2024-02-09,USD,52920.00,0.00,52920.00
1822501,"",202304081,2023-12-01,2024-01-30,USD,52668.00,0.00,52668.00
1283301,"",202304111,2023-12-04,2024-01-03,USD,52420.20,0.00,52420.20
1577125,"",202303691,2023-11-01,2024-01-30,USD,52353.00,0.00,52353.00
1577102,"",202303658,2023-10-30,2024-01-28,USD,51992.85,0.00,51992.85
1822501,"",202303922,2023-11-20,2024-01-19,USD,51804.48,0.00,51804.48
1456501,"",202304400,2023-12-18,2024-03-17,USD,51584.40,0.00,51584.40
1456501,"",202304323,2023-12-13,2024-03-12,USD,51584.40,0.00,51584.40
1456501,"",202303884,2023-11-16,2024-02-14,USD,51584.40,0.00,51584.40
1456501,"",202303958,2023-11-22,2024-02-20,USD,51584.40,0.00,51584.40
1275203,"",202303806,2023-11-07,2024-02-05,USD,51483.60,0.00,51483.60
1275203,"",202304394,2023-12-18,2024-03-17,USD,51072.00,0.00,51072.00
1275203,"",202304109,2023-12-04,2024-03-03,USD,51072.00,0.00,51072.00
1275203,"",202303853,2023-11-13,2024-02-11,USD,51072.00,0.00,51072.00
1275203,"",202303777,2023-11-06,2024-02-04,USD,51072.00,0.00,51072.00
1275203,"",202303554,2023-10-23,2024-01-21,USD,51072.00,0.00,51072.00
1275203,"",202303499,2023-10-16,2024-01-14,USD,51072.00,0.00,51072.00
1275203,"",202303418,2023-10-09,2024-01-07,USD,51072.00,0.00,51072.00
1275203,"",202303289,2023-10-02,2023-12-31,USD,51072.00,0.00,51072.00
1275203,"",202303982,2023-11-27,2024-02-25,USD,51072.00,0.00,51072.00
1275203,"",202303118,2023-09-18,2023-12-17,USD,51072.00,0.00,51072.00
1275203,"",202303018,2023-09-08,2023-12-07,USD,51072.00,0.00,51072.00
1319903,"",202304256,2023-12-11,2023-12-26,USD,50971.20,0.00,50971.20
1822501,"",202303387,2023-10-06,2023-12-05,USD,50944.32,0.00,50944.32
1319905,"",202304490,2023-12-20,2024-01-04,USD,50880.27,0.00,50880.27
1319905,"",202304282,2023-12-11,2023-12-26,USD,50880.27,0.00,50880.27
1011301,"",202304495,2023-12-21,2024-02-19,USD,50836.80,0.00,50836.80
1456501,"",202303519,2023-10-18,2024-01-16,USD,49835.52,0.00,49835.52
1456501,"",202303379,2023-10-05,2024-01-03,USD,49835.52,0.00,49835.52
1456501,"",202303304,2023-10-02,2023-12-31,USD,49835.52,0.00,49835.52
1456501,"",202303129,2023-09-18,2023-12-17,USD,49835.52,0.00,49835.52
1822501,"",202304366,2023-12-15,2024-02-13,USD,48888.00,0.00,48888.00
1577102,"",202303506,2023-10-16,2024-01-14,USD,48842.64,0.00,48842.64
1275203,"",202303655,2023-10-30,2024-01-28,USD,48437.76,0.00,48437.76
1275203,"",202303420,2023-10-09,2024-01-07,USD,48437.76,0.00,48437.76
1820701,"",202303892,2023-11-17,2024-01-01,USD,48300.00,0.00,48300.00
1822501,"",202303973,2023-11-22,2024-01-21,USD,47817.00,0.00,47817.00
1319905,"",202304197,2023-12-07,2023-12-22,USD,47628.00,0.00,47628.00
1283301,"",202303996,2023-11-27,2023-12-27,USD,47178.18,0.00,47178.18
1520804,"",202304253,2023-12-11,2024-02-09,USD,46714.50,0.00,46714.50
1319905,"",202304280,2023-12-11,2023-12-26,USD,46096.68,0.00,46096.68
1319905,"",202304243,2023-12-08,2023-12-23,USD,46096.68,0.00,46096.68
1577106,"",202303236,2023-09-26,2023-12-25,USD,45802.68,0.00,45802.68
1822501,"",202303730,2023-11-03,2024-01-02,USD,45423.00,0.00,45423.00
1738501,"",202303510,2023-10-16,2024-01-14,USD,44625.00,0.00,44625.00
1738507,"",202304220,2023-12-08,2024-01-22,USD,44570.40,0.00,44570.40
1577118,"",202304441,2023-12-19,2024-03-18,USD,43835.40,0.00,43835.40
1520804,"",202304108,2023-12-04,2024-02-02,USD,42977.34,0.00,42977.34
1319905,"",202304488,2023-12-20,2024-01-04,USD,42536.76,0.00,42536.76
1319905,"",202304460,2023-12-19,2024-01-03,USD,42536.76,0.00,42536.76
1822501,"",202304219,2023-12-08,2024-02-06,USD,42402.15,0.00,42402.15
1577125,"",202303637,2023-10-26,2024-01-24,USD,41882.40,0.00,41882.40
1577106,"",202304436,2023-12-19,2024-03-18,USD,41638.80,0.00,41638.80
1577106,"",202303680,2023-10-31,2024-01-29,USD,41638.80,0.00,41638.80
1319905,"",202304521,2023-12-22,2024-01-06,USD,40950.00,0.00,40950.00
1520804,"",202304251,2023-12-11,2024-02-09,USD,40724.88,0.00,40724.88
1520804,"",202304106,2023-12-04,2024-02-02,USD,40724.88,0.00,40724.88
1577102,"",202303295,2023-10-02,2023-12-31,USD,39994.50,0.00,39994.50
1577102,"",202303915,2023-11-20,2024-02-18,USD,39484.20,0.00,39484.20
1577106,"",202303804,2023-11-07,2024-02-05,USD,39139.80,0.00,39139.80
1456501,"",202304398,2023-12-18,2024-03-17,USD,38505.60,0.00,38505.60
1456501,"",202304320,2023-12-13,2024-03-12,USD,38505.60,0.00,38505.60
1577106,"",202303927,2023-11-21,2024-02-19,USD,38423.70,0.00,38423.70
1577102,"",202303743,2023-11-03,2024-02-01,USD,38249.82,0.00,38249.82
1577102,"",202303450,2023-10-11,2024-01-09,USD,38249.82,0.00,38249.82
1319903,"",202304126,2023-12-04,2023-12-19,USD,38228.40,0.00,38228.40
1822501,"",202304295,2023-12-12,2024-02-10,USD,37800.00,0.00,37800.00
1052001,"",202303980,2023-11-27,2023-12-27,USD,37800.00,0.00,37800.00
1577106,"",202303591,2023-10-24,2024-01-22,USD,37669.80,0.00,37669.80
1577106,"",202304435,2023-12-19,2024-03-18,USD,37573.20,0.00,37573.20
1577106,"",202303803,2023-11-07,2024-02-05,USD,37573.20,0.00,37573.20
1577118,"",202303240,2023-09-26,2023-12-25,USD,37573.20,0.00,37573.20
1275203,"",202304395,2023-12-18,2024-03-17,USD,37464.00,0.00,37464.00
1275203,"",202304388,2023-12-18,2024-03-17,USD,37464.00,0.00,37464.00
1275203,"",202303917,2023-11-20,2024-02-18,USD,37464.00,0.00,37464.00
1275203,"",202303778,2023-11-06,2024-02-04,USD,37464.00,0.00,37464.00
1275203,"",202303555,2023-10-23,2024-01-21,USD,37464.00,0.00,37464.00
1275203,"",202303419,2023-10-09,2024-01-07,USD,37464.00,0.00,37464.00
1275203,"",202303119,2023-09-18,2023-12-17,USD,37464.00,0.00,37464.00
1822501,"",202303512,2023-10-16,2023-12-15,USD,37408.14,0.00,37408.14
1520801,"",202304039,2023-11-29,2024-02-12,USD,36462.72,0.00,36462.72
1820701,"",202303890,2023-11-17,2024-01-01,USD,36456.00,0.00,36456.00
1822501,"",202304319,2023-12-13,2024-02-11,USD,36388.80,0.00,36388.80
1738501,"",202303993,2023-11-27,2024-02-25,USD,36001.14,0.00,36001.14
1738501,"",202303091,2023-09-15,2023-12-14,USD,36001.14,0.00,36001.14
1319905,"",202304508,2023-12-21,2024-01-05,USD,35447.37,0.00,35447.37
1319905,"",202304383,2023-12-15,2023-12-30,USD,35447.37,0.00,35447.37
1319905,"",202304352,2023-12-14,2023-12-29,USD,35447.37,0.00,35447.37
1319905,"",202304278,2023-12-11,2023-12-26,USD,35447.37,0.00,35447.37
1319905,"",202304241,2023-12-08,2023-12-23,USD,35447.37,0.00,35447.37
1034704,"",202304171,2023-12-06,2024-02-19,USD,35419.65,0.00,35419.65
1577106,"",202303237,2023-09-26,2023-12-25,USD,34797.00,0.00,34797.00
1456501,"",202304189,2023-12-07,2024-03-06,USD,34625.64,0.00,34625.64
1577102,"",202303659,2023-10-30,2024-01-28,USD,34401.78,0.00,34401.78
1975001,"",202304473,2023-12-20,2024-03-19,USD,33633.60,0.00,33633.60
1975001,"",202303694,2023-11-01,2024-01-30,USD,33633.60,0.00,33633.60
1975001,"",202303216,2023-09-25,2023-12-24,USD,33633.60,0.00,33633.60
1319903,"",202304254,2023-12-11,2023-12-26,USD,33045.60,0.00,33045.60
1275201,"",202303934,2023-11-21,2024-02-19,USD,32718.00,0.00,32718.00
1034704,"",202303827,2023-11-08,2024-01-22,USD,31877.79,0.00,31877.79
1034704,"",202303611,2023-10-25,2024-01-08,USD,31877.79,0.00,31877.79
1319905,"",202304208,2023-12-07,2023-12-22,USD,31139.22,0.00,31139.22
1319905,"",202304207,2023-12-07,2023-12-22,USD,30954.63,0.00,30954.63
1275203,"",202302866,2023-08-28,2023-11-26,USD,30328.00,0.00,30328.00
1275203,"",202304397,2023-12-18,2024-03-17,USD,29559.60,0.00,29559.60
1275203,"",202303654,2023-10-30,2024-01-28,USD,29559.60,0.00,29559.60
1275203,"",202303291,2023-10-02,2023-12-31,USD,29559.60,0.00,29559.60
1275203,"",202303984,2023-11-27,2024-02-25,USD,29559.60,0.00,29559.60
1928301,"",202304512,2023-12-22,2024-02-20,USD,29451.45,0.00,29451.45
1275203,"",202302799,2023-08-21,2023-11-19,USD,29184.00,0.00,29184.00
1275203,"",202304293,2023-12-12,2024-03-11,USD,29148.00,0.00,29148.00
1577106,"",202303336,2023-10-03,2024-01-01,USD,29147.16,0.00,29147.16
1129701,"",202304324,2023-12-13,2024-02-11,USD,29064.00,0.00,29064.00
1052001,"",202304408,2023-12-18,2024-01-17,USD,28980.00,0.00,28980.00
1319905,"",202304214,2023-12-07,2023-12-22,USD,28778.40,0.00,28778.40
1839204,"",202304472,2023-12-20,2024-02-18,USD,28442.40,0.00,28442.40
1283301,"",202304110,2023-12-04,2024-01-03,USD,28261.80,0.00,28261.80
1319905,"",202304336,2023-12-14,2023-12-29,USD,28022.40,0.00,28022.40
1577118,"",202303932,2023-11-21,2024-02-19,USD,27904.80,0.00,27904.80
1520801,"",202304173,2023-12-06,2024-02-19,USD,27661.20,0.00,27661.20
1319904,"",202304226,2023-12-08,2024-01-07,USD,27008.94,0.00,27008.94
1319905,"",202304211,2023-12-07,2023-12-22,USD,27008.94,0.00,27008.94
1456501,"",202303919,2023-11-20,2024-02-18,USD,26922.00,0.00,26922.00
1456501,"",202303562,2023-10-23,2024-01-21,USD,26922.00,0.00,26922.00
1719501,"",202304080,2023-12-01,2023-12-31,USD,26880.00,0.00,26880.00
1456501,"",202304401,2023-12-18,2024-03-17,USD,26636.40,0.00,26636.40
1456501,"",202304115,2023-12-04,2024-03-03,USD,26636.40,0.00,26636.40
1456501,"",202303168,2023-09-20,2023-12-19,USD,26636.40,0.00,26636.40
1577102,"",202303972,2023-11-22,2024-02-20,USD,26489.40,0.00,26489.40
1319905,"",202304196,2023-12-07,2023-12-22,USD,26401.20,0.00,26401.20
1456501,"",202303871,2023-11-15,2024-02-13,USD,25792.20,0.00,25792.20
1456501,"",202303870,2023-11-15,2024-02-13,USD,25792.20,0.00,25792.20
1456501,"",202303423,2023-10-09,2024-01-07,USD,25792.20,0.00,25792.20
1456501,"",202303294,2023-10-02,2023-12-31,USD,25792.20,0.00,25792.20
1456501,"",202303212,2023-09-25,2023-12-24,USD,25792.20,0.00,25792.20
1456501,"",202303114,2023-09-18,2023-12-17,USD,25792.20,0.00,25792.20
1456501,"",202303039,2023-09-11,2023-12-10,USD,25792.20,0.00,25792.20
1275203,"",202303596,2023-10-24,2024-01-22,USD,25741.80,0.00,25741.80
1275203,"",202303290,2023-10-02,2023-12-31,USD,25741.80,0.00,25741.80
1577106,"",202304290,2023-12-12,2024-03-11,USD,25615.80,0.00,25615.80
1577118,"",202303239,2023-09-26,2023-12-25,USD,25615.80,0.00,25615.80
1577106,"",202303238,2023-09-26,2023-12-25,USD,25615.80,0.00,25615.80
1319905,"",202304426,2023-12-18,2024-01-02,USD,25609.29,0.00,25609.29
1319905,"",202304354,2023-12-14,2023-12-29,USD,25609.29,0.00,25609.29
1577102,"",202303556,2023-10-23,2024-01-21,USD,25388.16,0.00,25388.16
1549801,"",202302991,2023-09-01,2023-10-31,USD,31350.76,6300.36,25050.40
1577106,"",202304287,2023-12-12,2024-03-11,USD,25048.80,0.00,25048.80
1577118,"",202303930,2023-11-21,2024-02-19,USD,25048.80,0.00,25048.80
1577106,"",202303924,2023-11-21,2024-02-19,USD,25048.80,0.00,25048.80
1577106,"",202303235,2023-09-26,2023-12-25,USD,25048.80,0.00,25048.80
1034704,"",202304038,2023-11-29,2024-02-12,USD,24793.86,0.00,24793.86
1577102,"",202304122,2023-12-04,2024-03-03,USD,24410.40,0.00,24410.40
1577102,"",202303912,2023-11-20,2024-02-18,USD,24410.40,0.00,24410.40
1577102,"",202303742,2023-11-03,2024-02-01,USD,24410.40,0.00,24410.40
1577102,"",202303299,2023-10-02,2023-12-31,USD,24410.40,0.00,24410.40
1820701,"",202304411,2023-12-18,2024-02-01,USD,24150.00,0.00,24150.00
1820701,"",202303772,2023-11-06,2023-12-21,USD,24150.00,0.00,24150.00
1275203,"",202303467,2023-10-13,2024-01-11,USD,23929.50,0.00,23929.50
1456501,"",202304112,2023-12-04,2024-03-03,USD,23822.40,0.00,23822.40
1456501,"",202303858,2023-11-13,2024-02-11,USD,23822.40,0.00,23822.40
1577102,"",202303820,2023-11-08,2024-02-06,USD,23688.00,0.00,23688.00
1319905,"",202304462,2023-12-19,2024-01-03,USD,23662.80,0.00,23662.80
1456501,"",202304322,2023-12-13,2024-03-12,USD,23562.00,0.00,23562.00
1520801,"",202304405,2023-12-18,2024-03-02,USD,23271.36,0.00,23271.36
1001401,"",202304467,2023-12-20,2024-01-19,USD,23157.12,0.00,23157.12
1456501,"",202304188,2023-12-07,2024-03-06,USD,23083.62,0.00,23083.62
1034704,"",202304390,2023-12-18,2024-03-02,USD,23049.60,0.00,23049.60
1520801,"",202304172,2023-12-06,2024-02-19,USD,22789.20,0.00,22789.20
1275203,"",202303821,2023-11-08,2024-02-06,USD,22207.50,0.00,22207.50
1577102,"",202303738,2023-11-03,2024-02-01,USD,22207.50,0.00,22207.50
1275203,"",202302800,2023-08-21,2023-11-19,USD,21408.00,0.00,21408.00
1577102,"",202303421,2023-10-09,2024-01-07,USD,21336.00,0.00,21336.00
1740001,"",202304471,2023-12-20,2024-02-18,USD,21312.90,0.00,21312.90
1577125,"",202303869,2023-11-15,2024-02-13,USD,20941.20,0.00,20941.20
1577106,"",202303681,2023-10-31,2024-01-29,USD,20819.40,0.00,20819.40
1822501,"",202304497,2023-12-21,2024-02-19,USD,20601.00,0.00,20601.00
1319905,"",202304345,2023-12-14,2023-12-29,USD,20570.55,0.00,20570.55
1577106,"",202303682,2023-10-31,2024-01-29,USD,20492.64,0.00,20492.64
1577102,"",202304286,2023-12-12,2024-03-11,USD,20351.10,0.00,20351.10
1319905,"",202304198,2023-12-07,2023-12-22,USD,20294.40,0.00,20294.40
1577102,"",202303910,2023-11-20,2024-02-18,USD,20213.13,0.00,20213.13
1577102,"",202304259,2023-12-11,2024-03-10,USD,19997.25,0.00,19997.25
1577102,"",202303986,2023-11-27,2024-02-25,USD,19997.25,0.00,19997.25
1456501,"",202303504,2023-10-16,2024-01-14,USD,19344.15,0.00,19344.15
1456501,"",202303651,2023-10-30,2024-01-28,USD,19252.80,0.00,19252.80
1456501,"",202303502,2023-10-16,2024-01-14,USD,19252.80,0.00,19252.80
1456501,"",202303292,2023-10-02,2023-12-31,USD,19252.80,0.00,19252.80
1456501,"",202303990,2023-11-27,2024-02-25,USD,19252.80,0.00,19252.80
1577102,"",202303985,2023-11-27,2024-02-25,USD,19041.12,0.00,19041.12
1577106,"",202303426,2023-10-10,2024-01-08,USD,18786.60,0.00,18786.60
1319905,"",202304361,2023-12-14,2023-12-29,USD,18635.40,0.00,18635.40
1577102,"",202304469,2023-12-20,2024-03-19,USD,18295.20,0.00,18295.20
1577118,"",202304445,2023-12-19,2024-03-18,USD,18018.00,0.00,18018.00
1738501,"",202303566,2023-10-23,2024-01-21,USD,18000.57,0.00,18000.57
1822501,"",202304448,2023-12-19,2024-02-17,USD,17535.00,0.00,17535.00
1520801,"",202304407,2023-12-18,2024-03-02,USD,17288.25,0.00,17288.25
1567903,"",202304079,2023-12-01,2023-12-31,USD,17236.80,0.00,17236.80
1319904,"",202304224,2023-12-08,2024-01-07,USD,16905.42,0.00,16905.42
1275202,"",202304498,2023-12-21,2024-03-20,USD,16800.00,0.00,16800.00
1577112,"",202303731,2023-11-03,2024-02-01,USD,16676.10,0.00,16676.10
1456501,"",202303614,2023-10-25,2024-01-23,USD,16632.00,0.00,16632.00
1577102,"",202304118,2023-12-04,2024-03-03,USD,16280.88,0.00,16280.88
1577102,"",202303296,2023-10-02,2023-12-31,USD,16280.88,0.00,16280.88
1316101,"",202304364,2023-12-15,2024-01-14,USD,15831.90,0.00,15831.90
1577106,"",202303928,2023-11-21,2024-02-19,USD,15792.00,0.00,15792.00
1714901,"",202304123,2023-12-04,2024-02-02,USD,15750.00,0.00,15750.00
1127701,"",202303894,2023-11-17,2023-12-17,USD,15750.00,0.00,15750.00
1714901,"",202303840,2023-11-10,2024-01-09,USD,15750.00,0.00,15750.00
1456501,"",202303534,2023-10-20,2024-01-18,USD,15592.50,0.00,15592.50
1820701,"",202303823,2023-11-08,2023-12-23,USD,15477.00,0.00,15477.00
1577118,"",202304440,2023-12-19,2024-03-18,USD,15369.48,0.00,15369.48
1577118,"",202303929,2023-11-21,2024-02-19,USD,15369.48,0.00,15369.48
1456501,"",202304113,2023-12-04,2024-03-03,USD,15313.20,0.00,15313.20
1456501,"",202303918,2023-11-20,2024-02-18,USD,15313.20,0.00,15313.20
1738501,"",202302940,2023-08-31,2023-11-29,USD,15300.00,0.00,15300.00
1516101,"",202304317,2023-12-13,2024-01-27,USD,15225.84,0.00,15225.84
1822501,"",202303923,2023-11-20,2024-01-19,USD,15159.90,0.00,15159.90
1456501,"",202304468,2023-12-20,2024-03-19,USD,14985.60,0.00,14985.60
1456501,"",202304321,2023-12-13,2024-03-12,USD,14985.60,0.00,14985.60
1822501,"",202303676,2023-10-31,2023-12-30,USD,14968.80,0.00,14968.80
1034704,"",202304315,2023-12-13,2024-02-26,USD,14397.60,0.00,14397.60
1319905,"",202304432,2023-12-18,2024-01-02,USD,14389.20,0.00,14389.20
1456501,"",202304447,2023-12-19,2024-03-18,USD,14280.00,0.00,14280.00
1034704,"",202303517,2023-10-18,2024-01-01,USD,14167.86,0.00,14167.86
1456501,"",202303117,2023-09-18,2023-12-17,USD,14117.25,0.00,14117.25
1036711,"",202303652,2023-10-30,2023-11-29,USD,14073.15,0.00,14073.15
1036711,"",202303303,2023-10-02,2023-11-01,USD,14073.15,0.00,14073.15
1738501,"",202303994,2023-11-27,2024-02-25,USD,14017.50,0.00,14017.50
1738501,"",202303092,2023-09-15,2023-12-14,USD,14017.50,0.00,14017.50
1319905,"",202304478,2023-12-20,2024-01-04,USD,14011.20,0.00,14011.20
1319905,"",202304415,2023-12-18,2024-01-02,USD,14011.20,0.00,14011.20
1319905,"",202304267,2023-12-11,2023-12-26,USD,14011.20,0.00,14011.20
1319903,"",202304255,2023-12-11,2023-12-26,USD,14011.20,0.00,14011.20
1319903,"",202304125,2023-12-04,2023-12-19,USD,14011.20,0.00,14011.20
1577106,"",202303925,2023-11-21,2024-02-19,USD,13933.50,0.00,13933.50
1520801,"",202304041,2023-11-29,2024-02-12,USD,13830.60,0.00,13830.60
1034704,"",202304037,2023-11-29,2024-02-12,USD,13824.72,0.00,13824.72
1319905,"",202304381,2023-12-15,2023-12-30,USD,13778.10,0.00,13778.10
1577102,"",202303507,2023-10-16,2024-01-14,USD,13760.67,0.00,13760.67
1577102,"",202303297,2023-10-02,2023-12-31,USD,13760.67,0.00,13760.67
1852806,"",202303567,2023-10-23,2023-12-22,USD,13759.20,0.00,13759.20
1577102,"",202303380,2023-10-05,2024-01-03,USD,13490.40,0.00,13490.40
1275203,"",202303500,2023-10-16,2024-01-14,USD,13444.20,0.00,13444.20
1275201,"",202303038,2023-09-11,2023-12-10,USD,13444.20,0.00,13444.20
1319905,"",202304458,2023-12-19,2024-01-03,USD,13388.76,0.00,13388.76
1319905,"",202304353,2023-12-14,2023-12-29,USD,13388.76,0.00,13388.76
1456501,"",202303167,2023-09-20,2023-12-19,USD,13318.20,0.00,13318.20
1456501,"",202303128,2023-09-18,2023-12-17,USD,13318.20,0.00,13318.20
1456501,"",202303116,2023-09-18,2023-12-17,USD,13318.20,0.00,13318.20
1520804,"",202304102,2023-12-04,2024-02-02,USD,13261.50,0.00,13261.50
1520801,"",202304406,2023-12-18,2024-03-02,USD,13242.60,0.00,13242.60
1520804,"",202304249,2023-12-11,2024-02-09,USD,13242.60,0.00,13242.60
1520804,"",202304103,2023-12-04,2024-02-02,USD,13242.60,0.00,13242.60
1319905,"",202304355,2023-12-14,2023-12-29,USD,13189.05,0.00,13189.05
1034704,"",202304316,2023-12-13,2024-02-26,USD,13186.95,0.00,13186.95
1034704,"",202303961,2023-11-22,2024-02-05,USD,13186.95,0.00,13186.95
1456501,"",202304330,2023-12-14,2024-03-13,USD,13121.64,0.00,13121.64
1669601,"",202303564,2023-10-23,2024-01-21,USD,13101.90,0.00,13101.90
1669601,"",202303992,2023-11-27,2024-02-25,USD,13101.90,0.00,13101.90
1338501,"",202303636,2023-10-26,2023-12-25,USD,12936.00,0.00,12936.00
1319905,"",202304384,2023-12-15,2023-12-30,USD,12897.36,0.00,12897.36
1275204,"",202303561,2023-10-23,2024-01-21,USD,12870.90,0.00,12870.90
1738502,"",202304294,2023-12-12,2024-03-11,USD,12847.80,0.00,12847.80
1275201,"",202304217,2023-12-08,2024-03-07,USD,12847.80,0.00,12847.80
1275203,"",202303779,2023-11-06,2024-02-04,USD,12768.00,0.00,12768.00
1456501,"",202303452,2023-10-11,2024-01-09,USD,12768.00,0.00,12768.00
1275202,"",202302964,2023-09-05,2023-12-04,USD,12768.00,0.00,12768.00
1577117,"",202304410,2023-12-18,2024-03-17,USD,12694.08,0.00,12694.08
1577102,"",202303855,2023-11-13,2024-02-11,USD,12694.08,0.00,12694.08
1577102,"",202304117,2023-12-04,2024-03-03,USD,12524.40,0.00,12524.40
1577102,"",202303908,2023-11-20,2024-02-18,USD,12524.40,0.00,12524.40
1577118,"",202303859,2023-11-14,2024-02-12,USD,12524.40,0.00,12524.40
1577102,"",202303739,2023-11-03,2024-02-01,USD,12524.40,0.00,12524.40
1577106,"",202303589,2023-10-24,2024-01-22,USD,12524.40,0.00,12524.40
1275203,"",202304052,2023-11-30,2024-02-28,USD,12453.00,0.00,12453.00
1456501,"",202303505,2023-10-16,2024-01-14,USD,12453.00,0.00,12453.00
1456501,"",202303991,2023-11-27,2024-02-25,USD,12453.00,0.00,12453.00
1456501,"",202303050,2023-09-12,2023-12-11,USD,12453.00,0.00,12453.00
1577118,"",202304444,2023-12-19,2024-03-18,USD,12364.80,0.00,12364.80
1319905,"",202304248,2023-12-09,2023-12-24,USD,12098.31,0.00,12098.31
1034704,"",202304170,2023-12-06,2024-02-19,USD,12001.50,0.00,12001.50
1034704,"",202303824,2023-11-08,2024-01-22,USD,12001.50,0.00,12001.50
1520801,"",202304402,2023-12-18,2024-03-02,USD,11896.50,0.00,11896.50
1577102,"",202304119,2023-12-04,2024-03-03,USD,11878.65,0.00,11878.65
1319905,"",202304360,2023-12-14,2023-12-29,USD,11831.40,0.00,11831.40
1319905,"",202304212,2023-12-07,2023-12-22,USD,11831.40,0.00,11831.40
1034704,"",202303960,2023-11-22,2024-02-05,USD,11812.50,0.00,11812.50
1520801,"",202304403,2023-12-18,2024-03-02,USD,11730.60,0.00,11730.60
1669601,"",202303920,2023-11-20,2024-02-18,USD,11642.40,0.00,11642.40
1520801,"",202304318,2023-12-13,2024-02-26,USD,11635.68,0.00,11635.68
1520801,"",202304040,2023-11-29,2024-02-12,USD,11635.68,0.00,11635.68
1456501,"",202303115,2023-09-18,2023-12-17,USD,11541.81,0.00,11541.81
1034704,"",202304392,2023-12-18,2024-03-02,USD,11533.20,0.00,11533.20
1034704,"",202303825,2023-11-08,2024-01-22,USD,11533.20,0.00,11533.20
1034704,"",202304393,2023-12-18,2024-03-02,USD,11303.46,0.00,11303.46
1034704,"",202303959,2023-11-22,2024-02-05,USD,11303.46,0.00,11303.46
1034704,"",202303868,2023-11-15,2024-01-29,USD,11302.20,0.00,11302.20
1520804,"",202304104,2023-12-04,2024-02-02,USD,11277.00,0.00,11277.00
1822501,"",202303921,2023-11-20,2024-01-19,USD,11239.20,0.00,11239.20
1034704,"",202303826,2023-11-08,2024-01-22,USD,10949.40,0.00,10949.40
1034704,"",202303610,2023-10-25,2024-01-08,USD,10949.40,0.00,10949.40
1034704,"",202303516,2023-10-18,2024-01-01,USD,10949.40,0.00,10949.40
1577102,"",202304116,2023-12-04,2024-03-03,USD,10920.00,0.00,10920.00
1319905,"",202304359,2023-12-14,2023-12-29,USD,10701.60,0.00,10701.60
1275203,"",202303501,2023-10-16,2024-01-14,USD,10689.00,0.00,10689.00
1520802,"",202304218,2023-12-08,2024-02-21,USD,10577.70,0.00,10577.70
1839205,"",202303885,2023-11-17,2023-12-17,USD,10500.00,0.00,10500.00
1928301,"",202303861,2023-11-14,2024-01-13,USD,10487.40,0.00,10487.40
1283301,"",202303997,2023-11-27,2023-12-27,USD,10484.04,0.00,10484.04
1805902,"",202303841,2023-11-10,2023-12-25,USD,10447.50,0.00,10447.50
1319905,"",202304424,2023-12-18,2024-01-02,USD,10330.32,0.00,10330.32
1319905,"",202304453,2023-12-19,2024-01-03,USD,10285.38,0.00,10285.38
1319905,"",202304200,2023-12-07,2023-12-22,USD,10285.38,0.00,10285.38
1577118,"",202303800,2023-11-07,2024-02-05,USD,10246.32,0.00,10246.32
1587702,"",202304470,2023-12-20,2024-01-19,USD,10080.00,0.00,10080.00
1319905,"",202304418,2023-12-18,2024-01-02,USD,9963.24,0.00,9963.24
1319905,"",202304302,2023-12-12,2023-12-27,USD,9963.24,0.00,9963.24
1577106,"",202304437,2023-12-19,2024-03-18,USD,9899.40,0.00,9899.40
1577106,"",202304289,2023-12-12,2024-03-11,USD,9899.40,0.00,9899.40
1577102,"",202303914,2023-11-20,2024-02-18,USD,9885.75,0.00,9885.75
1319905,"",202304419,2023-12-18,2024-01-02,USD,9746.73,0.00,9746.73
1577118,"",202303802,2023-11-07,2024-02-05,USD,9502.50,0.00,9502.50
1577118,"",202304518,2023-12-22,2024-03-21,USD,9450.00,0.00,9450.00
1319905,"",202304523,2023-12-28,2024-01-12,USD,9296.28,0.00,9296.28
1520802,"",202304078,2023-12-01,2024-02-14,USD,9160.20,0.00,9160.20
1034704,"",202303449,2023-10-11,2023-12-25,USD,9124.50,0.00,9124.50
1577118,"",202303241,2023-09-26,2023-12-25,USD,9009.00,0.00,9009.00
1319905,"",202304386,2023-12-15,2023-12-30,USD,8992.20,0.00,8992.20
1319905,"",202304461,2023-12-19,2024-01-03,USD,8858.22,0.00,8858.22
1319905,"",202304526,2023-12-29,2024-01-13,USD,8853.60,0.00,8853.60
1319905,"",202304275,2023-12-11,2023-12-26,USD,8820.00,0.00,8820.00
1319905,"",202304203,2023-12-07,2023-12-22,USD,8820.00,0.00,8820.00
1319905,"",202304328,2023-12-13,2023-12-28,USD,8799.84,0.00,8799.84
1275204,"",202303649,2023-10-30,2024-01-28,USD,8580.60,0.00,8580.60
1275204,"",202303560,2023-10-23,2024-01-21,USD,8580.60,0.00,8580.60
1319905,"",202304300,2023-12-12,2023-12-27,USD,8465.94,0.00,8465.94
1319905,"",202304483,2023-12-20,2024-01-04,USD,8261.40,0.00,8261.40
1319905,"",202304421,2023-12-18,2024-01-02,USD,8261.40,0.00,8261.40
1319905,"",202304378,2023-12-15,2023-12-30,USD,8261.40,0.00,8261.40
1319905,"",202304348,2023-12-14,2023-12-29,USD,8261.40,0.00,8261.40
1319905,"",202304304,2023-12-12,2023-12-27,USD,8261.40,0.00,8261.40
1319905,"",202304273,2023-12-11,2023-12-26,USD,8261.40,0.00,8261.40
1319905,"",202304202,2023-12-07,2023-12-22,USD,8261.40,0.00,8261.40
1319903,"",202304124,2023-12-04,2023-12-19,USD,8261.40,0.00,8261.40
1577102,"",202303916,2023-11-20,2024-02-18,USD,7896.00,0.00,7896.00
1822501,"",202304365,2023-12-15,2024-02-13,USD,7833.00,0.00,7833.00
1319905,"",202304210,2023-12-07,2023-12-22,USD,7789.95,0.00,7789.95
1319905,"",202304500,2023-12-21,2024-01-05,USD,7750.47,0.00,7750.47
1319905,"",202304452,2023-12-19,2024-01-03,USD,7716.45,0.00,7716.45
1319905,"",202304375,2023-12-15,2023-12-30,USD,7716.45,0.00,7716.45
1319905,"",202304342,2023-12-14,2023-12-29,USD,7716.45,0.00,7716.45
1319905,"",202304301,2023-12-12,2023-12-27,USD,7716.45,0.00,7716.45
1319905,"",202304270,2023-12-11,2023-12-26,USD,7716.45,0.00,7716.45
1319905,"",202304237,2023-12-08,2023-12-23,USD,7716.45,0.00,7716.45
1275204,"",202303242,2023-09-26,2023-12-25,USD,7660.80,0.00,7660.80
1456501,"",202303213,2023-09-25,2023-12-24,USD,7560.00,0.00,7560.00
1319905,"",202304298,2023-12-12,2023-12-27,USD,7543.20,0.00,7543.20
1319905,"",202304340,2023-12-14,2023-12-29,USD,7365.75,0.00,7365.75
1319905,"",202304510,2023-12-21,2024-01-05,USD,7194.60,0.00,7194.60
1034704,"",202303692,2023-11-01,2024-01-15,USD,6912.36,0.00,6912.36
1319905,"",202304524,2023-12-28,2024-01-12,USD,6881.28,0.00,6881.28
1319905,"",202304430,2023-12-18,2024-01-02,USD,6806.10,0.00,6806.10
1319905,"",202304327,2023-12-13,2023-12-28,USD,6770.19,0.00,6770.19
1319905,"",202304265,2023-12-11,2023-12-26,USD,6696.90,0.00,6696.90
1319905,"",202304504,2023-12-21,2024-01-05,USD,6676.74,0.00,6676.74
1319905,"",202304481,2023-12-20,2024-01-04,USD,6676.74,0.00,6676.74
1319905,"",202304376,2023-12-15,2023-12-30,USD,6676.74,0.00,6676.74
1319905,"",202304326,2023-12-13,2023-12-28,USD,6676.74,0.00,6676.74
1319903,"",202304257,2023-12-11,2023-12-26,USD,6673.80,0.00,6673.80
1034704,"",202303608,2023-10-25,2024-01-08,USD,6593.58,0.00,6593.58
1034704,"",202303446,2023-10-11,2023-12-25,USD,6593.58,0.00,6593.58
1577115,"",202303243,2023-09-26,2023-12-25,USD,6583.50,0.00,6583.50
1456501,"",202303962,2023-11-22,2024-02-20,USD,6448.05,0.00,6448.05
1577118,"",202304517,2023-12-22,2024-03-21,USD,6300.00,0.00,6300.00
1319905,"",202304385,2023-12-15,2023-12-30,USD,6227.76,0.00,6227.76
1319905,"",202304279,2023-12-11,2023-12-26,USD,6227.76,0.00,6227.76
1319905,"",202304509,2023-12-21,2024-01-05,USD,6211.80,0.00,6211.80
1319905,"",202304492,2023-12-20,2024-01-04,USD,6211.80,0.00,6211.80
1319905,"",202304463,2023-12-19,2024-01-03,USD,6211.80,0.00,6211.80
1319905,"",202304431,2023-12-18,2024-01-02,USD,6211.80,0.00,6211.80
1319905,"",202304283,2023-12-11,2023-12-26,USD,6211.80,0.00,6211.80
1319905,"",202304244,2023-12-08,2023-12-23,USD,6211.80,0.00,6211.80
1319905,"",202304213,2023-12-07,2023-12-22,USD,6211.80,0.00,6211.80
1577118,"",202303381,2023-10-05,2024-01-03,USD,6182.40,0.00,6182.40
1577102,"",202304409,2023-12-18,2024-03-17,USD,6098.40,0.00,6098.40
1577102,"",202304120,2023-12-04,2024-03-03,USD,6098.40,0.00,6098.40
1319905,"",202304311,2023-12-12,2023-12-27,USD,6095.04,0.00,6095.04
1319905,"",202304245,2023-12-08,2023-12-23,USD,6095.04,0.00,6095.04
1577117,"",202303535,2023-10-20,2024-01-18,USD,6090.00,0.00,6090.00
1034704,"",202303609,2023-10-25,2024-01-08,USD,5766.60,0.00,5766.60
1456501,"",202303040,2023-09-11,2023-12-10,USD,5728.80,0.00,5728.80
1319905,"",202304338,2023-12-14,2023-12-29,USD,5657.40,0.00,5657.40
1319905,"",202304268,2023-12-11,2023-12-26,USD,5657.40,0.00,5657.40
1034704,"",202303613,2023-10-25,2024-01-08,USD,5651.73,0.00,5651.73
1034704,"",202303447,2023-10-11,2023-12-25,USD,5651.73,0.00,5651.73
1319905,"",202304484,2023-12-20,2024-01-04,USD,5446.56,0.00,5446.56
1319905,"",202304380,2023-12-15,2023-12-30,USD,5446.56,0.00,5446.56
1319905,"",202304349,2023-12-14,2023-12-29,USD,5446.56,0.00,5446.56
1319905,"",202304239,2023-12-08,2023-12-23,USD,5446.56,0.00,5446.56
1319905,"",202304204,2023-12-07,2023-12-22,USD,5446.56,0.00,5446.56
1319905,"",202304281,2023-12-11,2023-12-26,USD,5367.60,0.00,5367.60
1319905,"",202304414,2023-12-18,2024-01-02,USD,5285.70,0.00,5285.70
1319905,"",202304233,2023-12-08,2023-12-23,USD,5285.70,0.00,5285.70
1577106,"",202304439,2023-12-19,2024-03-18,USD,5123.16,0.00,5123.16
1577102,"",202304285,2023-12-12,2024-03-11,USD,5123.16,0.00,5123.16
1577102,"",202304258,2023-12-11,2024-03-10,USD,5123.16,0.00,5123.16
1275204,"",202303935,2023-11-21,2024-02-19,USD,5107.20,0.00,5107.20
1275204,"",202303674,2023-10-31,2024-01-29,USD,5107.20,0.00,5107.20
1319905,"",202304379,2023-12-15,2023-12-30,USD,5087.88,0.00,5087.88
1319905,"",202304341,2023-12-14,2023-12-29,USD,5073.60,0.00,5073.60
1319905,"",202304236,2023-12-08,2023-12-23,USD,5073.60,0.00,5073.60
1520802,"",202304331,2023-12-14,2024-02-27,USD,4974.48,0.00,4974.48
1319905,"",202304350,2023-12-14,2023-12-29,USD,4762.80,0.00,4762.80
1319905,"",202304387,2023-12-16,2023-12-31,USD,4748.10,0.00,4748.10
1319905,"",202304309,2023-12-12,2023-12-27,USD,4748.10,0.00,4748.10
1129701,"",202303832,2023-11-09,2024-01-08,USD,4739.70,0.00,4739.70
1319905,"",202304475,2023-12-20,2024-01-04,USD,4187.40,0.00,4187.40
1319905,"",202304449,2023-12-19,2024-01-03,USD,4187.40,0.00,4187.40
1319905,"",202304369,2023-12-15,2023-12-30,USD,4187.40,0.00,4187.40
1319905,"",202304332,2023-12-14,2023-12-29,USD,4187.40,0.00,4187.40
1319905,"",202304263,2023-12-11,2023-12-26,USD,4187.40,0.00,4187.40
1319905,"",202304230,2023-12-08,2023-12-23,USD,4187.40,0.00,4187.40
1319905,"",202304193,2023-12-07,2023-12-22,USD,4187.40,0.00,4187.40
1319905,"",202304235,2023-12-08,2023-12-23,USD,4171.02,0.00,4171.02
1319905,"",202304422,2023-12-18,2024-01-02,USD,4170.18,0.00,4170.18
1319905,"",202304494,2023-12-20,2024-01-04,USD,4032.84,0.00,4032.84
1319905,"",202304465,2023-12-19,2024-01-03,USD,4032.84,0.00,4032.84
1319905,"",202304362,2023-12-14,2023-12-29,USD,4032.84,0.00,4032.84
1319905,"",202304313,2023-12-12,2023-12-27,USD,4032.84,0.00,4032.84
1034704,"",202303515,2023-10-18,2024-01-01,USD,4000.50,0.00,4000.50
1034704,"",202303448,2023-10-11,2023-12-25,USD,4000.50,0.00,4000.50
1129701,"",202303831,2023-11-09,2024-01-08,USD,3958.50,0.00,3958.50
1129701,"",202303834,2023-11-09,2024-01-08,USD,3938.55,0.00,3938.55
1034704,"",202303693,2023-11-01,2024-01-15,USD,3937.50,0.00,3937.50
1034704,"",202303514,2023-10-18,2024-01-01,USD,3937.50,0.00,3937.50
1319905,"",202304502,2023-12-21,2024-01-05,USD,3858.33,0.00,3858.33
1319905,"",202304373,2023-12-15,2023-12-30,USD,3771.60,0.00,3771.60
1129701,"",202303830,2023-11-09,2024-01-08,USD,3660.30,0.00,3660.30
1319905,"",202304450,2023-12-19,2024-01-03,USD,3606.75,0.00,3606.75
1319905,"",202304334,2023-12-14,2023-12-29,USD,3606.75,0.00,3606.75
1520802,"",202303968,2023-11-22,2024-02-05,USD,21329.28,17774.40,3554.88
1319905,"",202304372,2023-12-15,2023-12-30,USD,3523.80,0.00,3523.80
1319905,"",202304274,2023-12-11,2023-12-26,USD,3520.02,0.00,3520.02
1319905,"",202304346,2023-12-14,2023-12-29,USD,3385.20,0.00,3385.20
1319905,"",202304271,2023-12-11,2023-12-26,USD,3385.20,0.00,3385.20
1319903,"",202304127,2023-12-04,2023-12-19,USD,3336.90,0.00,3336.90
1129701,"",202303837,2023-11-09,2024-01-08,USD,3291.75,0.00,3291.75
1319905,"",202304370,2023-12-15,2023-12-30,USD,3131.10,0.00,3131.10
1319905,"",202304231,2023-12-08,2023-12-23,USD,3131.10,0.00,3131.10
1319905,"",202304429,2023-12-18,2024-01-02,USD,3088.05,0.00,3088.05
1129701,"",202303833,2023-11-09,2024-01-08,USD,3055.50,0.00,3055.50
1319905,"",202304216,2023-12-07,2023-12-22,USD,3047.52,0.00,3047.52
1129701,"",202303836,2023-11-09,2024-01-08,USD,2906.40,0.00,2906.40
1034704,"",202303612,2023-10-25,2024-01-08,USD,2825.55,0.00,2825.55
1034704,"",202303445,2023-10-11,2023-12-25,USD,2825.55,0.00,2825.55
1319905,"",202304474,2023-12-20,2024-01-04,USD,2824.50,0.00,2824.50
1319905,"",202304412,2023-12-18,2024-01-02,USD,2824.50,0.00,2824.50
1319905,"",202304368,2023-12-15,2023-12-30,USD,2824.50,0.00,2824.50
1319905,"",202304325,2023-12-13,2023-12-28,USD,2824.50,0.00,2824.50
1319905,"",202304262,2023-12-11,2023-12-26,USD,2824.50,0.00,2824.50
1319905,"",202304229,2023-12-08,2023-12-23,USD,2824.50,0.00,2824.50
1129701,"",202303839,2023-11-09,2024-01-08,USD,2783.55,0.00,2783.55
1129701,"",202303835,2023-11-09,2024-01-08,USD,2778.30,0.00,2778.30
1319904,"",202304227,2023-12-08,2024-01-07,USD,2665.74,0.00,2665.74
1319905,"",202304491,2023-12-20,2024-01-04,USD,2619.96,0.00,2619.96
1319905,"",202304479,2023-12-20,2024-01-04,USD,2610.51,0.00,2610.51
1319905,"",202304299,2023-12-12,2023-12-27,USD,2610.51,0.00,2610.51
1975001,"",202303391,2023-10-03,2024-01-01,USD,2572.71,0.00,2572.71
1319905,"",202304480,2023-12-20,2024-01-04,USD,2536.80,0.00,2536.80
1319905,"",202304451,2023-12-19,2024-01-03,USD,2536.80,0.00,2536.80
1319905,"",202304417,2023-12-18,2024-01-02,USD,2536.80,0.00,2536.80
1319905,"",202304374,2023-12-15,2023-12-30,USD,2536.80,0.00,2536.80
1319905,"",202304269,2023-12-11,2023-12-26,USD,2536.80,0.00,2536.80
1129701,"",202303838,2023-11-09,2024-01-08,USD,2492.70,0.00,2492.70
1319905,"",202304506,2023-12-21,2024-01-05,USD,2381.40,0.00,2381.40
1319905,"",202304485,2023-12-20,2024-01-04,USD,2381.40,0.00,2381.40
1319905,"",202304456,2023-12-19,2024-01-03,USD,2381.40,0.00,2381.40
1319905,"",202304423,2023-12-18,2024-01-02,USD,2381.40,0.00,2381.40
1319905,"",202304329,2023-12-13,2023-12-28,USD,2381.40,0.00,2381.40
1319905,"",202304276,2023-12-11,2023-12-26,USD,2381.40,0.00,2381.40
1319905,"",202304240,2023-12-08,2023-12-23,USD,2381.40,0.00,2381.40
1319905,"",202304205,2023-12-07,2023-12-22,USD,2381.40,0.00,2381.40
1319905,"",202304247,2023-12-09,2023-12-24,USD,2378.88,0.00,2378.88
1319905,"",202304487,2023-12-20,2024-01-04,USD,2215.71,0.00,2215.71
1319905,"",202304308,2023-12-12,2023-12-27,USD,2215.71,0.00,2215.71
1319904,"",202304228,2023-12-08,2024-01-07,USD,2116.59,0.00,2116.59
1319905,"",202304416,2023-12-18,2024-01-02,USD,2085.51,0.00,2085.51
1319905,"",202304209,2023-12-07,2023-12-22,USD,2084.88,0.00,2084.88
1319905,"",202304486,2023-12-20,2024-01-04,USD,2075.85,0.00,2075.85
1319905,"",202304427,2023-12-18,2024-01-02,USD,2075.85,0.00,2075.85
1319905,"",202304356,2023-12-14,2023-12-29,USD,2075.85,0.00,2075.85
1319905,"",202304307,2023-12-12,2023-12-27,USD,2075.85,0.00,2075.85
1319905,"",202304242,2023-12-08,2023-12-23,USD,2075.85,0.00,2075.85
1319905,"",202304246,2023-12-09,2023-12-24,USD,1948.38,0.00,1948.38
1319905,"",202304477,2023-12-20,2024-01-04,USD,1761.90,0.00,1761.90
1319905,"",202304335,2023-12-14,2023-12-29,USD,1761.90,0.00,1761.90
1319905,"",202304297,2023-12-12,2023-12-27,USD,1761.90,0.00,1761.90
1319905,"",202304266,2023-12-11,2023-12-26,USD,1761.90,0.00,1761.90
1319905,"",202304310,2023-12-12,2023-12-27,USD,1541.19,0.00,1541.19
1319905,"",202304215,2023-12-07,2023-12-22,USD,1541.19,0.00,1541.19
1319905,"",202304493,2023-12-20,2024-01-04,USD,1523.76,0.00,1523.76
1319905,"",202304464,2023-12-19,2024-01-03,USD,1523.76,0.00,1523.76
1319905,"",202304525,2023-12-28,2024-01-12,USD,390.39,0.00,390.39