Acct,Type,UnitCd,DerSite,EffDate,ObsDate,_ItemId,UnitDesc,AcctClass,IsControl,DerAmount1,DerAmount2,InWorkflow,RecordDate,RowPointer,UseBuyRate,AccessUnit1,AccessUnit2,AccessUnit3,AccessUnit4,Description,TransMethod,UDFDecimal1,UDFDecimal2,UDFDecimal3,UDFDecimal4,UDFDecimal5,UDFDecimal6,UDFInteger1,UDFInteger2,UDFInteger3,UDFInteger4,UDFInteger5,UDFInteger6,ApplyForIETU,DeductionPct,UDFDateTime1,UDFDateTime2,UDFDateTime3,UDFDateTime4,UDFDateTime5,UDFDateTime6,UDFLongText1,UDFLongText2,DIOTTransType,DerFiscalYear,ReportsToAcct,UDFRecordDate,UDFRowPointer,UDFShortText1,UDFShortText2,UDFShortText3,UDFShortText4,UDFShortText5,UDFShortText6,UDFShortText7,_ItemWarnings,NoteExistsFlag,UDFMediumText1,UDFMediumText2,UDFMediumText3,UDFMediumText4,UDFMediumText5,UDFMediumText6,LedgerDimension,DerFRxExportLine,IETUClassification,DimensionDescription,DerOldLedgerDimension,ReportsToAcctDescription,DerOldDimensionDescription
100000,A,,,,,PBT=[chart] chrt.DT=[2024-02-08 14:54:49.200] chrt.ID=[95c1c604-af0a-444d-907b-e7b713b7dc00],,,0,,,0,20240208 14:54:49.200,95c1c604-af0a-444d-907b-e7b713b7dc00,1,A,N,N,N,OUT-OF-BALANCE ERROR,N,,,,,,,,,,,,,,,,,,,,,,,,,,,,,,,,,,,,0,,,,,,,,,,,,,
10100,A,,,,,PBT=[chart] chrt.DT=[2025-06-12 14:32:42.090] chrt.ID=[fbd64d5e-bb9d-4637-a6fc-ff543ccd74b5],,,0,,,0,20250612 14:32:42.090,fbd64d5e-bb9d-4637-a6fc-ff543ccd74b5,1,A,N,N,N,Cash - Atlantic Union Bank,N,,,,,,,,,,,,,,,,,,,,,,,,,,,,,,,,,,,,0,,,,,,,,,,,,,
10150,A,,,,,PBT=[chart] chrt.DT=[2025-06-12 14:29:37.387] chrt.ID=[e5dcba71-d528-4ef7-8be3-734258571b83],,,0,,,0,20250612 14:29:37.387,e5dcba71-d528-4ef7-8be3-734258571b83,1,A,N,N,N,Cash - National Bank,N,,,,,,,,,,,,,,,,,,,,,,,,,,,,,,,,,,,,0,,,,,,,,,,,,,
10200,A,,,,,PBT=[chart] chrt.DT=[2020-07-31 11:09:11.030] chrt.ID=[8342c822-c727-4a48-9241-7d5749ccdea1],,,0,,,0,20200731 11:09:11.030,8342c822-c727-4a48-9241-7d5749ccdea1,1,A,N,N,N,Money Market Account,N,,,,,,,,,,,,,,,,,,,,,,,,,,,,,,,,,,,,0,,,,,,,,,,,,,
10250,A,,,,,PBT=[chart] chrt.DT=[2025-06-12 14:35:51.737] chrt.ID=[50809777-9673-4751-aab8-4e6c4f9f0a72],,,0,,,0,20250612 14:35:51.737,50809777-9673-4751-aab8-4e6c4f9f0a72,1,A,N,N,N,Money Market Account - NB,N,,,,,,,,,,,,,,,,,,,,,,,,,,,,,,,,,,,,0,,,,,,,,,,,,,
10400,A,,,,,PBT=[chart] chrt.DT=[2017-04-01 04:25:02.927] chrt.ID=[c728eec4-69c4-4d0d-9ea9-9bdd3647fdb1],,,0,,,0,20170401 04:25:02.927,c728eec4-69c4-4d0d-9ea9-9bdd3647fdb1,1,A,N,N,N,Checking - Flex Spending,N,,,,,,,,,,,,,,,,,,,,,,,,,,,,,,,,,,,,0,,,,,,,,,,,,,
10450,A,,,,,PBT=[chart] chrt.DT=[2023-08-21 17:19:37.587] chrt.ID=[deb8d98f-71b7-48ab-bc26-00f59f019c35],,,0,,,0,20230821 17:19:37.587,deb8d98f-71b7-48ab-bc26-00f59f019c35,1,A,N,N,N,Flex Spending - FCB,N,,,,,,,,,,,,,,,,,,,,,,,,,,,,,,,,,,,,0,,,,,,,,,,,,,
11100,A,,,,,PBT=[chart] chrt.DT=[2017-04-01 04:25:03.007] chrt.ID=[83a92459-70fc-4ed4-9d38-ab12656ea829],,,0,,,0,20170401 04:25:03.007,83a92459-70fc-4ed4-9d38-ab12656ea829,1,A,N,N,N,Accounts Receivable,N,,,,,,,,,,,,,,,,,,,,,,,,,,,,,,,,,,,,0,,,,,,,,,,,,,
11120,A,,,,,PBT=[chart] chrt.DT=[2024-08-30 13:41:48.810] chrt.ID=[9d782986-f538-4a91-a1ae-753e2c6cb780],,,0,,,0,20240830 13:41:48.810,9d782986-f538-4a91-a1ae-753e2c6cb780,1,A,N,N,N,Federal/State Income Tax Refund,N,,,,,,,,,,,,,,,,,,,,,,,,,,,,,,,,,,,,0,,,,,,,,,,,,,
11150,A,,,,,PBT=[chart] chrt.DT=[2024-08-26 14:04:19.307] chrt.ID=[856fcebb-0bb3-4d78-82dc-7f6e9974eb5e],,,0,,,0,20240826 14:04:19.307,856fcebb-0bb3-4d78-82dc-7f6e9974eb5e,1,A,N,N,N,ERC Receivable,N,,,,,,,,,,,,,,,,,,,,,,,,,,,,,,,,,,,,0,,,,,,,,,,,,,
11160,A,,,,,PBT=[chart] chrt.DT=[2018-04-30 14:39:46.533] chrt.ID=[a40398d4-90ba-46f6-b635-790756c3f90a],,,0,,,0,20180430 14:39:46.533,a40398d4-90ba-46f6-b635-790756c3f90a,1,A,N,N,N,Split Dollar Life Receivable,N,,,,,,,,,,,,,,,,,,,,,,,,,,,,,,,,,,,,0,,,,,,,,,,,,,
11200,A,,,,,PBT=[chart] chrt.DT=[2017-04-01 04:25:03.067] chrt.ID=[824117ea-30aa-412a-b8e2-1119bbd37783],,,0,,,0,20170401 04:25:03.067,824117ea-30aa-412a-b8e2-1119bbd37783,1,A,N,N,N,Allowance For Bad Debts,N,,,,,,,,,,,,,,,,,,,,,,,,,,,,,,,,,,,,0,,,,,,,,,,,,,
113110,A,,,,,PBT=[chart] chrt.DT=[2020-06-02 13:23:27.253] chrt.ID=[90f0fe17-774f-4824-992a-f9fdca98ed2c],,,0,,,0,20200602 13:23:27.253,90f0fe17-774f-4824-992a-f9fdca98ed2c,1,N,N,N,N,B E Aerospace Phillipines 菲律宾,N,,,,,,,,,,,,,,,,,,,,,,,,,,,,,,,,,,,,0,,,,,,,,,,,,,
113111,A,,,,,PBT=[chart] chrt.DT=[2020-06-02 13:23:27.500] chrt.ID=[7dfb7119-bf6e-40df-ba71-dfb6e92bd2c4],,,0,,,0,20200602 13:23:27.500,7dfb7119-bf6e-40df-ba71-dfb6e92bd2c4,1,N,N,N,N,Airedale Int'l Air Conditioning,N,,,,,,,,,,,,,,,,,,,,,,,,,,,,,,,,,,,,0,,,,,,,,,,,,,
113112,A,,,,,PBT=[chart] chrt.DT=[2020-06-02 13:23:27.533] chrt.ID=[9ecc4197-a56e-4103-a571-b161a4bef02f],,,0,,,0,20200602 13:23:27.533,9ecc4197-a56e-4103-a571-b161a4bef02f,1,N,N,N,N,PEKM KABELTECHNIK S R O,N,,,,,,,,,,,,,,,,,,,,,,,,,,,,,,,,,,,,0,,,,,,,,,,,,,
113113,A,,,,,PBT=[chart] chrt.DT=[2020-06-02 13:23:27.563] chrt.ID=[86c96819-a3eb-424c-bbce-addf03792951],,,0,,,0,20200602 13:23:27.563,86c96819-a3eb-424c-bbce-addf03792951,1,N,N,N,N,MODINE THERMAL SYSTEMS PRIVATE LTD,N,,,,,,,,,,,,,,,,,,,,,,,,,,,,,,,,,,,,0,,,,,,,,,,,,,
113114,A,,,,,PBT=[chart] chrt.DT=[2020-06-02 13:23:27.597] chrt.ID=[9205723c-8fec-46f7-a108-8dffa7d441d4],,,0,,,0,20200602 13:23:27.597,9205723c-8fec-46f7-a108-8dffa7d441d4,1,N,N,N,N,Bizlink Technology,N,,,,,,,,,,,,,,,,,,,,,,,,,,,,,,,,,,,,0,,,,,,,,,,,,,
113115,A,,,,,PBT=[chart] chrt.DT=[2020-06-02 13:23:27.630] chrt.ID=[0e42a05f-8b7b-46ea-bf04-184744e3ed72],,,0,,,0,20200602 13:23:27.630,0e42a05f-8b7b-46ea-bf04-184744e3ed72,1,N,N,N,N,Airedale Entl Air Conditioning,N,,,,,,,,,,,,,,,,,,,,,,,,,,,,,,,,,,,,0,,,,,,,,,,,,,
113116,A,,,,,PBT=[chart] chrt.DT=[2020-06-02 13:23:27.663] chrt.ID=[3cd9ad65-dd6e-40ff-83c1-5cc1c050afd6],,,0,,,0,20200602 13:23:27.663,3cd9ad65-dd6e-40ff-83c1-5cc1c050afd6,1,N,N,N,N,Atlantic Precision Resource USA (PARTS),N,,,,,,,,,,,,,,,,,,,,,,,,,,,,,,,,,,,,0,,,,,,,,,,,,,
113117,A,,,,,PBT=[chart] chrt.DT=[2020-06-02 13:23:27.700] chrt.ID=[10e08ed4-05d1-497c-ab7d-894e4de6b796],,,0,,,0,20200602 13:23:27.700,10e08ed4-05d1-497c-ab7d-894e4de6b796,1,N,N,N,N,Modine Hungaria Kft,N,,,,,,,,,,,,,,,,,,,,,,,,,,,,,,,,,,,,0,,,,,,,,,,,,,
11500,A,,,,,PBT=[chart] chrt.DT=[2017-04-01 04:25:03.123] chrt.ID=[e8197d19-b74c-4584-83ea-732bc6a99082],,,0,,,0,20170401 04:25:03.123,e8197d19-b74c-4584-83ea-732bc6a99082,1,A,N,N,N,Investment in APR Asia Ltd-,N,,,,,,,,,,,,,,,,,,,,,,,,,,,,,,,,,,,,0,,,,,,,,,,,,,
11700,A,,,,,PBT=[chart] chrt.DT=[2017-04-01 04:25:03.170] chrt.ID=[4aba1ec3-878b-4c71-bd71-3c99c12e2d4a],,,0,,,0,20170401 04:25:03.170,4aba1ec3-878b-4c71-bd71-3c99c12e2d4a,1,A,N,N,N,Employee Advances,N,,,,,,,,,,,,,,,,,,,,,,,,,,,,,,,,,,,,0,,,,,,,,,,,,,
11800,A,,,,,PBT=[chart] chrt.DT=[2017-04-01 04:25:03.220] chrt.ID=[6330464c-f4fd-4d06-bf65-3538fc90b07e],,,0,,,0,20170401 04:25:03.220,6330464c-f4fd-4d06-bf65-3538fc90b07e,1,A,N,N,N,Prepaid Taxes - Federal,N,,,,,,,,,,,,,,,,,,,,,,,,,,,,,,,,,,,,0,,,,,,,,,,,,,
11850,A,,,,,PBT=[chart] chrt.DT=[2017-04-01 04:25:03.277] chrt.ID=[18d31dd7-950d-42fb-889e-a233eda46dcd],,,0,,,0,20170401 04:25:03.277,18d31dd7-950d-42fb-889e-a233eda46dcd,1,A,N,N,N,Prepaid Taxes - State,N,,,,,,,,,,,,,,,,,,,,,,,,,,,,,,,,,,,,0,,,,,,,,,,,,,
11870,A,,,,,PBT=[chart] chrt.DT=[2020-06-02 13:23:27.787] chrt.ID=[a7a688de-9644-433d-8312-565422e47d66],,,0,,,0,20200602 13:23:27.787,a7a688de-9644-433d-8312-565422e47d66,1,A,N,N,N,Prepaid Expenses,N,,,,,,,,,,,,,,,,,,,,,,,,,,,,,,,,,,,,0,,,,,,,,,,,,,
11900,A,,,,,PBT=[chart] chrt.DT=[2017-04-01 04:25:03.330] chrt.ID=[3235ae03-cb00-4ece-a186-3f424ceaea9c],,,0,,,0,20170401 04:25:03.330,3235ae03-cb00-4ece-a186-3f424ceaea9c,1,A,N,N,N,Prepaid Inventory Invoices IBNR,N,,,,,,,,,,,,,,,,,,,,,,,,,,,,,,,,,,,,0,,,,,,,,,,,,,
12000,A,,,,,PBT=[chart] chrt.DT=[2017-06-16 13:17:01.273] chrt.ID=[30baa3a4-fae2-4686-a6e1-82e6ccb0c5d1],,,0,,,0,20170616 13:17:01.273,30baa3a4-fae2-4686-a6e1-82e6ccb0c5d1,1,A,A,N,N,Inventory,N,,,,,,,,,,,,,,,,,,,,,,,,,,,,,,,,,,,,0,,,,,,,,,,,,,
200000,A,,,,,PBT=[chart] chrt.DT=[2017-04-01 04:25:03.433] chrt.ID=[d1cc761b-f79c-4d2f-a540-9719dd5c436c],,,0,,,0,20170401 04:25:03.433,d1cc761b-f79c-4d2f-a540-9719dd5c436c,1,N,N,N,N,PAYROLL POSTING ERROR,N,,,,,,,,,,,,,,,,,,,,,,,,,,,,,,,,,,,,0,,,,,,,,,,,,,
21000,A,,,,,PBT=[chart] chrt.DT=[2017-04-01 04:25:03.500] chrt.ID=[f44d245f-2ab3-46c0-8de8-879e80508d07],,,0,,,0,20170401 04:25:03.500,f44d245f-2ab3-46c0-8de8-879e80508d07,1,A,N,N,N,Furniture & Fixtures,N,,,,,,,,,,,,,,,,,,,,,,,,,,,,,,,,,,,,0,,,,,,,,,,,,,
21100,A,,,,,PBT=[chart] chrt.DT=[2017-04-01 04:25:03.553] chrt.ID=[9fdb530f-1db2-44d8-9257-c129bcbc6a6f],,,0,,,0,20170401 04:25:03.553,9fdb530f-1db2-44d8-9257-c129bcbc6a6f,1,A,N,N,N,Accum Deprn - Furn & Fixtures,N,,,,,,,,,,,,,,,,,,,,,,,,,,,,,,,,,,,,0,,,,,,,,,,,,,
218103,L,,,,,PBT=[chart] chrt.DT=[2020-06-02 13:23:27.873] chrt.ID=[2aa675b6-9086-467f-bb03-ac5ce716c752],,,0,,,0,20200602 13:23:27.873,2aa675b6-9086-467f-bb03-ac5ce716c752,1,N,N,N,N,Personal Social Security,N,,,,,,,,,,,,,,,,,,,,,,,,,,,,,,,,,,,,0,,,,,,,,,,,,,
218104,L,,,,,PBT=[chart] chrt.DT=[2020-06-02 13:23:27.907] chrt.ID=[710cfd36-2b31-4eec-aadf-f7b67a583129],,,0,,,0,20200602 13:23:27.907,710cfd36-2b31-4eec-aadf-f7b67a583129,1,N,N,N,N,Personal House Fund,N,,,,,,,,,,,,,,,,,,,,,,,,,,,,,,,,,,,,0,,,,,,,,,,,,,
22000,A,,,,,PBT=[chart] chrt.DT=[2017-04-01 04:25:03.600] chrt.ID=[7acb3960-a7c0-4c78-b75c-7b32de7b5646],,,0,,,0,20170401 04:25:03.600,7acb3960-a7c0-4c78-b75c-7b32de7b5646,1,A,N,N,N,Vehicles,N,,,,,,,,,,,,,,,,,,,,,,,,,,,,,,,,,,,,0,,,,,,,,,,,,,
22100,A,,,,,PBT=[chart] chrt.DT=[2017-04-01 04:25:03.653] chrt.ID=[8fd50fe8-edfe-461b-a6b0-1caa59bcd078],,,0,,,0,20170401 04:25:03.653,8fd50fe8-edfe-461b-a6b0-1caa59bcd078,1,A,N,N,N,Accum- Deprn- - Vehicles,N,,,,,,,,,,,,,,,,,,,,,,,,,,,,,,,,,,,,0,,,,,,,,,,,,,
22500,A,,,,,PBT=[chart] chrt.DT=[2019-05-02 10:31:43.660] chrt.ID=[be5b10f9-888a-4f66-b43a-8974eaa7ddc0],,,0,,,0,20190502 10:31:43.660,be5b10f9-888a-4f66-b43a-8974eaa7ddc0,1,A,N,N,N,Leasehold Improvements,N,,,,,,,,,,,,,,,,,,,,,,,,,,,,,,,,,,,,0,,,,,,,,,,,,,
22600,A,,,,,PBT=[chart] chrt.DT=[2019-05-02 10:31:44.740] chrt.ID=[df9fa2fc-aa74-4129-90a5-a676ed19cc0b],,,0,,,0,20190502 10:31:44.740,df9fa2fc-aa74-4129-90a5-a676ed19cc0b,1,A,N,N,N,Accumulated Deprn - Leasehold,N,,,,,,,,,,,,,,,,,,,,,,,,,,,,,,,,,,,,0,,,,,,,,,,,,,
23000,A,,,,,PBT=[chart] chrt.DT=[2017-04-01 04:25:03.707] chrt.ID=[6f8c26a6-12c6-4b0d-956e-9b15f33ccb46],,,0,,,0,20170401 04:25:03.707,6f8c26a6-12c6-4b0d-956e-9b15f33ccb46,1,A,N,N,N,Machinery & Equipment,N,,,,,,,,,,,,,,,,,,,,,,,,,,,,,,,,,,,,0,,,,,,,,,,,,,
23100,A,,,,,PBT=[chart] chrt.DT=[2017-04-01 04:25:03.753] chrt.ID=[bda5ea48-186d-4291-b9a5-8c3b9ba5ef44],,,0,,,0,20170401 04:25:03.753,bda5ea48-186d-4291-b9a5-8c3b9ba5ef44,1,A,N,N,N,Accum Deprn - Mach & Equipment,N,,,,,,,,,,,,,,,,,,,,,,,,,,,,,,,,,,,,0,,,,,,,,,,,,,
23500,A,,,,,PBT=[chart] chrt.DT=[2017-04-01 04:25:03.807] chrt.ID=[342b8d38-255c-47ae-a4b9-d5365b5cb608],,,0,,,0,20170401 04:25:03.807,342b8d38-255c-47ae-a4b9-d5365b5cb608,1,A,N,N,N,Software,N,,,,,,,,,,,,,,,,,,,,,,,,,,,,,,,,,,,,0,,,,,,,,,,,,,
23600,A,,,,,PBT=[chart] chrt.DT=[2017-04-01 04:25:03.867] chrt.ID=[0710d7e7-b35d-4c89-9948-5880e993b036],,,0,,,0,20170401 04:25:03.867,0710d7e7-b35d-4c89-9948-5880e993b036,1,A,N,N,N,Accumulated Depreciation - Software,N,,,,,,,,,,,,,,,,,,,,,,,,,,,,,,,,,,,,0,,,,,,,,,,,,,
23700,A,,,,,PBT=[chart] chrt.DT=[2017-04-08 19:37:50.540] chrt.ID=[d3712bfc-253a-4d11-b78d-8432e6942272],,,0,,,0,20170408 19:37:50.540,d3712bfc-253a-4d11-b78d-8432e6942272,1,A,N,N,N,China - Equipment,N,,,,,,,,,,,,,,,,,,,,,,,,,,,,,,,,,,,,0,,,,,,,,,,,,,
23720,A,,,,,PBT=[chart] chrt.DT=[2017-04-08 19:37:51.763] chrt.ID=[ad72d076-dc48-4eef-a1a2-a956ec7dd478],,,0,,,0,20170408 19:37:51.763,ad72d076-dc48-4eef-a1a2-a956ec7dd478,1,A,N,N,N,Accumulated Depreciation - China Equip,N,,,,,,,,,,,,,,,,,,,,,,,,,,,,,,,,,,,,0,,,,,,,,,,,,,
23800,A,,,,,PBT=[chart] chrt.DT=[2017-04-08 19:37:51.803] chrt.ID=[c8fbe3d3-1ed1-4fd7-b669-f7d5463ce859],,,0,,,0,20170408 19:37:51.803,c8fbe3d3-1ed1-4fd7-b669-f7d5463ce859,1,A,N,N,N,China Software,N,,,,,,,,,,,,,,,,,,,,,,,,,,,,,,,,,,,,0,,,,,,,,,,,,,
24000,A,,,,,PBT=[chart] chrt.DT=[2017-04-01 04:25:03.920] chrt.ID=[ea0d23d8-28ca-4487-8781-8513d03787ed],,,0,,,0,20170401 04:25:03.920,ea0d23d8-28ca-4487-8781-8513d03787ed,1,A,N,N,N,Goodwill,N,,,,,,,,,,,,,,,,,,,,,,,,,,,,,,,,,,,,0,,,,,,,,,,,,,
30100,L,,,,,PBT=[chart] chrt.DT=[2017-04-01 04:25:03.967] chrt.ID=[60cf0443-e855-4443-badf-f7e9bd3c7711],,,0,,,0,20170401 04:25:03.967,60cf0443-e855-4443-badf-f7e9bd3c7711,1,A,N,N,N,Accounts Payable,N,,,,,,,,,,,,,,,,,,,,,,,,,,,,,,,,,,,,0,,,,,,,,,,,,,
30200,L,,,,,PBT=[chart] chrt.DT=[2017-04-01 04:25:04.013] chrt.ID=[dfcde1ba-1483-420a-baeb-253def1304b7],,,0,,,0,20170401 04:25:04.013,dfcde1ba-1483-420a-baeb-253def1304b7,1,A,N,N,N,Inventory Rec'd/Not Invoiced,N,,,,,,,,,,,,,,,,,,,,,,,,,,,,,,,,,,,,0,,,,,,,,,,,,,
30300,L,,,,,PBT=[chart] chrt.DT=[2018-02-22 13:57:55.947] chrt.ID=[97b98d9a-0959-40c8-9558-2e4b66249fd6],,,0,,,0,20180222 13:57:55.947,97b98d9a-0959-40c8-9558-2e4b66249fd6,1,N,N,N,N,VRMA Pending,N,,,,,,,,,,,,,,,,,,,,,,,,,,,,,,,,,,,,0,,,,,,,,,,,,,
34100,L,,,,,PBT=[chart] chrt.DT=[2017-04-01 04:25:04.060] chrt.ID=[e597332a-4405-417f-9a2f-c812c87cdb50],,,0,,,0,20170401 04:25:04.060,e597332a-4405-417f-9a2f-c812c87cdb50,1,A,N,N,N,Federal Withholding,N,,,,,,,,,,,,,,,,,,,,,,,,,,,,,,,,,,,,0,,,,,,,,,,,,,
34150,L,,,,,PBT=[chart] chrt.DT=[2017-09-20 18:19:23.953] chrt.ID=[a043d05a-2dbc-4c4a-ba58-369fdd91376a],,U,0,,,0,20170920 18:19:23.953,a043d05a-2dbc-4c4a-ba58-369fdd91376a,1,A,N,N,N,Deferred Compensation,N,,,,,,,,,,,,,,,,,,,,,,,,,,,,,,,,,,,,0,,,,,,,,,,,,,
34200,L,,,,,PBT=[chart] chrt.DT=[2017-04-01 04:25:04.163] chrt.ID=[b392fbd7-14c9-447d-a9ee-234998afe1c3],,,0,,,0,20170401 04:25:04.163,b392fbd7-14c9-447d-a9ee-234998afe1c3,1,A,N,N,N,FICA Withholding,N,,,,,,,,,,,,,,,,,,,,,,,,,,,,,,,,,,,,0,,,,,,,,,,,,,
34300,L,,,,,PBT=[chart] chrt.DT=[2017-04-01 04:25:04.220] chrt.ID=[0a39ebaf-94a4-4911-a91c-1bab4bc9bc93],,,0,,,0,20170401 04:25:04.220,0a39ebaf-94a4-4911-a91c-1bab4bc9bc93,1,A,N,N,N,FICA Employer,N,,,,,,,,,,,,,,,,,,,,,,,,,,,,,,,,,,,,0,,,,,,,,,,,,,
34350,L,,,,,PBT=[chart] chrt.DT=[2020-04-06 12:44:46.523] chrt.ID=[20da908b-4c67-45b7-ae2c-cca8998ea055],,,0,,,0,20200406 12:44:46.523,20da908b-4c67-45b7-ae2c-cca8998ea055,1,A,N,N,N,FICA Employer Deferred,N,,,,,,,,,,,,,,,,,,,,,,,,,,,,,,,,,,,,0,,,,,,,,,,,,,
34400,L,,,,,PBT=[chart] chrt.DT=[2017-04-01 04:25:04.277] chrt.ID=[63d9965a-855a-4d47-9ad5-ee06c79f9b28],,,0,,,0,20170401 04:25:04.277,63d9965a-855a-4d47-9ad5-ee06c79f9b28,1,A,N,N,N,Federal Unemployment,N,,,,,,,,,,,,,,,,,,,,,,,,,,,,,,,,,,,,0,,,,,,,,,,,,,
34600,L,,,,,PBT=[chart] chrt.DT=[2018-01-23 15:41:14.897] chrt.ID=[3c4433a0-d9c7-484b-8e6e-180f4e07fd9f],,,0,,,0,20180123 15:41:14.897,3c4433a0-d9c7-484b-8e6e-180f4e07fd9f,1,A,N,N,N,VA State Unemployment,N,,,,,,,,,,,,,,,,,,,,,,,,,,,,,,,,,,,,0,,,,,,,,,,,,,
34605,L,,,,,PBT=[chart] chrt.DT=[2020-09-11 07:18:51.750] chrt.ID=[1b9318a4-60dd-4c37-8a9b-8517b8b65b95],,,0,,,0,20200911 07:18:51.750,1b9318a4-60dd-4c37-8a9b-8517b8b65b95,1,A,N,N,N,GA State Unemployment,N,,,,,,,,,,,,,,,,,,,,,,,,,,,,,,,,,,,,0,,,,,,,,,,,,,
34610,L,,,,,PBT=[chart] chrt.DT=[2020-04-07 08:42:46.380] chrt.ID=[b2eaff08-d70b-45a9-9015-9104c2d3e344],,,0,,,0,20200407 08:42:46.380,b2eaff08-d70b-45a9-9015-9104c2d3e344,1,A,N,N,N,NC State Unemployment,N,,,,,,,,,,,,,,,,,,,,,,,,,,,,,,,,,,,,0,,,,,,,,,,,,,
34615,L,,,,,PBT=[chart] chrt.DT=[2024-03-11 08:50:23.870] chrt.ID=[4c3c2b58-d73f-40df-b438-55f5ca6e25c7],,,0,,,0,20240311 08:50:23.870,4c3c2b58-d73f-40df-b438-55f5ca6e25c7,1,A,N,N,N,CA State Unemployment,N,,,,,,,,,,,,,,,,,,,,,,,,,,,,,,,,,,,,0,,,,,,,,,,,,,
34620,L,,,,,PBT=[chart] chrt.DT=[2017-04-01 04:25:04.380] chrt.ID=[b510e85e-ea72-41c7-bf08-4d85de63668a],,,0,,,0,20170401 04:25:04.380,b510e85e-ea72-41c7-bf08-4d85de63668a,1,A,N,N,N,MA State Unemployment,N,,,,,,,,,,,,,,,,,,,,,,,,,,,,,,,,,,,,0,,,,,,,,,,,,,
34625,L,,,,,PBT=[chart] chrt.DT=[2023-03-07 09:35:13.610] chrt.ID=[8e1cfa82-7cfe-46b3-9930-2645faf71784],,,0,,,0,20230307 09:35:13.610,8e1cfa82-7cfe-46b3-9930-2645faf71784,1,A,N,N,N,OH State Unemployment,N,,,,,,,,,,,,,,,,,,,,,,,,,,,,,,,,,,,,0,,,,,,,,,,,,,
34630,L,,,,,PBT=[chart] chrt.DT=[2017-04-01 04:25:04.450] chrt.ID=[0ed0310f-76f2-4939-b4ce-3ccbfd7b17b0],,,0,,,0,20170401 04:25:04.450,0ed0310f-76f2-4939-b4ce-3ccbfd7b17b0,1,A,N,N,N,TX State Unemployment,N,,,,,,,,,,,,,,,,,,,,,,,,,,,,,,,,,,,,0,,,,,,,,,,,,,
34640,L,,,,,PBT=[chart] chrt.DT=[2018-01-24 10:29:56.353] chrt.ID=[16aa9065-0821-48c7-9ad5-080f86e34538],,,0,,,0,20180124 10:29:56.353,16aa9065-0821-48c7-9ad5-080f86e34538,1,A,N,N,N,CO State Unemployment,N,,,,,,,,,,,,,,,,,,,,,,,,,,,,,,,,,,,,0,,,,,,,,,,,,,
34645,L,,,,,PBT=[chart] chrt.DT=[2020-09-11 07:19:17.420] chrt.ID=[a636e878-bdbe-4332-a8d0-fd98e4d51726],,,0,,,0,20200911 07:19:17.420,a636e878-bdbe-4332-a8d0-fd98e4d51726,1,A,N,N,N,State Withholding - GA,N,,,,,,,,,,,,,,,,,,,,,,,,,,,,,,,,,,,,0,,,,,,,,,,,,,
34650,L,,,,,PBT=[chart] chrt.DT=[2017-04-01 04:25:04.507] chrt.ID=[bbe50655-d04c-416e-be19-042ddc1a9971],,,0,,,0,20170401 04:25:04.507,bbe50655-d04c-416e-be19-042ddc1a9971,1,A,N,N,N,State Withholding - MA,N,,,,,,,,,,,,,,,,,,,,,,,,,,,,,,,,,,,,0,,,,,,,,,,,,,
34655,L,,,,,PBT=[chart] chrt.DT=[2024-03-11 08:50:23.987] chrt.ID=[7cd536cc-ddd8-4f79-924d-cf4cd96a869f],,,0,,,0,20240311 08:50:23.987,7cd536cc-ddd8-4f79-924d-cf4cd96a869f,1,A,N,N,N,State Withholding - CA,N,,,,,,,,,,,,,,,,,,,,,,,,,,,,,,,,,,,,0,,,,,,,,,,,,,
34660,L,,,,,PBT=[chart] chrt.DT=[2020-04-07 08:43:27.420] chrt.ID=[9dbca11b-0420-43fd-87ce-b53810a8ca16],,,0,,,0,20200407 08:43:27.420,9dbca11b-0420-43fd-87ce-b53810a8ca16,1,A,N,N,N,State Withholding - NC,N,,,,,,,,,,,,,,,,,,,,,,,,,,,,,,,,,,,,0,,,,,,,,,,,,,
34670,L,,,,,PBT=[chart] chrt.DT=[2017-04-01 04:25:04.557] chrt.ID=[06d04f85-4252-4921-800e-539c3c89b257],,,0,,,0,20170401 04:25:04.557,06d04f85-4252-4921-800e-539c3c89b257,1,A,N,N,N,State Withholding - AL,N,,,,,,,,,,,,,,,,,,,,,,,,,,,,,,,,,,,,0,,,,,,,,,,,,,
34675,L,,,,,PBT=[chart] chrt.DT=[2023-03-07 09:35:13.737] chrt.ID=[82938e49-9e6f-4711-ae3a-9c87050f659f],,,0,,,0,20230307 09:35:13.737,82938e49-9e6f-4711-ae3a-9c87050f659f,1,A,N,N,N,State Withholding - OH,N,,,,,,,,,,,,,,,,,,,,,,,,,,,,,,,,,,,,0,,,,,,,,,,,,,
34680,L,,,,,PBT=[chart] chrt.DT=[2017-04-01 04:25:04.620] chrt.ID=[13e9da4a-de4a-413e-b977-957b99397731],,,0,,,0,20170401 04:25:04.620,13e9da4a-de4a-413e-b977-957b99397731,1,A,N,N,N,AL State Unemployment,N,,,,,,,,,,,,,,,,,,,,,,,,,,,,,,,,,,,,0,,,,,,,,,,,,,
34690,L,,,,,PBT=[chart] chrt.DT=[2017-09-29 16:42:14.910] chrt.ID=[23616434-ddfc-493c-90ad-ed15619d78b1],,,0,,,0,20170929 16:42:14.910,23616434-ddfc-493c-90ad-ed15619d78b1,1,A,N,N,N,State Withholding - CO,N,,,,,,,,,,,,,,,,,,,,,,,,,,,,,,,,,,,,0,,,,,,,,,,,,,
34700,L,,,,,PBT=[chart] chrt.DT=[2020-07-07 13:20:23.523] chrt.ID=[716fbbdf-3af7-4f75-992d-090449053e5c],,,0,,,0,20200707 13:20:23.523,716fbbdf-3af7-4f75-992d-090449053e5c,1,A,N,N,N,Denver Bus Occupational Privilege Tax,N,,,,,,,,,,,,,,,,,,,,,,,,,,,,,,,,,,,,0,,,,,,,,,,,,,
34705,L,,,,,PBT=[chart] chrt.DT=[2023-03-07 09:35:13.797] chrt.ID=[a836c727-6718-4fb7-906b-5cd50c8063b5],,,0,,,0,20230307 09:35:13.797,a836c727-6718-4fb7-906b-5cd50c8063b5,1,A,N,N,N,Troy OH City Tax,N,,,,,,,,,,,,,,,,,,,,,,,,,,,,,,,,,,,,0,,,,,,,,,,,,,
34800,L,,,,,PBT=[chart] chrt.DT=[2017-04-01 04:25:04.680] chrt.ID=[4508e0bc-2d54-4a77-b073-3a23b94aa476],,,0,,,0,20170401 04:25:04.680,4508e0bc-2d54-4a77-b073-3a23b94aa476,1,A,N,N,N,State Withholding - VA,N,,,,,,,,,,,,,,,,,,,,,,,,,,,,,,,,,,,,0,,,,,,,,,,,,,
34810,L,,,,,PBT=[chart] chrt.DT=[2017-04-01 04:25:04.743] chrt.ID=[5677f584-4f1e-4083-aa1f-e64f7239233e],,,0,,,0,20170401 04:25:04.743,5677f584-4f1e-4083-aa1f-e64f7239233e,1,A,N,N,N,Garnishment,N,,,,,,,,,,,,,,,,,,,,,,,,,,,,,,,,,,,,0,,,,,,,,,,,,,
34820,L,,,,,PBT=[chart] chrt.DT=[2017-04-01 04:25:04.787] chrt.ID=[f1fbb69b-34fc-4153-b7c2-1a224394a3fd],,,0,,,0,20170401 04:25:04.787,f1fbb69b-34fc-4153-b7c2-1a224394a3fd,1,A,N,N,N,Flex Spending Withheld,N,,,,,,,,,,,,,,,,,,,,,,,,,,,,,,,,,,,,0,,,,,,,,,,,,,
34830,L,,,,,PBT=[chart] chrt.DT=[2020-02-24 10:05:02.043] chrt.ID=[ae0166a5-46c9-492b-b293-833b5bec4735],,,0,,,0,20200224 10:05:02.043,ae0166a5-46c9-492b-b293-833b5bec4735,1,A,N,N,N,401K Employee Loan Repayment,N,,,,,,,,,,,,,,,,,,,,,,,,,,,,,,,,,,,,0,,,,,,,,,,,,,
34850,L,,,,,PBT=[chart] chrt.DT=[2017-04-01 04:25:04.840] chrt.ID=[bbc6213b-bf5c-459d-ad5d-7def48bae380],,,0,,,0,20170401 04:25:04.840,bbc6213b-bf5c-459d-ad5d-7def48bae380,1,A,N,N,N,Business License Tax,N,,,,,,,,,,,,,,,,,,,,,,,,,,,,,,,,,,,,0,,,,,,,,,,,,,
35020,L,,,,,PBT=[chart] chrt.DT=[2018-09-04 10:41:29.253] chrt.ID=[8db91e9e-0ac8-41ad-b63f-ed134950b13e],,,0,,,0,20180904 10:41:29.253,8db91e9e-0ac8-41ad-b63f-ed134950b13e,1,A,N,N,N,SIMPLE IRA Contributions - Employee,N,,,,,,,,,,,,,,,,,,,,,,,,,,,,,,,,,,,,0,,,,,,,,,,,,,
35030,L,,,,,PBT=[chart] chrt.DT=[2019-03-06 12:37:34.493] chrt.ID=[5e7f19c0-2d31-4d56-9395-2532c1e87ea1],,,0,,,0,20190306 12:37:34.493,5e7f19c0-2d31-4d56-9395-2532c1e87ea1,1,A,N,N,N,401K Traditional Employee Contribution,N,,,,,,,,,,,,,,,,,,,,,,,,,,,,,,,,,,,,0,,,,,,,,,,,,,
35035,L,,,,,PBT=[chart] chrt.DT=[2019-03-06 12:37:23.933] chrt.ID=[c308ee20-bd3b-4657-90b3-1854b418b7c3],,,0,,,0,20190306 12:37:23.933,c308ee20-bd3b-4657-90b3-1854b418b7c3,1,A,N,N,N,401K Roth Employee Contribution,N,,,,,,,,,,,,,,,,,,,,,,,,,,,,,,,,,,,,0,,,,,,,,,,,,,
36000,L,,,,,PBT=[chart] chrt.DT=[2017-04-01 04:25:04.960] chrt.ID=[42700134-5e48-4c75-96b8-58f21094680e],,,0,,,0,20170401 04:25:04.960,42700134-5e48-4c75-96b8-58f21094680e,1,A,N,N,N,Federal Income Tax Payable,N,,,,,,,,,,,,,,,,,,,,,,,,,,,,,,,,,,,,0,,,,,,,,,,,,,
37000,L,,,,,PBT=[chart] chrt.DT=[2017-04-01 04:25:05.010] chrt.ID=[1ff646d0-f3b5-4941-90e6-4947334cc57c],,,0,,,0,20170401 04:25:05.010,1ff646d0-f3b5-4941-90e6-4947334cc57c,1,A,N,N,N,State Income Tax Payable,N,,,,,,,,,,,,,,,,,,,,,,,,,,,,,,,,,,,,0,,,,,,,,,,,,,
39010,L,,,,,PBT=[chart] chrt.DT=[2019-07-11 10:53:57.773] chrt.ID=[360ae8cb-5415-4242-a4c7-b398cf07788f],,,0,,,0,20190711 10:53:57.773,360ae8cb-5415-4242-a4c7-b398cf07788f,1,A,N,N,N,Note/Pay - Vehicles,N,,,,,,,,,,,,,,,,,,,,,,,,,,,,,,,,,,,,0,,,,,,,,,,,,,
39110,L,,,,,PBT=[chart] chrt.DT=[2017-04-01 04:25:05.123] chrt.ID=[48273412-e632-48cd-991e-9377572520c3],,,0,,,0,20170401 04:25:05.123,48273412-e632-48cd-991e-9377572520c3,1,A,N,N,N,Shareholder note payable - Ron,N,,,,,,,,,,,,,,,,,,,,,,,,,,,,,,,,,,,,0,,,,,,,,,,,,,
39120,L,,,,,PBT=[chart] chrt.DT=[2017-04-01 04:25:05.173] chrt.ID=[8b16c539-a0c4-4740-8fdb-16e43820d62e],,,0,,,0,20170401 04:25:05.173,8b16c539-a0c4-4740-8fdb-16e43820d62e,1,A,N,N,N,Shareholder note payable - Brian,N,,,,,,,,,,,,,,,,,,,,,,,,,,,,,,,,,,,,0,,,,,,,,,,,,,
39130,L,,,,,PBT=[chart] chrt.DT=[2017-04-01 04:25:05.227] chrt.ID=[dc1bfe95-13e6-486e-b55f-155a9fbeb2ae],,,0,,,0,20170401 04:25:05.227,dc1bfe95-13e6-486e-b55f-155a9fbeb2ae,1,A,N,N,N,Note Payable 02 Ford Explorer,N,,,,,,,,,,,,,,,,,,,,,,,,,,,,,,,,,,,,0,,,,,,,,,,,,,
39140,L,,,,,PBT=[chart] chrt.DT=[2024-02-08 14:53:49.293] chrt.ID=[a879820e-c2d2-43d7-8b76-e0195e75898e],,,0,,,0,20240208 14:53:49.293,a879820e-c2d2-43d7-8b76-e0195e75898e,1,A,N,N,N,Accrued Interest Payable,N,,,,,,,,,,,,,,,,,,,,,,,,,,,,,,,,,,,,0,,,,,,,,,,,,,
39160,L,,,,,PBT=[chart] chrt.DT=[2017-04-01 04:25:05.300] chrt.ID=[aa767932-9cad-46e9-9f2b-52004405a292],,,0,,,0,20170401 04:25:05.300,aa767932-9cad-46e9-9f2b-52004405a292,1,A,N,N,N,AMNB Line Of Credit,N,,,,,,,,,,,,,,,,,,,,,,,,,,,,,,,,,,,,0,,,,,,,,,,,,,
39165,L,,,,,PBT=[chart] chrt.DT=[2021-12-20 10:01:23.097] chrt.ID=[65c5927b-2c47-48b2-81ae-9a7ae56c2afe],,,0,,,0,20211220 10:01:23.097,65c5927b-2c47-48b2-81ae-9a7ae56c2afe,1,A,N,N,N,AMNB Term Loan,N,,,,,,,,,,,,,,,,,,,,,,,,,,,,,,,,,,,,0,,,,,,,,,,,,,
39170,L,,,,,PBT=[chart] chrt.DT=[2020-06-22 13:05:09.637] chrt.ID=[7ad42707-4b69-4583-b5b7-f8343a47ab07],,,0,,,0,20200622 13:05:09.637,7ad42707-4b69-4583-b5b7-f8343a47ab07,1,A,N,N,N,PPP Loan,N,,,,,,,,,,,,,,,,,,,,,,,,,,,,,,,,,,,,0,,,,,,,,,,,,,
39175,L,,,,,PBT=[chart] chrt.DT=[2020-06-22 13:05:09.983] chrt.ID=[a46cb423-afa1-4c36-9aa4-adae4e305be1],,,0,,,0,20200622 13:05:09.983,a46cb423-afa1-4c36-9aa4-adae4e305be1,1,A,N,N,N,EIDL,N,,,,,,,,,,,,,,,,,,,,,,,,,,,,,,,,,,,,0,,,,,,,,,,,,,
39180,L,,,,,PBT=[chart] chrt.DT=[2017-06-28 15:50:08.813] chrt.ID=[6b98ed45-8a16-4ea1-a486-ddc53832cd6a],,,0,,,0,20170628 15:50:08.813,6b98ed45-8a16-4ea1-a486-ddc53832cd6a,1,A,A,A,A,Capital Lease,N,,,,,,,,,,,,,,,,,,,,,,,,,,,,,,,,,,,,0,,,,,,,,,,,,,
39185,L,,,,,PBT=[chart] chrt.DT=[2023-09-14 10:45:39.487] chrt.ID=[2a6a3b9c-980c-4350-acd0-003a14865502],,,0,,,0,20230914 10:45:39.487,2a6a3b9c-980c-4350-acd0-003a14865502,1,A,N,N,N,LOC - FCB,N,,,,,,,,,,,,,,,,,,,,,,,,,,,,,,,,,,,,0,,,,,,,,,,,,,
39190,L,,,,,PBT=[chart] chrt.DT=[2023-11-20 12:45:14.483] chrt.ID=[2404936a-1123-4e26-90c3-f121927605f1],,,0,,,0,20231120 12:45:14.483,2404936a-1123-4e26-90c3-f121927605f1,1,A,N,N,N,Accrued Duty,N,,,,,,,,,,,,,,,,,,,,,,,,,,,,,,,,,,,,0,,,,,,,,,,,,,
40000,O,,,,,PBT=[chart] chrt.DT=[2017-04-01 04:25:05.357] chrt.ID=[259412ec-aef8-40df-8943-224285b83d55],,,0,,,0,20170401 04:25:05.357,259412ec-aef8-40df-8943-224285b83d55,1,A,N,N,N,Capital Stock,N,,,,,,,,,,,,,,,,,,,,,,,,,,,,,,,,,,,,0,,,,,,,,,,,,,
45000,O,,,,,PBT=[chart] chrt.DT=[2017-04-01 04:25:05.433] chrt.ID=[40b4f0a5-e309-484d-a4e6-a1cb0bbd1d5d],,,0,,,0,20170401 04:25:05.433,40b4f0a5-e309-484d-a4e6-a1cb0bbd1d5d,1,A,N,N,N,Retained Earnings,N,,,,,,,,,,,,,,,,,,,,,,,,,,,,,,,,,,,,0,,,,,,,,,,,,,
50000,R,,,,,PBT=[chart] chrt.DT=[2017-04-01 04:25:05.497] chrt.ID=[b0a544b7-50e6-45e5-9ec5-4d9650e32bf0],,,0,,,0,20170401 04:25:05.497,b0a544b7-50e6-45e5-9ec5-4d9650e32bf0,1,A,A,N,N,Sales,N,,,,,,,,,,,,,,,,,,,,,,,,,,,,,,,,,,,,0,,,,,,,,,,,,,
50330,R,,,,,PBT=[chart] chrt.DT=[2017-04-01 04:25:05.567] chrt.ID=[239c112f-5569-4d82-91b0-b497f6c750e3],,,0,,,0,20170401 04:25:05.567,239c112f-5569-4d82-91b0-b497f6c750e3,1,A,N,N,N,Lot Charge,N,,,,,,,,,,,,,,,,,,,,,,,,,,,,,,,,,,,,0,,,,,,,,,,,,,
50340,R,,,,,PBT=[chart] chrt.DT=[2017-04-01 04:25:05.620] chrt.ID=[868fd301-f84f-4a0f-9ebb-7540e49ffc20],,,0,,,0,20170401 04:25:05.620,868fd301-f84f-4a0f-9ebb-7540e49ffc20,1,A,N,N,N,Set Up Charge,N,,,,,,,,,,,,,,,,,,,,,,,,,,,,,,,,,,,,0,,,,,,,,,,,,,
50350,R,,,,,PBT=[chart] chrt.DT=[2017-04-01 04:25:05.683] chrt.ID=[b4a21bff-2b30-464a-a185-ea12513fe8bc],,,0,,,0,20170401 04:25:05.683,b4a21bff-2b30-464a-a185-ea12513fe8bc,1,A,N,N,N,Misc -,N,,,,,,,,,,,,,,,,,,,,,,,,,,,,,,,,,,,,0,,,,,,,,,,,,,
50450,R,,,,,PBT=[chart] chrt.DT=[2017-04-01 04:25:05.737] chrt.ID=[ddfd39d2-a747-45da-bc4e-8503020d59ac],,,0,,,0,20170401 04:25:05.737,ddfd39d2-a747-45da-bc4e-8503020d59ac,1,A,N,N,N,Coating,N,,,,,,,,,,,,,,,,,,,,,,,,,,,,,,,,,,,,0,,,,,,,,,,,,,
510103,R,,,,,PBT=[chart] chrt.DT=[2019-05-02 10:31:45.140] chrt.ID=[c16e9c45-2eb6-45e8-9c78-a9ad187b95b7],,,0,,,0,20190502 10:31:45.140,c16e9c45-2eb6-45e8-9c78-a9ad187b95b7,1,N,N,N,N,Service Revenue - Domestic,N,,,,,,,,,,,,,,,,,,,,,,,,,,,,,,,,,,,,0,,,,,,,,,,,,,
51500,R,,,,,PBT=[chart] chrt.DT=[2017-06-16 13:14:52.057] chrt.ID=[96a32378-8ae3-4009-850a-1fff2e301239],,,0,,,0,20170616 13:14:52.057,96a32378-8ae3-4009-850a-1fff2e301239,1,A,A,N,N,Sales - Discounts,N,,,,,,,,,,,,,,,,,,,,,,,,,,,,,,,,,,,,0,,,,,,,,,,,,,
51600,R,,,,,PBT=[chart] chrt.DT=[2017-04-01 04:25:05.853] chrt.ID=[e38c8b7a-3600-4fd2-98b9-5f8b36b1eea1],,,0,,,0,20170401 04:25:05.853,e38c8b7a-3600-4fd2-98b9-5f8b36b1eea1,1,A,N,N,N,Sales - Returns,N,,,,,,,,,,,,,,,,,,,,,,,,,,,,,,,,,,,,0,,,,,,,,,,,,,
52000,R,,,,,PBT=[chart] chrt.DT=[2017-04-01 04:25:05.903] chrt.ID=[8229b082-b7b3-4678-b9df-3367cb9b9a0f],,,0,,,0,20170401 04:25:05.903,8229b082-b7b3-4678-b9df-3367cb9b9a0f,1,A,N,N,N,Other Service Revenues,N,,,,,,,,,,,,,,,,,,,,,,,,,,,,,,,,,,,,0,,,,,,,,,,,,,
59990,R,,,,,PBT=[chart] chrt.DT=[2017-04-01 04:25:05.967] chrt.ID=[f2d36a2d-00b8-44ab-931d-9d9ab07c587c],,,0,,,0,20170401 04:25:05.967,f2d36a2d-00b8-44ab-931d-9d9ab07c587c,1,A,N,N,N,Miscellaneous Income,N,,,,,,,,,,,,,,,,,,,,,,,,,,,,,,,,,,,,0,,,,,,,,,,,,,
60100,E,,,,,PBT=[chart] chrt.DT=[2017-05-02 10:33:09.917] chrt.ID=[42d73f36-0cf9-4e0f-8ae3-3fccd319b81c],,C,0,,,0,20170502 10:33:09.917,42d73f36-0cf9-4e0f-8ae3-3fccd319b81c,1,A,A,N,N,Cost of Sales,N,,,,,,,,,,,,,,,,,,,,,,,,,,,,,,,,,,,,0,,,,,,,,,,,,,
60150,E,,,,,PBT=[chart] chrt.DT=[2017-05-02 10:33:09.933] chrt.ID=[c3e80d18-3459-4cf9-a745-d0e7b56c29dc],,C,0,,,0,20170502 10:33:09.933,c3e80d18-3459-4cf9-a745-d0e7b56c29dc,1,A,N,N,N,Commissions To Vendor,N,,,,,,,,,,,,,,,,,,,,,,,,,,,,,,,,,,,,0,,,,,,,,,,,,,
60200,E,,,,,PBT=[chart] chrt.DT=[2017-04-01 04:25:06.160] chrt.ID=[6d745936-224b-4508-9c99-e82379630bd1],,C,0,,,0,20170401 04:25:06.160,6d745936-224b-4508-9c99-e82379630bd1,1,N,N,N,N,Cost of Sales - Discounts,N,,,,,,,,,,,,,,,,,,,,,,,,,,,,,,,,,,,,0,,,,,,,,,,,,,
60250,E,,,,,PBT=[chart] chrt.DT=[2019-12-15 09:43:05.820] chrt.ID=[422a20b6-f44e-4b9c-82e0-0c73b76ff94b],,C,0,,,0,20191215 09:43:05.820,422a20b6-f44e-4b9c-82e0-0c73b76ff94b,1,A,N,N,N,Vendor Adjustments,N,,,,,,,,,,,,,,,,,,,,,,,,,,,,,,,,,,,,0,,,,,,,,,,,,,
60400,E,,,,,PBT=[chart] chrt.DT=[2017-05-02 10:33:09.943] chrt.ID=[632eddc6-a763-4429-8097-7a03bf694037],,C,0,,,0,20170502 10:33:09.943,632eddc6-a763-4429-8097-7a03bf694037,1,A,N,N,N,Inventory Adjustments,N,,,,,,,,,,,,,,,,,,,,,,,,,,,,,,,,,,,,0,,,,,,,,,,,,,
60500,E,,,,,PBT=[chart] chrt.DT=[2017-05-02 10:33:09.953] chrt.ID=[f4c8b9a8-b6c2-401b-9f09-18e06da371e8],,C,0,,,0,20170502 10:33:09.953,f4c8b9a8-b6c2-401b-9f09-18e06da371e8,1,A,A,N,N,Freight In,N,,,,,,,,,,,,,,,,,,,,,,,,,,,,,,,,,,,,0,,,,,,,,,,,,,
60550,E,,,,,PBT=[chart] chrt.DT=[2018-02-07 12:48:57.883] chrt.ID=[0385dc0e-9812-4f8f-9590-2053ccc80599],,C,0,,,0,20180207 12:48:57.883,0385dc0e-9812-4f8f-9590-2053ccc80599,1,A,A,N,N,Containers Freight - Inbound,N,,,,,,,,,,,,,,,,,,,,,,,,,,,,,,,,,,,,0,,,,,,,,,,,,,
60600,E,,,,,PBT=[chart] chrt.DT=[2022-09-22 16:23:00.070] chrt.ID=[8d321c2d-ce52-47c3-ad1e-1eca3a852c0a],,C,0,,,0,20220922 16:23:00.070,8d321c2d-ce52-47c3-ad1e-1eca3a852c0a,1,N,A,N,N,Duty Cost,N,,,,,,,,,,,,,,,,,,,,,,,,,,,,,,,,,,,,0,,,,,,,,,,,,,
60625,E,,,,,PBT=[chart] chrt.DT=[2018-09-11 19:10:31.880] chrt.ID=[35bd1487-2f1a-4bff-84c1-10d734ae8f57],,C,0,,,0,20180911 19:10:31.880,35bd1487-2f1a-4bff-84c1-10d734ae8f57,1,N,A,N,N,Section 232/301 Tariffs,N,,,,,,,,,,,,,,,,,,,,,,,,,,,,,,,,,,,,0,,,,,,,,,,,,,
60630,E,,,,,PBT=[chart] chrt.DT=[2022-09-22 16:21:18.430] chrt.ID=[e6cfe3f4-ffed-4e31-be10-283fc3c31773],,C,0,,,0,20220922 16:21:18.430,e6cfe3f4-ffed-4e31-be10-283fc3c31773,1,A,N,N,N,Merch. Processing and Harbor Maint. Fees,N,,,,,,,,,,,,,,,,,,,,,,,,,,,,,,,,,,,,0,,,,,,,,,,,,,
60660,E,,,,,PBT=[chart] chrt.DT=[2022-09-22 16:21:18.553] chrt.ID=[07779982-2831-4f59-a539-b3e0f66daf81],,C,0,,,0,20220922 16:21:18.553,07779982-2831-4f59-a539-b3e0f66daf81,1,A,N,N,N,COPQ Administrative,N,,,,,,,,,,,,,,,,,,,,,,,,,,,,,,,,,,,,0,,,,,,,,,,,,,
60670,E,,,,,PBT=[chart] chrt.DT=[2020-07-30 14:19:23.720] chrt.ID=[b12af900-e355-429a-8a1b-e4d8443b99e7],,C,0,,,0,20200730 14:19:23.720,b12af900-e355-429a-8a1b-e4d8443b99e7,1,A,N,N,N,COPQ Travel,N,,,,,,,,,,,,,,,,,,,,,,,,,,,,,,,,,,,,0,,,,,,,,,,,,,
60680,E,,,,,PBT=[chart] chrt.DT=[2020-07-30 14:19:24.000] chrt.ID=[aee2e0bc-693a-4a0f-84af-1faf0b5e6db0],,C,0,,,0,20200730 14:19:24.000,aee2e0bc-693a-4a0f-84af-1faf0b5e6db0,1,A,N,N,N,COPQ Labor,N,,,,,,,,,,,,,,,,,,,,,,,,,,,,,,,,,,,,0,,,,,,,,,,,,,
60690,E,,,,,PBT=[chart] chrt.DT=[2020-07-30 14:19:24.027] chrt.ID=[cd6bb92d-38ff-41ef-beaa-542d478856c5],,C,0,,,0,20200730 14:19:24.027,cd6bb92d-38ff-41ef-beaa-542d478856c5,1,A,N,N,N,COPQ Material,N,,,,,,,,,,,,,,,,,,,,,,,,,,,,,,,,,,,,0,,,,,,,,,,,,,
60700,E,,,,,PBT=[chart] chrt.DT=[2020-07-30 13:42:15.517] chrt.ID=[3780202a-8fab-40af-999d-46f1fa569602],,C,0,,,0,20200730 13:42:15.517,3780202a-8fab-40af-999d-46f1fa569602,1,N,N,N,N,VRMA Loss,N,,,,,,,,,,,,,,,,,,,,,,,,,,,,,,,,,,,,0,,,,,,,,,,,,,
60800,E,,,,,PBT=[chart] chrt.DT=[2017-05-02 10:33:09.977] chrt.ID=[7f407090-bb5a-489d-bdef-7ea8eb7f41c9],,C,0,,,0,20170502 10:33:09.977,7f407090-bb5a-489d-bdef-7ea8eb7f41c9,1,A,N,N,N,Expedite Charge,N,,,,,,,,,,,,,,,,,,,,,,,,,,,,,,,,,,,,0,,,,,,,,,,,,,
60850,E,,,,,PBT=[chart] chrt.DT=[2017-05-02 10:33:09.983] chrt.ID=[f2de5a9b-b21c-4fc5-bab3-94d49a150d1a],,C,0,,,0,20170502 10:33:09.983,f2de5a9b-b21c-4fc5-bab3-94d49a150d1a,1,A,N,N,N,Laboratory Work - Inspections,N,,,,,,,,,,,,,,,,,,,,,,,,,,,,,,,,,,,,0,,,,,,,,,,,,,
60900,E,,,,,PBT=[chart] chrt.DT=[2017-05-02 10:33:09.993] chrt.ID=[e4cd875f-110a-4f41-9bf9-2823135be3c3],,C,0,,,0,20170502 10:33:09.993,e4cd875f-110a-4f41-9bf9-2823135be3c3,1,A,N,N,N,Lot Charge from Vendor,N,,,,,,,,,,,,,,,,,,,,,,,,,,,,,,,,,,,,0,,,,,,,,,,,,,
60950,E,,,,,PBT=[chart] chrt.DT=[2017-05-02 10:33:10.003] chrt.ID=[37ab714b-2db2-4c4c-8124-dfc87125b0cb],,C,0,,,0,20170502 10:33:10.003,37ab714b-2db2-4c4c-8124-dfc87125b0cb,1,A,N,N,N,Tooling Charge,N,,,,,,,,,,,,,,,,,,,,,,,,,,,,,,,,,,,,0,,,,,,,,,,,,,
70050,E,,,,,PBT=[chart] chrt.DT=[2017-04-01 04:25:06.667] chrt.ID=[456652b0-9682-4baa-aba5-ecb107f4d97d],,,0,,,0,20170401 04:25:06.667,456652b0-9682-4baa-aba5-ecb107f4d97d,1,A,N,N,N,Penalty Taxes,N,,,,,,,,,,,,,,,,,,,,,,,,,,,,,,,,,,,,0,,,,,,,,,,,,,
70100,E,,,,,PBT=[chart] chrt.DT=[2017-04-01 04:25:06.730] chrt.ID=[11e0cd55-a46a-4101-bc55-720e67b074fd],,,0,,,0,20170401 04:25:06.730,11e0cd55-a46a-4101-bc55-720e67b074fd,1,A,N,N,N,Sales Salaries & Wages,N,,,,,,,,,,,,,,,,,,,,,,,,,,,,,,,,,,,,0,,,,,,,,,,,,,
70200,E,,,,,PBT=[chart] chrt.DT=[2017-04-01 04:25:06.780] chrt.ID=[980b2b8c-0dc5-487a-b01d-ef691081e84f],,,0,,,0,20170401 04:25:06.780,980b2b8c-0dc5-487a-b01d-ef691081e84f,1,A,N,N,N,Office Salary & Wages,N,,,,,,,,,,,,,,,,,,,,,,,,,,,,,,,,,,,,0,,,,,,,,,,,,,
70205,E,,,,,PBT=[chart] chrt.DT=[2020-03-27 12:38:54.397] chrt.ID=[38f001c0-6385-4425-9443-9e259d432663],,,0,,,0,20200327 12:38:54.397,38f001c0-6385-4425-9443-9e259d432663,1,A,N,N,N,COVID-19 Wages,N,,,,,,,,,,,,,,,,,,,,,,,,,,,,,,,,,,,,0,,,,,,,,,,,,,
70210,E,,,,,PBT=[chart] chrt.DT=[2021-09-20 09:35:59.640] chrt.ID=[0f48cf72-cb69-43e6-8cff-c13bab1c5ec5],,,0,,,0,20210920 09:35:59.640,0f48cf72-cb69-43e6-8cff-c13bab1c5ec5,1,A,N,N,N,STD - Short Term Disability,N,,,,,,,,,,,,,,,,,,,,,,,,,,,,,,,,,,,,0,,,,,,,,,,,,,
70220,E,,,,,PBT=[chart] chrt.DT=[2023-06-01 18:47:58.383] chrt.ID=[709a3d0a-2d2c-4c86-8ccc-857052ad97e8],,,0,,,0,20230601 18:47:58.383,709a3d0a-2d2c-4c86-8ccc-857052ad97e8,1,A,N,N,N,Severance,N,,,,,,,,,,,,,,,,,,,,,,,,,,,,,,,,,,,,0,,,,,,,,,,,,,
70300,E,,,,,PBT=[chart] chrt.DT=[2017-12-31 16:47:16.917] chrt.ID=[859f8234-0201-4fe3-a42f-d34b325accc2],,,0,,,0,20171231 16:47:16.917,859f8234-0201-4fe3-a42f-d34b325accc2,1,A,N,N,N,Officers' Salaries,N,,,,,,,,,,,,,,,,,,,,,,,,,,,,,,,,,,,,0,,,,,,,,,,,,,
70350,E,,,,,PBT=[chart] chrt.DT=[2017-04-01 04:25:06.943] chrt.ID=[8eb73e24-e321-417f-8d07-41b8b6426f84],,,0,,,0,20170401 04:25:06.943,8eb73e24-e321-417f-8d07-41b8b6426f84,1,A,N,N,N,Deferred Compensation,N,,,,,,,,,,,,,,,,,,,,,,,,,,,,,,,,,,,,0,,,,,,,,,,,,,
70400,E,,,,,PBT=[chart] chrt.DT=[2017-04-01 04:25:07.023] chrt.ID=[f582029d-41be-41bd-ac09-9a3109e4c70c],,,0,,,0,20170401 04:25:07.023,f582029d-41be-41bd-ac09-9a3109e4c70c,1,A,N,N,N,Warehouse Assistant,N,,,,,,,,,,,,,,,,,,,,,,,,,,,,,,,,,,,,0,,,,,,,,,,,,,
70550,E,,,,,PBT=[chart] chrt.DT=[2017-04-01 04:25:07.077] chrt.ID=[8fd53ebb-b8c3-433a-884d-02c7a4797777],,,0,,,0,20170401 04:25:07.077,8fd53ebb-b8c3-433a-884d-02c7a4797777,1,A,N,N,N,"Service Expense - APR Asia Co-, Ltd-",N,,,,,,,,,,,,,,,,,,,,,,,,,,,,,,,,,,,,0,,,,,,,,,,,,,
70560,E,,,,,PBT=[chart] chrt.DT=[2024-08-22 16:53:44.327] chrt.ID=[b65af034-6b17-4e81-9ee7-ad5e83e80fea],,,0,,,0,20240822 16:53:44.327,b65af034-6b17-4e81-9ee7-ad5e83e80fea,1,A,N,N,N,Service Expense - APM,N,,,,,,,,,,,,,,,,,,,,,,,,,,,,,,,,,,,,0,,,,,,,,,,,,,
70570,E,,,,,PBT=[chart] chrt.DT=[2025-05-30 16:05:10.040] chrt.ID=[15848be5-a029-4b3c-b4a0-653d641f3bc5],,,0,,,0,20250530 16:05:10.040,15848be5-a029-4b3c-b4a0-653d641f3bc5,1,A,N,N,N,Service Expense - Star,N,,,,,,,,,,,,,,,,,,,,,,,,,,,,,,,,,,,,0,,,,,,,,,,,,,
70580,E,,,,,PBT=[chart] chrt.DT=[2025-05-30 16:05:10.143] chrt.ID=[0b8d7a52-ca82-4ec5-928a-d79158ba838b],,,0,,,0,20250530 16:05:10.143,0b8d7a52-ca82-4ec5-928a-d79158ba838b,1,A,N,N,N,Service Expense - YM,N,,,,,,,,,,,,,,,,,,,,,,,,,,,,,,,,,,,,0,,,,,,,,,,,,,
71010,E,,,,,PBT=[chart] chrt.DT=[2017-04-01 04:25:07.140] chrt.ID=[be41ce9b-7460-4e10-a629-81afdf9aea3a],,,0,,,0,20170401 04:25:07.140,be41ce9b-7460-4e10-a629-81afdf9aea3a,1,A,N,N,N,Employer FICA,N,,,,,,,,,,,,,,,,,,,,,,,,,,,,,,,,,,,,0,,,,,,,,,,,,,
71020,E,,,,,PBT=[chart] chrt.DT=[2017-04-01 04:25:07.190] chrt.ID=[10314719-a016-425e-b47a-9cef1cf442c5],,,0,,,0,20170401 04:25:07.190,10314719-a016-425e-b47a-9cef1cf442c5,1,A,N,N,N,State Unemployment,N,,,,,,,,,,,,,,,,,,,,,,,,,,,,,,,,,,,,0,,,,,,,,,,,,,
71030,E,,,,,PBT=[chart] chrt.DT=[2017-04-01 04:25:07.247] chrt.ID=[ac25690e-eb0f-4d8f-bf8b-4b9e57122019],,,0,,,0,20170401 04:25:07.247,ac25690e-eb0f-4d8f-bf8b-4b9e57122019,1,A,N,N,N,Federal Unemployment,N,,,,,,,,,,,,,,,,,,,,,,,,,,,,,,,,,,,,0,,,,,,,,,,,,,
72000,E,,,,,PBT=[chart] chrt.DT=[2017-04-01 04:25:07.300] chrt.ID=[081b527d-2cca-448b-b21d-e823823b36b7],,,0,,,0,20170401 04:25:07.300,081b527d-2cca-448b-b21d-e823823b36b7,1,A,N,N,N,Employee Benefits,N,,,,,,,,,,,,,,,,,,,,,,,,,,,,,,,,,,,,0,,,,,,,,,,,,,
72100,E,,,,,PBT=[chart] chrt.DT=[2017-04-01 04:25:07.353] chrt.ID=[ee0ef548-fe96-434f-99d2-7f59ccec873e],,,0,,,0,20170401 04:25:07.353,ee0ef548-fe96-434f-99d2-7f59ccec873e,1,A,N,N,N,Health Insurance,N,,,,,,,,,,,,,,,,,,,,,,,,,,,,,,,,,,,,0,,,,,,,,,,,,,
72110,E,,,,,PBT=[chart] chrt.DT=[2017-04-01 04:25:07.407] chrt.ID=[93f30d64-73fe-47fd-a6f8-b9f61b50503e],,,0,,,0,20170401 04:25:07.407,93f30d64-73fe-47fd-a6f8-b9f61b50503e,1,A,N,N,N,Supplemental Health Insurance,N,,,,,,,,,,,,,,,,,,,,,,,,,,,,,,,,,,,,0,,,,,,,,,,,,,
72200,E,,,,,PBT=[chart] chrt.DT=[2017-04-01 04:25:07.460] chrt.ID=[54e745f2-91aa-4e96-ab61-4a29417aeaa0],,,0,,,0,20170401 04:25:07.460,54e745f2-91aa-4e96-ab61-4a29417aeaa0,1,A,N,N,N,Life Insurance,N,,,,,,,,,,,,,,,,,,,,,,,,,,,,,,,,,,,,0,,,,,,,,,,,,,
72205,E,,,,,PBT=[chart] chrt.DT=[2019-05-29 13:25:14.597] chrt.ID=[ebf3b560-c5d3-47ad-aa6b-91579d328e5c],,,0,,,0,20190529 13:25:14.597,ebf3b560-c5d3-47ad-aa6b-91579d328e5c,1,A,N,N,N,Long Term Care,N,,,,,,,,,,,,,,,,,,,,,,,,,,,,,,,,,,,,0,,,,,,,,,,,,,
72210,E,,,,,PBT=[chart] chrt.DT=[2017-04-01 04:25:07.523] chrt.ID=[832c69d1-6c98-4f04-b188-abc188fa11ef],,,0,,,0,20170401 04:25:07.523,832c69d1-6c98-4f04-b188-abc188fa11ef,1,A,N,N,N,Voluntary Life Insurance,N,,,,,,,,,,,,,,,,,,,,,,,,,,,,,,,,,,,,0,,,,,,,,,,,,,
72220,E,,,,,PBT=[chart] chrt.DT=[2017-04-01 04:25:07.607] chrt.ID=[318646ba-088d-436e-b8d7-b4d219722675],,,0,,,0,20170401 04:25:07.607,318646ba-088d-436e-b8d7-b4d219722675,1,A,N,N,N,Dental Insurance,N,,,,,,,,,,,,,,,,,,,,,,,,,,,,,,,,,,,,0,,,,,,,,,,,,,
72230,E,,,,,PBT=[chart] chrt.DT=[2019-01-05 09:42:45.670] chrt.ID=[737f24eb-1b49-4f99-a845-06c6f9647c2d],,,0,,,0,20190105 09:42:45.670,737f24eb-1b49-4f99-a845-06c6f9647c2d,1,A,N,N,N,Vision Insurance,N,,,,,,,,,,,,,,,,,,,,,,,,,,,,,,,,,,,,0,,,,,,,,,,,,,
72400,E,,,,,PBT=[chart] chrt.DT=[2017-04-01 04:25:07.667] chrt.ID=[4b73a453-c2d8-4022-8d4d-9898ac96bc90],,,0,,,0,20170401 04:25:07.667,4b73a453-c2d8-4022-8d4d-9898ac96bc90,1,A,N,N,N,Sales Commissions - VA,N,,,,,,,,,,,,,,,,,,,,,,,,,,,,,,,,,,,,0,,,,,,,,,,,,,
72450,E,,,,,PBT=[chart] chrt.DT=[2017-04-01 04:25:07.747] chrt.ID=[1e4c9983-d9fb-4085-8628-3b435424e9b8],,,0,,,0,20170401 04:25:07.747,1e4c9983-d9fb-4085-8628-3b435424e9b8,1,A,N,N,N,Sales Commissions - NY,N,,,,,,,,,,,,,,,,,,,,,,,,,,,,,,,,,,,,0,,,,,,,,,,,,,
72500,E,,,,,PBT=[chart] chrt.DT=[2017-06-14 13:38:40.227] chrt.ID=[ea050fb4-021a-4790-92fe-cd1ac3d64406],,,0,,,0,20170614 13:38:40.227,ea050fb4-021a-4790-92fe-cd1ac3d64406,1,A,N,N,N,Advertising/Marketing,N,,,,,,,,,,,,,,,,,,,,,,,,,,,,,,,,,,,,0,,,,,,,,,,,,,
73000,E,,,,,PBT=[chart] chrt.DT=[2017-04-01 04:25:07.893] chrt.ID=[0154a4f7-876e-4dc8-a9ab-5cc3692c460a],,,0,,,0,20170401 04:25:07.893,0154a4f7-876e-4dc8-a9ab-5cc3692c460a,1,A,N,N,N,Bad Debts,N,,,,,,,,,,,,,,,,,,,,,,,,,,,,,,,,,,,,0,,,,,,,,,,,,,
73400,E,,,,,PBT=[chart] chrt.DT=[2020-07-17 11:03:37.560] chrt.ID=[8bd9367d-c298-468b-bd62-76bd51300d9a],,,0,,,0,20200717 11:03:37.560,8bd9367d-c298-468b-bd62-76bd51300d9a,1,A,N,N,N,Bank Charges and Misc Penalty Charges,N,,,,,,,,,,,,,,,,,,,,,,,,,,,,,,,,,,,,0,,,,,,,,,,,,,
73500,E,,,,,PBT=[chart] chrt.DT=[2017-04-01 04:25:08.007] chrt.ID=[72286402-608a-4488-b218-d4ca6e5fd760],,,0,,,0,20170401 04:25:08.007,72286402-608a-4488-b218-d4ca6e5fd760,1,A,N,N,N,Depreciation Expense,N,,,,,,,,,,,,,,,,,,,,,,,,,,,,,,,,,,,,0,,,,,,,,,,,,,
73600,E,,,,,PBT=[chart] chrt.DT=[2020-06-05 12:54:34.190] chrt.ID=[3fa58aeb-eca3-41c9-92dd-14b8d6657ece],,,0,,,0,20200605 12:54:34.190,3fa58aeb-eca3-41c9-92dd-14b8d6657ece,1,A,N,N,N,"Dues, Subscriptions,Tuition, Licensing",N,,,,,,,,,,,,,,,,,,,,,,,,,,,,,,,,,,,,0,,,,,,,,,,,,,
74000,E,,,,,PBT=[chart] chrt.DT=[2017-09-21 09:07:39.160] chrt.ID=[1cef76b8-e0c5-4f8e-bfe0-35260ff1d3e7],,,0,,,0,20170921 09:07:39.160,1cef76b8-e0c5-4f8e-bfe0-35260ff1d3e7,1,A,N,N,N,Freight on Inv - AR,N,,,,,,,,,,,,,,,,,,,,,,,,,,,,,,,,,,,,0,,,,,,,,,,,,,
74250,E,,,,,PBT=[chart] chrt.DT=[2017-04-01 04:25:08.170] chrt.ID=[641fec96-44c3-43d0-9566-aa5f1e7c6b9a],,,0,,,0,20170401 04:25:08.170,641fec96-44c3-43d0-9566-aa5f1e7c6b9a,1,A,N,N,N,Freight Discount,N,,,,,,,,,,,,,,,,,,,,,,,,,,,,,,,,,,,,0,,,,,,,,,,,,,
74500,E,,,,,PBT=[chart] chrt.DT=[2017-04-01 04:25:08.240] chrt.ID=[06e8fbd9-8fd1-4750-a3ac-19d6710eda93],,,0,,,0,20170401 04:25:08.240,06e8fbd9-8fd1-4750-a3ac-19d6710eda93,1,A,N,N,N,Freight - Outbound,N,,,,,,,,,,,,,,,,,,,,,,,,,,,,,,,,,,,,0,,,,,,,,,,,,,
74600,E,,,,,PBT=[chart] chrt.DT=[2023-05-25 16:42:52.653] chrt.ID=[610522ff-8748-482e-9484-549da2d66fc7],,,0,,,0,20230525 16:42:52.653,610522ff-8748-482e-9484-549da2d66fc7,1,A,N,N,N,Personal Freight Charges Repayment,N,,,,,,,,,,,,,,,,,,,,,,,,,,,,,,,,,,,,0,,,,,,,,,,,,,
75000,E,,,,,PBT=[chart] chrt.DT=[2017-04-01 04:25:08.360] chrt.ID=[228effb2-69f2-4ea3-b268-dff5e5333d2b],,,0,,,0,20170401 04:25:08.360,228effb2-69f2-4ea3-b268-dff5e5333d2b,1,A,N,N,N,Car Insurance,N,,,,,,,,,,,,,,,,,,,,,,,,,,,,,,,,,,,,0,,,,,,,,,,,,,
75100,E,,,,,PBT=[chart] chrt.DT=[2017-04-01 04:25:08.430] chrt.ID=[f5b7cc83-c2ad-49de-b94c-0d3c86812ba1],,,0,,,0,20170401 04:25:08.430,f5b7cc83-c2ad-49de-b94c-0d3c86812ba1,1,A,N,N,N,Business Insurance,N,,,,,,,,,,,,,,,,,,,,,,,,,,,,,,,,,,,,0,,,,,,,,,,,,,
75150,E,,,,,PBT=[chart] chrt.DT=[2022-09-22 16:21:18.773] chrt.ID=[d7e915fe-eaec-4584-825a-ecf72b3cd9f2],,E,0,,,0,20220922 16:21:18.773,d7e915fe-eaec-4584-825a-ecf72b3cd9f2,1,A,N,N,N,Freight Insurance,N,,,,,,,,,,,,,,,,,,,,,,,,,,,,,,,,,,,,0,,,,,,,,,,,,,
75200,E,,,,,PBT=[chart] chrt.DT=[2017-04-01 04:25:08.490] chrt.ID=[4e127885-ae77-47f6-88e2-6c58313296b7],,,0,,,0,20170401 04:25:08.490,4e127885-ae77-47f6-88e2-6c58313296b7,1,A,N,N,N,Worker's Compensation,N,,,,,,,,,,,,,,,,,,,,,,,,,,,,,,,,,,,,0,,,,,,,,,,,,,
76050,E,,,,,PBT=[chart] chrt.DT=[2017-05-17 13:19:02.410] chrt.ID=[260edbc6-35db-4695-9041-c46b3c353bff],,,0,,,0,20170517 13:19:02.410,260edbc6-35db-4695-9041-c46b3c353bff,1,A,N,N,N,Interest Expense,N,,,,,,,,,,,,,,,,,,,,,,,,,,,,,,,,,,,,0,,,,,,,,,,,,,
76350,E,,,,,PBT=[chart] chrt.DT=[2017-04-01 04:25:08.617] chrt.ID=[eba32509-527e-498a-bb20-0e2d1e7b206e],,,0,,,0,20170401 04:25:08.617,eba32509-527e-498a-bb20-0e2d1e7b206e,1,A,N,N,N,Interest -  Loan # 90787 CF,N,,,,,,,,,,,,,,,,,,,,,,,,,,,,,,,,,,,,0,,,,,,,,,,,,,
76450,E,,,,,PBT=[chart] chrt.DT=[2017-04-01 04:25:08.690] chrt.ID=[a18feba5-8539-4584-ac27-be20283d3627],,,0,,,0,20170401 04:25:08.690,a18feba5-8539-4584-ac27-be20283d3627,1,A,N,N,N,Interest Exp - BB&T L of Crdt,N,,,,,,,,,,,,,,,,,,,,,,,,,,,,,,,,,,,,0,,,,,,,,,,,,,
76500,E,,,,,PBT=[chart] chrt.DT=[2020-06-08 10:43:39.283] chrt.ID=[380e4a06-7dc5-4895-a555-2beb891945aa],,,0,,,0,20200608 10:43:39.283,380e4a06-7dc5-4895-a555-2beb891945aa,1,A,N,N,N,"Accounting, Consulting, PR & Legal",N,,,,,,,,,,,,,,,,,,,,,,,,,,,,,,,,,,,,0,,,,,,,,,,,,,
76700,E,,,,,PBT=[chart] chrt.DT=[2019-08-02 12:02:17.030] chrt.ID=[4d202139-77c7-45aa-affd-060e5f6d3f72],,,0,,,0,20190802 12:02:17.030,4d202139-77c7-45aa-affd-060e5f6d3f72,1,A,N,N,N,Direct Labor Cost,N,,,,,,,,,,,,,,,,,,,,,,,,,,,,,,,,,,,,0,,,,,,,,,,,,,
76750,E,,,,,PBT=[chart] chrt.DT=[2017-04-01 04:25:08.833] chrt.ID=[c32f7c62-dd4e-420b-8cc2-c15ec97535d2],,,0,,,0,20170401 04:25:08.833,c32f7c62-dd4e-420b-8cc2-c15ec97535d2,1,A,N,N,N,Outside Services - Labor,N,,,,,,,,,,,,,,,,,,,,,,,,,,,,,,,,,,,,0,,,,,,,,,,,,,
76800,E,,,,,PBT=[chart] chrt.DT=[2017-04-01 04:25:08.897] chrt.ID=[877a1c79-ed36-4870-bbb8-073001b9075d],,,0,,,0,20170401 04:25:08.897,877a1c79-ed36-4870-bbb8-073001b9075d,1,A,N,N,N,Outside Services,N,,,,,,,,,,,,,,,,,,,,,,,,,,,,,,,,,,,,0,,,,,,,,,,,,,
76850,E,,,,,PBT=[chart] chrt.DT=[2017-04-01 04:25:08.953] chrt.ID=[75e79885-6b28-4401-aaaf-21ddc3351e4c],,,0,,,0,20170401 04:25:08.953,75e79885-6b28-4401-aaaf-21ddc3351e4c,1,A,N,N,N,Web Page Design,N,,,,,,,,,,,,,,,,,,,,,,,,,,,,,,,,,,,,0,,,,,,,,,,,,,
76900,E,,,,,PBT=[chart] chrt.DT=[2017-04-01 04:25:09.013] chrt.ID=[6e76b77c-20ef-41bb-b696-9990eec68fca],,,0,,,0,20170401 04:25:09.013,6e76b77c-20ef-41bb-b696-9990eec68fca,1,A,N,N,N,Carroll Avenue Improvements,N,,,,,,,,,,,,,,,,,,,,,,,,,,,,,,,,,,,,0,,,,,,,,,,,,,
77000,E,,,,,PBT=[chart] chrt.DT=[2017-04-01 04:25:09.083] chrt.ID=[6d1f1f8f-9685-49e8-b0c8-9eca21365b43],,,0,,,0,20170401 04:25:09.083,6d1f1f8f-9685-49e8-b0c8-9eca21365b43,1,A,N,N,N,Office Expense,N,,,,,,,,,,,,,,,,,,,,,,,,,,,,,,,,,,,,0,,,,,,,,,,,,,
77500,E,,,,,PBT=[chart] chrt.DT=[2017-04-01 04:25:09.147] chrt.ID=[233e1ab5-b5be-4fdf-a2b6-06454e98f325],,,0,,,0,20170401 04:25:09.147,233e1ab5-b5be-4fdf-a2b6-06454e98f325,1,A,N,N,N,Cleaning Expense,N,,,,,,,,,,,,,,,,,,,,,,,,,,,,,,,,,,,,0,,,,,,,,,,,,,
77600,E,,,,,PBT=[chart] chrt.DT=[2017-04-01 04:25:09.207] chrt.ID=[4d685dd3-563e-4e4b-bacd-b58e3a01d2a8],,,0,,,0,20170401 04:25:09.207,4d685dd3-563e-4e4b-bacd-b58e3a01d2a8,1,A,N,N,N,Ground Maintenance,N,,,,,,,,,,,,,,,,,,,,,,,,,,,,,,,,,,,,0,,,,,,,,,,,,,
78000,E,,,,,PBT=[chart] chrt.DT=[2017-04-01 04:25:09.270] chrt.ID=[bc2523f7-60e2-4847-8d49-310831b71036],,,0,,,0,20170401 04:25:09.270,bc2523f7-60e2-4847-8d49-310831b71036,1,A,N,N,N,Postage Expense,N,,,,,,,,,,,,,,,,,,,,,,,,,,,,,,,,,,,,0,,,,,,,,,,,,,
78100,E,,,,,PBT=[chart] chrt.DT=[2017-04-01 04:25:09.330] chrt.ID=[dce1997d-ccae-40a3-af6c-67aa96a646ea],,,0,,,0,20170401 04:25:09.330,dce1997d-ccae-40a3-af6c-67aa96a646ea,1,A,N,N,N,Rent Expense,N,,,,,,,,,,,,,,,,,,,,,,,,,,,,,,,,,,,,0,,,,,,,,,,,,,
78200,E,,,,,PBT=[chart] chrt.DT=[2017-04-01 04:25:09.390] chrt.ID=[ba1ab1f4-dd7f-44b6-80d5-aeb4c2ae37d8],,,0,,,0,20170401 04:25:09.390,ba1ab1f4-dd7f-44b6-80d5-aeb4c2ae37d8,1,A,N,N,N,Equipment Maintenance,N,,,,,,,,,,,,,,,,,,,,,,,,,,,,,,,,,,,,0,,,,,,,,,,,,,
78400,E,,,,,PBT=[chart] chrt.DT=[2017-04-01 04:25:09.457] chrt.ID=[54308f09-b5d7-43c7-b42c-03fbd7f18d5b],,,0,,,0,20170401 04:25:09.457,54308f09-b5d7-43c7-b42c-03fbd7f18d5b,1,A,N,N,N,Equipment Leasing,N,,,,,,,,,,,,,,,,,,,,,,,,,,,,,,,,,,,,0,,,,,,,,,,,,,
79040,E,,,,,PBT=[chart] chrt.DT=[2023-04-24 08:48:43.110] chrt.ID=[4d4c40e1-83d1-4cfb-be01-3685ba3c8e0f],,,0,,,0,20230424 08:48:43.110,4d4c40e1-83d1-4cfb-be01-3685ba3c8e0f,1,A,N,N,N,NC Franchise Tax,N,,,,,,,,,,,,,,,,,,,,,,,,,,,,,,,,,,,,0,,,,,,,,,,,,,
79050,E,,,,,PBT=[chart] chrt.DT=[2017-04-01 04:25:09.507] chrt.ID=[3995ff1f-78fa-4dd0-99e9-65bb54fe5733],,,0,,,0,20170401 04:25:09.507,3995ff1f-78fa-4dd0-99e9-65bb54fe5733,1,A,N,N,N,Texas Franchise Tax,N,,,,,,,,,,,,,,,,,,,,,,,,,,,,,,,,,,,,0,,,,,,,,,,,,,
79060,E,,,,,PBT=[chart] chrt.DT=[2018-06-19 09:32:42.833] chrt.ID=[607dc0fe-2b54-4762-a223-a57591dff5f7],,,0,,,0,20180619 09:32:42.833,607dc0fe-2b54-4762-a223-a57591dff5f7,1,A,N,N,N,State Excise Tax,N,,,,,,,,,,,,,,,,,,,,,,,,,,,,,,,,,,,,0,,,,,,,,,,,,,
79100,E,,,,,PBT=[chart] chrt.DT=[2017-04-01 04:25:09.620] chrt.ID=[9f2aad7b-7b0f-48c7-9ca6-fbdae475d5eb],,,0,,,0,20170401 04:25:09.620,9f2aad7b-7b0f-48c7-9ca6-fbdae475d5eb,1,A,N,N,N,Entertainment Expense,N,,,,,,,,,,,,,,,,,,,,,,,,,,,,,,,,,,,,0,,,,,,,,,,,,,
79150,E,,,,,PBT=[chart] chrt.DT=[2017-04-01 04:25:09.670] chrt.ID=[9c9b0f0e-761c-4ec9-b786-36cab28caada],,,0,,,0,20170401 04:25:09.670,9c9b0f0e-761c-4ec9-b786-36cab28caada,1,A,N,N,N,Taxes - Personal Property,N,,,,,,,,,,,,,,,,,,,,,,,,,,,,,,,,,,,,0,,,,,,,,,,,,,
79200,E,,,,,PBT=[chart] chrt.DT=[2017-04-01 04:25:09.720] chrt.ID=[9f90d034-dd16-43db-8296-b8a9cf7ade1d],,,0,,,0,20170401 04:25:09.720,9f90d034-dd16-43db-8296-b8a9cf7ade1d,1,A,N,N,N,Telephone,N,,,,,,,,,,,,,,,,,,,,,,,,,,,,,,,,,,,,0,,,,,,,,,,,,,
79300,E,,,,,PBT=[chart] chrt.DT=[2017-04-01 04:25:09.770] chrt.ID=[f2032811-99cd-409d-9bef-88d70530ab30],,,0,,,0,20170401 04:25:09.770,f2032811-99cd-409d-9bef-88d70530ab30,1,A,N,N,N,Travel Expense,N,,,,,,,,,,,,,,,,,,,,,,,,,,,,,,,,,,,,0,,,,,,,,,,,,,
79400,E,,,,,PBT=[chart] chrt.DT=[2017-04-01 04:25:09.820] chrt.ID=[ab34181d-b344-4e0d-8e66-f5aa1473e17d],,,0,,,0,20170401 04:25:09.820,ab34181d-b344-4e0d-8e66-f5aa1473e17d,1,A,N,N,N,Utilities,N,,,,,,,,,,,,,,,,,,,,,,,,,,,,,,,,,,,,0,,,,,,,,,,,,,
79500,E,,,,,PBT=[chart] chrt.DT=[2017-04-01 04:25:09.873] chrt.ID=[cb20166b-0da2-4adb-856d-29960c7af134],,,0,,,0,20170401 04:25:09.873,cb20166b-0da2-4adb-856d-29960c7af134,1,A,N,N,N,Meal Expense,N,,,,,,,,,,,,,,,,,,,,,,,,,,,,,,,,,,,,0,,,,,,,,,,,,,
79710,E,,,,,PBT=[chart] chrt.DT=[2017-04-01 04:25:09.933] chrt.ID=[f5dc6c5e-130b-4988-9997-c516bd9a321a],,,0,,,0,20170401 04:25:09.933,f5dc6c5e-130b-4988-9997-c516bd9a321a,1,A,N,N,N,Auto Rental,N,,,,,,,,,,,,,,,,,,,,,,,,,,,,,,,,,,,,0,,,,,,,,,,,,,
79800,E,,,,,PBT=[chart] chrt.DT=[2017-04-01 04:25:09.987] chrt.ID=[cd27c254-e0dd-4e77-bbbc-098f30fa1d38],,,0,,,0,20170401 04:25:09.987,cd27c254-e0dd-4e77-bbbc-098f30fa1d38,1,A,N,N,N,"Vehicle EXP - Gas, etc-",N,,,,,,,,,,,,,,,,,,,,,,,,,,,,,,,,,,,,0,,,,,,,,,,,,,
79810,A,,,,,PBT=[chart] chrt.DT=[2020-08-10 10:19:12.277] chrt.ID=[ed5429d4-82c8-4af9-987f-5188a2a5aec2],,,0,,,0,20200810 10:19:12.277,ed5429d4-82c8-4af9-987f-5188a2a5aec2,1,A,N,N,N,Mileage - Personal Vehicle,N,,,,,,,,,,,,,,,,,,,,,,,,,,,,,,,,,,,,0,,,,,,,,,,,,,
79850,E,,,,,PBT=[chart] chrt.DT=[2017-04-01 04:25:10.050] chrt.ID=[142000de-2df5-4b7a-9191-2957cbd1b7ad],,,0,,,0,20170401 04:25:10.050,142000de-2df5-4b7a-9191-2957cbd1b7ad,1,A,N,N,N,Warehouse Supplies,N,,,,,,,,,,,,,,,,,,,,,,,,,,,,,,,,,,,,0,,,,,,,,,,,,,
79980,E,,,,,PBT=[chart] chrt.DT=[2017-04-01 04:25:10.103] chrt.ID=[9bb789ca-20e6-4898-aaee-3c44af427f79],,,0,,,0,20170401 04:25:10.103,9bb789ca-20e6-4898-aaee-3c44af427f79,1,A,N,N,N,Wellness,N,,,,,,,,,,,,,,,,,,,,,,,,,,,,,,,,,,,,0,,,,,,,,,,,,,
79990,E,,,,,PBT=[chart] chrt.DT=[2017-04-01 04:25:10.150] chrt.ID=[d5abfd39-5331-4365-b840-3154a16708d0],,,0,,,0,20170401 04:25:10.150,d5abfd39-5331-4365-b840-3154a16708d0,1,A,N,N,N,Miscellaneous Expense,N,,,,,,,,,,,,,,,,,,,,,,,,,,,,,,,,,,,,0,,,,,,,,,,,,,
80150,E,,,,,PBT=[chart] chrt.DT=[2018-09-04 10:42:01.230] chrt.ID=[ed76cc61-5a80-4ba4-8bae-e3e71aad62bd],,,0,,,0,20180904 10:42:01.230,ed76cc61-5a80-4ba4-8bae-e3e71aad62bd,1,A,N,N,N,SIMPLE IRA Contributions - APR,N,,,,,,,,,,,,,,,,,,,,,,,,,,,,,,,,,,,,0,,,,,,,,,,,,,
80210,E,,,,,PBT=[chart] chrt.DT=[2019-02-04 11:40:04.303] chrt.ID=[6ac94b55-5735-4f17-8ed1-e6a5869c6f02],,,0,,,0,20190204 11:40:04.303,6ac94b55-5735-4f17-8ed1-e6a5869c6f02,1,N,A,A,A,401K APR Contribution,N,,,,,,,,,,,,,,,,,,,,,,,,,,,,,,,,,,,,0,,,,,,,,,,,,,
80220,E,,,,,PBT=[chart] chrt.DT=[2019-02-04 11:40:04.347] chrt.ID=[ff534b24-2d7f-40ea-b396-30a13c642802],,,0,,,0,20190204 11:40:04.347,ff534b24-2d7f-40ea-b396-30a13c642802,1,A,N,N,N,401K Expenses,N,,,,,,,,,,,,,,,,,,,,,,,,,,,,,,,,,,,,0,,,,,,,,,,,,,
80400,E,,,,,PBT=[chart] chrt.DT=[2017-04-01 04:25:10.270] chrt.ID=[341f6c70-9992-44d1-9a23-96ca37675a15],,,0,,,0,20170401 04:25:10.270,341f6c70-9992-44d1-9a23-96ca37675a15,1,A,N,N,N,Charitable Contributions,N,,,,,,,,,,,,,,,,,,,,,,,,,,,,,,,,,,,,0,,,,,,,,,,,,,
80700,E,,,,,PBT=[chart] chrt.DT=[2017-04-01 04:25:10.333] chrt.ID=[fbd5c8e4-5fc6-444e-a8d8-68c8030b50a7],,,0,,,0,20170401 04:25:10.333,fbd5c8e4-5fc6-444e-a8d8-68c8030b50a7,1,A,N,N,N,Furniture & Fixture Purchases,N,,,,,,,,,,,,,,,,,,,,,,,,,,,,,,,,,,,,0,,,,,,,,,,,,,
80750,E,,,,,PBT=[chart] chrt.DT=[2017-04-01 04:25:10.390] chrt.ID=[3e17b89a-6ff8-49ab-96ed-d9889e096a2f],,,0,,,0,20170401 04:25:10.390,3e17b89a-6ff8-49ab-96ed-d9889e096a2f,1,A,N,N,N,Equipment,N,,,,,,,,,,,,,,,,,,,,,,,,,,,,,,,,,,,,0,,,,,,,,,,,,,
80800,E,,,,,PBT=[chart] chrt.DT=[2024-01-30 11:49:54.213] chrt.ID=[54e0acab-228e-46ce-baab-40e1ed07bc56],,,0,,,0,20240130 11:49:54.213,54e0acab-228e-46ce-baab-40e1ed07bc56,1,A,N,N,N,"City Permits, Filling Fees, etc.",N,,,,,,,,,,,,,,,,,,,,,,,,,,,,,,,,,,,,0,,,,,,,,,,,,,
80990,E,,,,,PBT=[chart] chrt.DT=[2017-05-18 09:16:44.730] chrt.ID=[482fe0b9-0670-4219-9ebd-a936d663a3f0],,E,0,,,0,20170518 09:16:44.730,482fe0b9-0670-4219-9ebd-a936d663a3f0,1,A,A,A,A,Suspense,N,,,,,,,,,,,,,,,,,,,,,,,,,,,,,,,,,,,,0,,,,,,,,,,,,,
81600,E,,,,,PBT=[chart] chrt.DT=[2017-04-01 04:25:10.483] chrt.ID=[c6dcb9bd-dc71-47eb-bb3c-9e15b11234fe],,,0,,,0,20170401 04:25:10.483,c6dcb9bd-dc71-47eb-bb3c-9e15b11234fe,1,A,N,N,N,Loss on disposal of asset,N,,,,,,,,,,,,,,,,,,,,,,,,,,,,,,,,,,,,0,,,,,,,,,,,,,
83000,E,,,,,PBT=[chart] chrt.DT=[2017-04-01 04:25:10.543] chrt.ID=[d6649f5d-e57c-40d9-a039-2f3e37d2849c],,,0,,,0,20170401 04:25:10.543,d6649f5d-e57c-40d9-a039-2f3e37d2849c,1,A,N,N,N,Exchange Rate Gain/Loss,N,,,,,,,,,,,,,,,,,,,,,,,,,,,,,,,,,,,,0,,,,,,,,,,,,,
83010,E,,,,,PBT=[chart] chrt.DT=[2017-04-01 04:25:10.617] chrt.ID=[ac11410c-595e-4b78-a174-25e28351d7aa],,,0,,,0,20170401 04:25:10.617,ac11410c-595e-4b78-a174-25e28351d7aa,1,A,N,N,N,Interest Income,N,,,,,,,,,,,,,,,,,,,,,,,,,,,,,,,,,,,,0,,,,,,,,,,,,,
91000,E,,,,,PBT=[chart] chrt.DT=[2017-04-01 04:25:10.670] chrt.ID=[126cf4ad-7537-41cf-8062-2fadefea5282],,,0,,,0,20170401 04:25:10.670,126cf4ad-7537-41cf-8062-2fadefea5282,1,A,N,N,N,Federal Income Tax,N,,,,,,,,,,,,,,,,,,,,,,,,,,,,,,,,,,,,0,,,,,,,,,,,,,
92000,E,,,,,PBT=[chart] chrt.DT=[2019-04-11 09:13:34.983] chrt.ID=[dbaaa8bb-d1df-445b-a313-a5e0b404204d],,,0,,,0,20190411 09:13:34.983,dbaaa8bb-d1df-445b-a313-a5e0b404204d,1,A,N,N,N,VA State Income Tax,N,,,,,,,,,,,,,,,,,,,,,,,,,,,,,,,,,,,,0,,,,,,,,,,,,,
93000,E,,,,,PBT=[chart] chrt.DT=[2017-04-01 04:25:10.790] chrt.ID=[ede5c069-e664-4292-ac41-eecfb045861e],,,0,,,0,20170401 04:25:10.790,ede5c069-e664-4292-ac41-eecfb045861e,1,A,N,N,N,MA Income Tax Expense,N,,,,,,,,,,,,,,,,,,,,,,,,,,,,,,,,,,,,0,,,,,,,,,,,,,
94000,E,,,,,PBT=[chart] chrt.DT=[2019-04-15 07:08:59.877] chrt.ID=[38b5d834-d6c9-4eb0-8c0d-2dc28092b84e],,,0,,,0,20190415 07:08:59.877,38b5d834-d6c9-4eb0-8c0d-2dc28092b84e,1,A,N,N,N,NC Corporate Income Tax,N,,,,,,,,,,,,,,,,,,,,,,,,,,,,,,,,,,,,0,,,,,,,,,,,,,
95000,E,,,,,PBT=[chart] chrt.DT=[2024-05-02 08:33:49.507] chrt.ID=[d4eb7115-7963-4335-9962-a77526deb931],,,0,,,0,20240502 08:33:49.507,d4eb7115-7963-4335-9962-a77526deb931,1,A,N,N,N,GA State Income Tax,N,,,,,,,,,,,,,,,,,,,,,,,,,,,,,,,,,,,,0,,,,,,,,,,,,,
96000,E,,,,,PBT=[chart] chrt.DT=[2023-05-04 14:34:49.783] chrt.ID=[85b7b836-729a-464a-97d2-63821af4001d],,,0,,,0,20230504 14:34:49.783,85b7b836-729a-464a-97d2-63821af4001d,1,A,N,N,N,CO State Income Tax,N,,,,,,,,,,,,,,,,,,,,,,,,,,,,,,,,,,,,0,,,,,,,,,,,,,