Ref,Acct,Site,_ItemId,TransNum,DomAmount,ForAmount,TransDate,RecordDate
APV  403608,30100,LYN,PBT=[ledger] led.ID=[edf03c63-31cf-4419-b12b-3f44e7ca53e2] led.DT=[2026-03-26 11:31:19.297],674181,-48.25000000,-48.25000000,20260326 00:00:00.000,20260326 11:31:19.297
APV  403608,60625,LYN,PBT=[ledger] led.ID=[994f5535-9535-4350-a72e-85bf406b2e8e] led.DT=[2026-03-26 11:31:19.297],674182,33.25000000,33.25000000,20260326 00:00:00.000,20260326 11:31:19.297
APV  403608,79990,LYN,PBT=[ledger] led.ID=[a6e22065-739a-4518-b722-bfef8e53e7b9] led.DT=[2026-03-26 11:31:19.297],674183,15.00000000,15.00000000,20260326 00:00:00.000,20260326 11:31:19.297
ARP  466,10150,LYN,PBT=[ledger] led.ID=[a9361e99-ed63-45b5-9185-b3bc6f8865b6] led.DT=[2026-03-26 11:31:19.817],674254,9053.33000000,9053.33000000,20260326 00:00:00.000,20260326 11:31:19.817
ARP  466,11100,LYN,PBT=[ledger] led.ID=[a6a91b23-8f3c-417a-bad4-13012f2d6845] led.DT=[2026-03-26 11:31:19.817],674255,-4118.73000000,-4118.73000000,20260326 00:00:00.000,20260326 11:31:19.817
ARP  466,11100,LYN,PBT=[ledger] led.ID=[07612e3c-cf68-449f-979a-12f648960ed0] led.DT=[2026-03-26 11:31:19.817],674256,-4934.60000000,-4934.60000000,20260326 00:00:00.000,20260326 11:31:19.817
ARP  24480,10150,LYN,PBT=[ledger] led.ID=[2d8a5c9f-e4d1-4563-a90d-cd821f78e41d] led.DT=[2026-03-26 11:31:19.817],674257,2051.50000000,2051.50000000,20260326 00:00:00.000,20260326 11:31:19.817
ARP  24480,11100,LYN,PBT=[ledger] led.ID=[a17918c1-60cd-48b0-b056-6acaf0d88975] led.DT=[2026-03-26 11:31:19.817],674258,-1027.50000000,-1027.50000000,20260326 00:00:00.000,20260326 11:31:19.817
ARP  24480,11100,LYN,PBT=[ledger] led.ID=[79ffead4-c5ec-4204-ac02-6595f6edb3ee] led.DT=[2026-03-26 11:31:19.817],674259,-1024.00000000,-1024.00000000,20260326 00:00:00.000,20260326 11:31:19.817
ARI    202601554,50000,LYN,PBT=[ledger] led.ID=[8e009454-a5b4-44da-9b2b-440a67d8da69] led.DT=[2026-03-26 11:31:19.817],674260,-5306.22000000,-5306.22000000,20260326 00:00:00.000,20260326 11:31:19.817
ARI    202601554,11100,LYN,PBT=[ledger] led.ID=[be8f6473-c658-4085-8d18-121122227041] led.DT=[2026-03-26 11:31:19.817],674261,5306.22000000,5306.22000000,20260326 00:00:00.000,20260326 11:31:19.817
ARI    202601555,50000,LYN,PBT=[ledger] led.ID=[e267222e-d610-4843-9e54-335eeaf875ec] led.DT=[2026-03-26 11:31:19.817],674262,-1784.00000000,-1784.00000000,20260326 00:00:00.000,20260326 11:31:19.817
ARI    202601555,60625,LYN,PBT=[ledger] led.ID=[70002e8e-3092-4169-9749-ce12345678d8] led.DT=[2026-03-26 11:31:19.817],674263,-178.40000000,-178.40000000,20260326 00:00:00.000,20260326 11:31:19.817
ARI    202601555,11100,LYN,PBT=[ledger] led.ID=[99adff0f-b6a4-4eed-9567-f9676ccf459e] led.DT=[2026-03-26 11:31:19.817],674264,1962.40000000,1962.40000000,20260326 00:00:00.000,20260326 11:31:19.817
ARI    202601552,50000,LYN,PBT=[ledger] led.ID=[e7b86863-92ea-463e-ab9d-a3c9e57736a1] led.DT=[2026-03-26 11:31:19.817],674265,-18978.96000000,-18978.96000000,20260326 00:00:00.000,20260326 11:31:19.817
ARI    202601552,60625,LYN,PBT=[ledger] led.ID=[b074df6b-49dc-41df-94de-9d0f37bcf236] led.DT=[2026-03-26 11:31:19.817],674266,-1897.90000000,-1897.90000000,20260326 00:00:00.000,20260326 11:31:19.817
ARI    202601552,11100,LYN,PBT=[ledger] led.ID=[c4b38154-f902-4f3b-9818-aef757879dbc] led.DT=[2026-03-26 11:31:19.817],674267,20876.86000000,20876.86000000,20260326 00:00:00.000,20260326 11:31:19.817
ARI    202601553,50000,LYN,PBT=[ledger] led.ID=[8c6cd865-d04f-4ff6-a9b5-aa2ed30e64cb] led.DT=[2026-03-26 11:31:19.817],674268,-39328.50000000,-39328.50000000,20260326 00:00:00.000,20260326 11:31:19.817
ARI    202601553,60625,LYN,PBT=[ledger] led.ID=[a5719ea0-693c-4eb9-a8fd-b270de993d9e] led.DT=[2026-03-26 11:31:19.817],674269,-5505.99000000,-5505.99000000,20260326 00:00:00.000,20260326 11:31:19.817
ARI    202601553,11100,LYN,PBT=[ledger] led.ID=[d772ccf8-f46a-4c47-9511-5977bd2ed95f] led.DT=[2026-03-26 11:31:19.817],674270,44834.49000000,44834.49000000,20260326 00:00:00.000,20260326 11:31:19.817
ARI    202601556,50000,LYN,PBT=[ledger] led.ID=[ae891929-f2f1-46aa-a258-195190abded7] led.DT=[2026-03-26 11:31:19.817],674271,-31910.36000000,-31910.36000000,20260326 00:00:00.000,20260326 11:31:19.817
ARI    202601556,11100,LYN,PBT=[ledger] led.ID=[3415a6b9-90b7-4091-8cfd-35458d0f7db4] led.DT=[2026-03-26 11:31:19.817],674272,31910.36000000,31910.36000000,20260326 00:00:00.000,20260326 11:31:19.817
ARP  57460,10150,LYN,PBT=[ledger] led.ID=[9008b578-a4f3-487a-a4f2-2c9d2432d877] led.DT=[2026-03-26 16:56:21.133],674361,1956.90000000,1956.90000000,20260326 00:00:00.000,20260326 16:56:21.133
ARP  57460,11100,LYN,PBT=[ledger] led.ID=[cdceecdf-304e-4557-8a38-f786f7fdbcf8] led.DT=[2026-03-26 16:56:21.133],674362,-1956.90000000,-1956.90000000,20260326 00:00:00.000,20260326 16:56:21.133
,39185,LYN,PBT=[ledger] led.ID=[aedcfab3-0b2e-4f26-937d-a931e1ac1310] led.DT=[2026-03-27 10:50:06.977],674373,21771.82000000,21771.82000000,20260326 00:00:00.000,20260327 10:50:06.977
LOC,10150,LYN,PBT=[ledger] led.ID=[fb9ea4a1-48ec-441d-88a3-5fa2f3ddfec7] led.DT=[2026-03-27 10:50:06.977],674374,-21771.82000000,-21771.82000000,20260326 00:00:00.000,20260327 10:50:06.977
APP 9276701,10150,LYN,PBT=[ledger] led.ID=[f4259edf-0dfe-4357-a4fa-8ad9756d66be] led.DT=[2026-03-27 15:26:55.387],674375,-1352.50000000,-1352.50000000,20260326 00:00:00.000,20260327 15:26:55.387
APP 9276701,30100,LYN,PBT=[ledger] led.ID=[db31a97a-968b-4d16-837f-cb886d4b50f7] led.DT=[2026-03-27 15:26:55.387],674376,1352.50000000,1352.50000000,20260326 00:00:00.000,20260327 15:26:55.387
APV  403611,30100,LYN,PBT=[ledger] led.ID=[9b9c9239-8149-4df7-97c3-943de6dc5279] led.DT=[2026-03-27 15:26:55.387],674406,-90.30000000,-90.30000000,20260326 00:00:00.000,20260327 15:26:55.387
APV  403611,79850,LYN,PBT=[ledger] led.ID=[e42f0c6e-f4d8-47b1-bb46-e9bef18ded66] led.DT=[2026-03-27 15:26:55.387],674407,90.30000000,90.30000000,20260326 00:00:00.000,20260327 15:26:55.387
ARI    202601562,50000,LYN,PBT=[ledger] led.ID=[84ab6026-62cf-4a03-9f7f-bc21c7bf99c0] led.DT=[2026-03-27 15:26:56.750],674410,-2179.10000000,-2179.10000000,20260326 00:00:00.000,20260327 15:26:56.750
ARI    202601562,11100,LYN,PBT=[ledger] led.ID=[2554cf23-4415-4485-a2a5-2bc0fe4c0205] led.DT=[2026-03-27 15:26:56.750],674411,2179.10000000,2179.10000000,20260326 00:00:00.000,20260327 15:26:56.750
ARI    202601563,50000,LYN,PBT=[ledger] led.ID=[ece222ed-59ff-4a5d-acb9-bbb802ea2dfd] led.DT=[2026-03-27 15:26:56.750],674412,-1721.25000000,-1721.25000000,20260326 00:00:00.000,20260327 15:26:56.750
ARI    202601563,11100,LYN,PBT=[ledger] led.ID=[ec729a5f-cdfa-4ddb-82fe-53ec75d04844] led.DT=[2026-03-27 15:26:56.750],674413,1721.25000000,1721.25000000,20260326 00:00:00.000,20260327 15:26:56.750
ARI    202601564,50000,LYN,PBT=[ledger] led.ID=[e9e3ef4a-49ca-43a3-9b63-0a1c6ab01bed] led.DT=[2026-03-27 15:26:56.750],674414,-199.30000000,-199.30000000,20260326 00:00:00.000,20260327 15:26:56.750
ARI    202601564,11100,LYN,PBT=[ledger] led.ID=[dc021272-2d21-4ca9-832e-f14f63a4326a] led.DT=[2026-03-27 15:26:56.750],674415,199.30000000,199.30000000,20260326 00:00:00.000,20260327 15:26:56.750
ARI    202601565,50000,LYN,PBT=[ledger] led.ID=[4bef7f72-3060-4b1c-84fe-44a6c0bf5299] led.DT=[2026-03-27 15:26:56.750],674416,-547.74000000,-547.74000000,20260326 00:00:00.000,20260327 15:26:56.750
ARI    202601565,11100,LYN,PBT=[ledger] led.ID=[f5ec51f3-78ee-4e7b-828d-a07605a57599] led.DT=[2026-03-27 15:26:56.750],674417,547.74000000,547.74000000,20260326 00:00:00.000,20260327 15:26:56.750
ARI    202601566,50000,LYN,PBT=[ledger] led.ID=[8ca62af6-48df-4bfd-ac51-f1be5d9c60c3] led.DT=[2026-03-27 15:26:56.750],674418,-644.40000000,-644.40000000,20260326 00:00:00.000,20260327 15:26:56.750
ARI    202601566,11100,LYN,PBT=[ledger] led.ID=[a8059efd-8a1a-4daa-8f32-245876838e3d] led.DT=[2026-03-27 15:26:56.750],674419,644.40000000,644.40000000,20260326 00:00:00.000,20260327 15:26:56.750
ARI    202601567,50000,LYN,PBT=[ledger] led.ID=[e3b14b63-a6fa-423b-8cde-cfecf384cccc] led.DT=[2026-03-27 15:26:56.750],674420,-258.24000000,-258.24000000,20260326 00:00:00.000,20260327 15:26:56.750
ARI    202601567,11100,LYN,PBT=[ledger] led.ID=[a89006ef-72cf-4aae-a079-d6cbd74ffcf6] led.DT=[2026-03-27 15:26:56.750],674421,258.24000000,258.24000000,20260326 00:00:00.000,20260327 15:26:56.750
ARI    202601568,50000,LYN,PBT=[ledger] led.ID=[e6c6ed09-0358-4b5e-bb58-b4dd22796c82] led.DT=[2026-03-27 15:26:56.750],674422,-605.28000000,-605.28000000,20260326 00:00:00.000,20260327 15:26:56.750
ARI    202601568,11100,LYN,PBT=[ledger] led.ID=[8f65057a-77c6-4c15-83fa-b63cf7452623] led.DT=[2026-03-27 15:26:56.750],674423,605.28000000,605.28000000,20260326 00:00:00.000,20260327 15:26:56.750
ARI    202601569,50000,LYN,PBT=[ledger] led.ID=[84febb67-49df-460a-a62d-42a3ec1f1312] led.DT=[2026-03-27 15:26:56.750],674424,-3218.60000000,-3218.60000000,20260326 00:00:00.000,20260327 15:26:56.750
ARI    202601569,11100,LYN,PBT=[ledger] led.ID=[ce4659bf-ccd1-46b8-b4a0-ba6507fb3c32] led.DT=[2026-03-27 15:26:56.750],674425,3218.60000000,3218.60000000,20260326 00:00:00.000,20260327 15:26:56.750
ARI    202601570,50000,LYN,PBT=[ledger] led.ID=[05f30754-c9a4-4533-8168-ad8a0cfab6f5] led.DT=[2026-03-27 15:26:56.750],674426,-3352.40000000,-3352.40000000,20260326 00:00:00.000,20260327 15:26:56.750
ARI    202601570,11100,LYN,PBT=[ledger] led.ID=[e177076b-2bb1-4a3c-9793-36dd1d1ff9d7] led.DT=[2026-03-27 15:26:56.750],674427,3352.40000000,3352.40000000,20260326 00:00:00.000,20260327 15:26:56.750
ARI    202601571,50000,LYN,PBT=[ledger] led.ID=[4c5b1de5-b567-4073-aa1b-877fdae05eb4] led.DT=[2026-03-27 15:26:56.750],674428,-186.84000000,-186.84000000,20260326 00:00:00.000,20260327 15:26:56.750
ARI    202601571,11100,LYN,PBT=[ledger] led.ID=[8249b35f-3fab-413a-9a62-674f118fe65e] led.DT=[2026-03-27 15:26:56.750],674429,186.84000000,186.84000000,20260326 00:00:00.000,20260327 15:26:56.750
ARI    202601572,50000,LYN,PBT=[ledger] led.ID=[58976365-b14a-44d4-82a7-7d4eedcae8dc] led.DT=[2026-03-27 15:26:56.750],674430,-2188.81000000,-2188.81000000,20260326 00:00:00.000,20260327 15:26:56.750
ARI    202601572,11100,LYN,PBT=[ledger] led.ID=[6543f50b-d71f-4d19-ad0d-3e8e40f169e7] led.DT=[2026-03-27 15:26:56.750],674431,2188.81000000,2188.81000000,20260326 00:00:00.000,20260327 15:26:56.750
ARI    202601573,50000,LYN,PBT=[ledger] led.ID=[3584530b-a613-4414-9878-bb34244c80e7] led.DT=[2026-03-27 15:26:56.750],674432,-2714.40000000,-2714.40000000,20260326 00:00:00.000,20260327 15:26:56.750
ARI    202601573,11100,LYN,PBT=[ledger] led.ID=[965bdb98-569b-4ea9-ae9c-4e1bf62eebbe] led.DT=[2026-03-27 15:26:56.750],674433,2714.40000000,2714.40000000,20260326 00:00:00.000,20260327 15:26:56.750
ARI    202601574,50000,LYN,PBT=[ledger] led.ID=[fcfce86a-6b68-46f9-8ccd-41289b000f72] led.DT=[2026-03-27 15:26:56.750],674434,-3005.86000000,-3005.86000000,20260326 00:00:00.000,20260327 15:26:56.750
ARI    202601574,11100,LYN,PBT=[ledger] led.ID=[a3420075-ec5b-47ce-91e1-b6cb844d307b] led.DT=[2026-03-27 15:26:56.750],674435,3005.86000000,3005.86000000,20260326 00:00:00.000,20260327 15:26:56.750
ARP  2001077651,10150,LYN,PBT=[ledger] led.ID=[5ce6de1c-63ff-4201-90ff-094d03c1e51b] led.DT=[2026-03-27 15:26:56.750],674436,298.20000000,298.20000000,20260326 00:00:00.000,20260327 15:26:56.750
ARP  2001077651,11100,LYN,PBT=[ledger] led.ID=[b371a197-9bbf-4826-aa1f-3acdbede00e4] led.DT=[2026-03-27 15:26:56.750],674437,-298.20000000,-298.20000000,20260326 00:00:00.000,20260327 15:26:56.750
ARP  2001077652,10150,LYN,PBT=[ledger] led.ID=[8983ff47-c22f-4483-ba56-18d5f5e6b025] led.DT=[2026-03-27 15:26:56.750],674438,9764.39000000,9764.39000000,20260326 00:00:00.000,20260327 15:26:56.750
ARP  2001077652,11100,LYN,PBT=[ledger] led.ID=[d8d25e9a-6c4e-4e3c-9335-b1976971abc9] led.DT=[2026-03-27 15:26:56.750],674439,-2192.52000000,-2192.52000000,20260326 00:00:00.000,20260327 15:26:56.750
ARP  2001077652,11100,LYN,PBT=[ledger] led.ID=[781f4462-e33b-4d19-8305-f27a121ce41f] led.DT=[2026-03-27 15:26:56.750],674440,-7571.87000000,-7571.87000000,20260326 00:00:00.000,20260327 15:26:56.750
ARI    202601582,50000,LYN,PBT=[ledger] led.ID=[ab917d68-67b2-4fd6-b80d-bc122888fc53] led.DT=[2026-03-27 15:26:56.750],674463,-13219.20000000,-13219.20000000,20260326 00:00:00.000,20260327 15:26:56.750
ARI    202601582,11100,LYN,PBT=[ledger] led.ID=[da8dda9c-e29b-4208-83d7-6ee5686b201d] led.DT=[2026-03-27 15:26:56.750],674464,13219.20000000,13219.20000000,20260326 00:00:00.000,20260327 15:26:56.750
ARI    202601583,50000,LYN,PBT=[ledger] led.ID=[b932d65a-78a1-45cf-bc31-894231b999c9] led.DT=[2026-03-27 15:26:56.750],674465,-3239.52000000,-3239.52000000,20260326 00:00:00.000,20260327 15:26:56.750
ARI    202601583,11100,LYN,PBT=[ledger] led.ID=[f300dfd6-afc2-43dc-9d88-6924741b6007] led.DT=[2026-03-27 15:26:56.750],674466,3239.52000000,3239.52000000,20260326 00:00:00.000,20260327 15:26:56.750
ARI    202601584,50000,LYN,PBT=[ledger] led.ID=[68d97888-c93e-4d8a-8c46-5d6253b6c2cd] led.DT=[2026-03-27 15:26:56.750],674467,-10612.44000000,-10612.44000000,20260326 00:00:00.000,20260327 15:26:56.750
ARI    202601584,11100,LYN,PBT=[ledger] led.ID=[ec66b434-1721-493b-807c-42f0bb06f9b9] led.DT=[2026-03-27 15:26:56.750],674468,10612.44000000,10612.44000000,20260326 00:00:00.000,20260327 15:26:56.750
ARI    202601585,50000,LYN,PBT=[ledger] led.ID=[fa2a0e95-37c0-4028-af81-828bd6c5d64d] led.DT=[2026-03-27 15:26:56.750],674469,-2655.24000000,-2655.24000000,20260326 00:00:00.000,20260327 15:26:56.750
ARI    202601585,11100,LYN,PBT=[ledger] led.ID=[9849b999-9151-4924-b9c4-a4e88ee28e17] led.DT=[2026-03-27 15:26:56.750],674470,2655.24000000,2655.24000000,20260326 00:00:00.000,20260327 15:26:56.750
ARI    202601586,50000,LYN,PBT=[ledger] led.ID=[69e0eb0d-c561-482f-b1e7-5a52e181ccd9] led.DT=[2026-03-27 15:26:56.750],674471,-7057.51000000,-7057.51000000,20260326 00:00:00.000,20260327 15:26:56.750
ARI    202601586,11100,LYN,PBT=[ledger] led.ID=[1e74b690-fece-419c-b1bb-e2afc05fd5ef] led.DT=[2026-03-27 15:26:56.750],674472,7057.51000000,7057.51000000,20260326 00:00:00.000,20260327 15:26:56.750
INV CSH       42030 1,60100,LYN,PBT=[ledger] led.ID=[00e7a234-2fd0-4850-b871-184903787299] led.DT=[2026-03-27 15:26:57.277],674473,1428.81000000,1428.81000000,20260326 00:00:00.000,20260327 15:26:57.277
INV CSH       42030 1,12000,LYN,PBT=[ledger] led.ID=[68b9523e-c531-43cd-be00-eb9eafba25c7] led.DT=[2026-03-27 15:26:57.277],674474,-1428.81000000,-1428.81000000,20260326 00:00:00.000,20260327 15:26:57.277
INV CSH       42515 1,60100,LYN,PBT=[ledger] led.ID=[51830ce4-a013-47c6-852d-0a549eaa1cce] led.DT=[2026-03-27 15:26:57.277],674475,580.95000000,580.95000000,20260326 00:00:00.000,20260327 15:26:57.277
INV CSH       42515 1,12000,LYN,PBT=[ledger] led.ID=[69c34d0e-b61a-4753-94f9-6b1322ffa110] led.DT=[2026-03-27 15:26:57.277],674476,-580.95000000,-580.95000000,20260326 00:00:00.000,20260327 15:26:57.277
INV CSH       42517 1,60100,LYN,PBT=[ledger] led.ID=[7516f819-3c0b-496a-aeef-764cba42acb7] led.DT=[2026-03-27 15:26:57.277],674477,66.05000000,66.05000000,20260326 00:00:00.000,20260327 15:26:57.277
INV CSH       42517 1,12000,LYN,PBT=[ledger] led.ID=[f132c11d-a129-41f3-a63e-20da39a91c76] led.DT=[2026-03-27 15:26:57.277],674478,-66.05000000,-66.05000000,20260326 00:00:00.000,20260327 15:26:57.277
INV CSH       42518 1,60100,LYN,PBT=[ledger] led.ID=[90afa99e-80a7-4d89-88d6-c6448a4817e1] led.DT=[2026-03-27 15:26:57.277],674479,182.52000000,182.52000000,20260326 00:00:00.000,20260327 15:26:57.277
INV CSH       42518 1,12000,LYN,PBT=[ledger] led.ID=[2f386c72-d5cc-4743-831e-91382c6dc1dd] led.DT=[2026-03-27 15:26:57.277],674480,-182.52000000,-182.52000000,20260326 00:00:00.000,20260327 15:26:57.277
INV CSH       42519 1,60100,LYN,PBT=[ledger] led.ID=[a97e4583-eeaf-435d-985a-5f7d5b5eab92] led.DT=[2026-03-27 15:26:57.277],674481,194.63000000,194.63000000,20260326 00:00:00.000,20260327 15:26:57.277
INV CSH       42519 1,12000,LYN,PBT=[ledger] led.ID=[dec01a1c-427f-4048-8bc6-2d42a5bcbf07] led.DT=[2026-03-27 15:26:57.277],674482,-194.63000000,-194.63000000,20260326 00:00:00.000,20260327 15:26:57.277
INV CSH       42520 1,60100,LYN,PBT=[ledger] led.ID=[2d2dcf50-ee3f-42c7-a3a6-c3da83bbd3e3] led.DT=[2026-03-27 15:26:57.277],674483,86.56000000,86.56000000,20260326 00:00:00.000,20260327 15:26:57.277
INV CSH       42520 1,12000,LYN,PBT=[ledger] led.ID=[bed7264a-e1ab-4f49-8329-e07e7df8ae02] led.DT=[2026-03-27 15:26:57.277],674484,-86.56000000,-86.56000000,20260326 00:00:00.000,20260327 15:26:57.277
INV CSH       42558 1,60100,LYN,PBT=[ledger] led.ID=[537f3702-9d7e-4818-aafa-0877677d5d55] led.DT=[2026-03-27 15:26:57.277],674485,168.72000000,168.72000000,20260326 00:00:00.000,20260327 15:26:57.277
INV CSH       42558 1,12000,LYN,PBT=[ledger] led.ID=[911cdc23-6756-45be-bc9f-f7b8fcdf36c7] led.DT=[2026-03-27 15:26:57.277],674486,-168.72000000,-168.72000000,20260326 00:00:00.000,20260327 15:26:57.277
INV CSH       42561 1,60100,LYN,PBT=[ledger] led.ID=[fd828129-16f8-4391-9747-e922f3fcde7d] led.DT=[2026-03-27 15:26:57.277],674487,914.76000000,914.76000000,20260326 00:00:00.000,20260327 15:26:57.277
INV CSH       42561 1,12000,LYN,PBT=[ledger] led.ID=[787c0999-0a4c-47b6-9f6f-29f1bb3768a3] led.DT=[2026-03-27 15:26:57.277],674488,-914.76000000,-914.76000000,20260326 00:00:00.000,20260327 15:26:57.277
INV CSH       42564 1,60100,LYN,PBT=[ledger] led.ID=[c765aab2-9fc4-4980-8cdf-681f9ed0fca3] led.DT=[2026-03-27 15:26:57.277],674489,2537.50000000,2537.50000000,20260326 00:00:00.000,20260327 15:26:57.277
INV CSH       42564 1,12000,LYN,PBT=[ledger] led.ID=[ff70c235-9ce6-4475-953b-11d4390e64f0] led.DT=[2026-03-27 15:26:57.277],674490,-2537.50000000,-2537.50000000,20260326 00:00:00.000,20260327 15:26:57.277
INV CSH       42616 1,60100,LYN,PBT=[ledger] led.ID=[9a4950c2-15e8-4f94-b74e-e1aa359f4740] led.DT=[2026-03-27 15:26:57.277],674491,57.59000000,57.59000000,20260326 00:00:00.000,20260327 15:26:57.277
INV CSH       42616 1,12000,LYN,PBT=[ledger] led.ID=[e133e181-60ac-4559-9dc6-0897722f5ba4] led.DT=[2026-03-27 15:26:57.277],674492,-57.59000000,-57.59000000,20260326 00:00:00.000,20260327 15:26:57.277
INV CSH       42617 1,60100,LYN,PBT=[ledger] led.ID=[0f4c0384-a3a5-46ce-a77f-743df169932e] led.DT=[2026-03-27 15:26:57.277],674493,733.94000000,733.94000000,20260326 00:00:00.000,20260327 15:26:57.277
INV CSH       42617 1,12000,LYN,PBT=[ledger] led.ID=[a638f804-4d13-494b-94f0-fcad36ed9ea1] led.DT=[2026-03-27 15:26:57.277],674494,-733.94000000,-733.94000000,20260326 00:00:00.000,20260327 15:26:57.277
INV CSH       42621 1,60100,LYN,PBT=[ledger] led.ID=[eb784081-daaf-4dd1-acec-80066c8163ca] led.DT=[2026-03-27 15:26:57.277],674495,2084.40000000,2084.40000000,20260326 00:00:00.000,20260327 15:26:57.277
INV CSH       42621 1,12000,LYN,PBT=[ledger] led.ID=[11e46220-8a7a-4527-877d-60c24649a82b] led.DT=[2026-03-27 15:26:57.277],674496,-2084.40000000,-2084.40000000,20260326 00:00:00.000,20260327 15:26:57.277
INV CSH       42626 1,60100,LYN,PBT=[ledger] led.ID=[840a4f16-d027-40d9-95ed-3ef2ee87aa73] led.DT=[2026-03-27 15:26:57.277],674497,1755.77000000,1755.77000000,20260326 00:00:00.000,20260327 15:26:57.277
INV CSH       42626 1,12000,LYN,PBT=[ledger] led.ID=[a141d4f0-e111-4682-acdd-0a7753d49c35] led.DT=[2026-03-27 15:26:57.277],674498,-1755.77000000,-1755.77000000,20260326 00:00:00.000,20260327 15:26:57.277
INV PRCV      44302 1,12000,LYN,PBT=[ledger] led.ID=[58b829a9-ec1b-4971-ace4-2dc8bc99e140] led.DT=[2026-03-27 15:26:57.790],674523,1730.00000000,1730.00000000,20260326 00:00:00.000,20260327 15:26:57.790
INV PRCV      44302 1,30200,LYN,PBT=[ledger] led.ID=[985f03ed-8f5f-435b-82cd-4d3541c62bb7] led.DT=[2026-03-27 15:26:57.790],674524,-1730.00000000,-1730.00000000,20260326 00:00:00.000,20260327 15:26:57.790
INV PRCV      44141 1,12000,LYN,PBT=[ledger] led.ID=[10324344-14f1-4ac6-8bc9-c9384d06e6d5] led.DT=[2026-03-27 15:26:57.790],674525,323.40000000,323.40000000,20260326 00:00:00.000,20260327 15:26:57.790
INV PRCV      44141 1,30200,LYN,PBT=[ledger] led.ID=[f30f29ad-a983-4740-ac96-9f9c4b9b2e5d] led.DT=[2026-03-27 15:26:57.790],674526,-323.40000000,-323.40000000,20260326 00:00:00.000,20260327 15:26:57.790
INV PRCV      44126 1,12000,LYN,PBT=[ledger] led.ID=[1f28178e-1c65-4a1d-aec4-3c00564c0a94] led.DT=[2026-03-27 15:26:57.790],674527,244.80000000,244.80000000,20260326 00:00:00.000,20260327 15:26:57.790
INV PRCV      44126 1,30200,LYN,PBT=[ledger] led.ID=[b6aa3995-f396-49d8-9cd5-9c9759748a26] led.DT=[2026-03-27 15:26:57.790],674528,-244.80000000,-244.80000000,20260326 00:00:00.000,20260327 15:26:57.790
INV PRCV      44127 1,12000,LYN,PBT=[ledger] led.ID=[d088afe6-7314-4a92-8dda-35901f9dd350] led.DT=[2026-03-27 15:26:57.790],674529,484.40000000,484.40000000,20260326 00:00:00.000,20260327 15:26:57.790
INV PRCV      44127 1,30200,LYN,PBT=[ledger] led.ID=[ab4c4729-3965-44b3-890c-f6d50954ab9f] led.DT=[2026-03-27 15:26:57.790],674530,-484.40000000,-484.40000000,20260326 00:00:00.000,20260327 15:26:57.790
INV PRCV      44350 1,12000,LYN,PBT=[ledger] led.ID=[f4de120d-b342-4409-b8c9-7abbbfe70594] led.DT=[2026-03-27 15:26:57.790],674531,22.72000000,22.72000000,20260326 00:00:00.000,20260327 15:26:57.790
INV PRCV      44350 1,30200,LYN,PBT=[ledger] led.ID=[4e9d40cd-f51f-49a2-b5e1-2db7ccf8e227] led.DT=[2026-03-27 15:26:57.790],674532,-22.72000000,-22.72000000,20260326 00:00:00.000,20260327 15:26:57.790
INV PRCV      44142 1,12000,LYN,PBT=[ledger] led.ID=[b6d91437-245e-4a0e-bdb6-b2281efcd92b] led.DT=[2026-03-27 15:26:57.790],674533,2079.00000000,2079.00000000,20260326 00:00:00.000,20260327 15:26:57.790
INV PRCV      44142 1,30200,LYN,PBT=[ledger] led.ID=[f3e4d283-b31f-42c5-9722-2e251590c7ee] led.DT=[2026-03-27 15:26:57.790],674534,-2079.00000000,-2079.00000000,20260326 00:00:00.000,20260327 15:26:57.790
INV PRCV      44172 1,12000,LYN,PBT=[ledger] led.ID=[dc586d35-b13b-4c27-a994-4de47f955708] led.DT=[2026-03-27 15:26:57.790],674535,1016.40000000,1016.40000000,20260326 00:00:00.000,20260327 15:26:57.790
INV PRCV      44172 1,30200,LYN,PBT=[ledger] led.ID=[354d20af-8cba-41b7-9faa-7cfc015f6e56] led.DT=[2026-03-27 15:26:57.790],674536,-1016.40000000,-1016.40000000,20260326 00:00:00.000,20260327 15:26:57.790
INV PRCV      44143 1,12000,LYN,PBT=[ledger] led.ID=[ce708bab-f859-48e7-aed2-d529f57f6ea0] led.DT=[2026-03-27 15:26:57.790],674537,59.90000000,59.90000000,20260326 00:00:00.000,20260327 15:26:57.790
INV PRCV      44143 1,30200,LYN,PBT=[ledger] led.ID=[986b5772-bcb8-4d3a-b869-9a07af66240d] led.DT=[2026-03-27 15:26:57.790],674538,-59.90000000,-59.90000000,20260326 00:00:00.000,20260327 15:26:57.790
INV PRCV      44128 1,12000,LYN,PBT=[ledger] led.ID=[2778bceb-6a3e-4d37-b4a4-febaa656c5f5] led.DT=[2026-03-27 15:26:57.790],674539,1456.25000000,1456.25000000,20260326 00:00:00.000,20260327 15:26:57.790
INV PRCV      44128 1,30200,LYN,PBT=[ledger] led.ID=[28fdd536-57dd-4bc7-91e5-158aba9fed02] led.DT=[2026-03-27 15:26:57.790],674540,-1456.25000000,-1456.25000000,20260326 00:00:00.000,20260327 15:26:57.790
INV PRCV      44129 1,12000,LYN,PBT=[ledger] led.ID=[5480935a-5428-4431-9697-faadb96f5b5d] led.DT=[2026-03-27 15:26:57.790],674541,312.00000000,312.00000000,20260326 00:00:00.000,20260327 15:26:57.790
INV PRCV      44129 1,30200,LYN,PBT=[ledger] led.ID=[fa5e7bcd-1f19-41c2-9302-9c977a5e1dbc] led.DT=[2026-03-27 15:26:57.790],674542,-312.00000000,-312.00000000,20260326 00:00:00.000,20260327 15:26:57.790
INV PRCV      44130 1,12000,LYN,PBT=[ledger] led.ID=[45680448-a9ed-44f5-83ef-d3422e6d3693] led.DT=[2026-03-27 15:26:57.790],674543,3700.00000000,3700.00000000,20260326 00:00:00.000,20260327 15:26:57.790
INV PRCV      44130 1,30200,LYN,PBT=[ledger] led.ID=[d2341f0e-b0ca-4bfa-a213-8be9d267abc2] led.DT=[2026-03-27 15:26:57.790],674544,-3700.00000000,-3700.00000000,20260326 00:00:00.000,20260327 15:26:57.790
INV PRCV      44087 1,12000,LYN,PBT=[ledger] led.ID=[d88d6127-f7cd-411f-8f15-70a5e54e0936] led.DT=[2026-03-27 15:26:57.790],674545,132.00000000,132.00000000,20260326 00:00:00.000,20260327 15:26:57.790
INV PRCV      44087 1,30200,LYN,PBT=[ledger] led.ID=[97b1e590-20fd-4890-b385-8baaad4af9ba] led.DT=[2026-03-27 15:26:57.790],674546,-132.00000000,-132.00000000,20260326 00:00:00.000,20260327 15:26:57.790
INV PRCV      44131 1,12000,LYN,PBT=[ledger] led.ID=[7af3a3f0-654e-4a1c-aa50-e13008ac01cf] led.DT=[2026-03-27 15:26:57.790],674547,1088.00000000,1088.00000000,20260326 00:00:00.000,20260327 15:26:57.790
INV PRCV      44131 1,30200,LYN,PBT=[ledger] led.ID=[fc43d630-b0df-4946-96bc-fd0ce095afd9] led.DT=[2026-03-27 15:26:57.790],674548,-1088.00000000,-1088.00000000,20260326 00:00:00.000,20260327 15:26:57.790
INV PRCV      44088 1,12000,LYN,PBT=[ledger] led.ID=[0a32d60d-1fd5-4844-aa70-e6b5d983299b] led.DT=[2026-03-27 15:26:57.790],674549,148.00000000,148.00000000,20260326 00:00:00.000,20260327 15:26:57.790
INV PRCV      44088 1,30200,LYN,PBT=[ledger] led.ID=[2c425b23-fa7d-4ecb-99a4-a7be1a0a2d68] led.DT=[2026-03-27 15:26:57.790],674550,-148.00000000,-148.00000000,20260326 00:00:00.000,20260327 15:26:57.790
INV PRCV      44247 1,12000,LYN,PBT=[ledger] led.ID=[1654d08a-a18b-4c6b-9d76-43255edd9bbc] led.DT=[2026-03-27 15:26:57.790],674551,428.00000000,428.00000000,20260326 00:00:00.000,20260327 15:26:57.790
INV PRCV      44247 1,30200,LYN,PBT=[ledger] led.ID=[1c249056-7302-46e0-a05d-e85eb2c6a963] led.DT=[2026-03-27 15:26:57.790],674552,-428.00000000,-428.00000000,20260326 00:00:00.000,20260327 15:26:57.790
INV PRCV      44173 1,12000,LYN,PBT=[ledger] led.ID=[d8b7eaaa-58d6-4187-ba24-810e1bd07f5e] led.DT=[2026-03-27 15:26:57.790],674553,282.20000000,282.20000000,20260326 00:00:00.000,20260327 15:26:57.790
INV PRCV      44173 1,30200,LYN,PBT=[ledger] led.ID=[703cab42-b3c0-4725-9d24-192605ae112f] led.DT=[2026-03-27 15:26:57.790],674554,-282.20000000,-282.20000000,20260326 00:00:00.000,20260327 15:26:57.790
INV PRCV      44171 1,12000,LYN,PBT=[ledger] led.ID=[d958e5c4-c7ac-4bda-84ff-94133d291b3f] led.DT=[2026-03-27 15:26:57.790],674555,8904.00000000,8904.00000000,20260326 00:00:00.000,20260327 15:26:57.790
INV PRCV      44171 1,30200,LYN,PBT=[ledger] led.ID=[9f5d7a2c-10dd-422b-8f4d-f7529c093ed5] led.DT=[2026-03-27 15:26:57.790],674556,-8904.00000000,-8904.00000000,20260326 00:00:00.000,20260327 15:26:57.790
INV PRCV      44144 1,12000,LYN,PBT=[ledger] led.ID=[acc35cd7-9cc8-49f1-b023-f44990f4b0ed] led.DT=[2026-03-27 15:26:57.790],674557,257.25000000,257.25000000,20260326 00:00:00.000,20260327 15:26:57.790
INV PRCV      44144 1,30200,LYN,PBT=[ledger] led.ID=[31599b55-d7e9-4b70-83ae-ee24dd327afd] led.DT=[2026-03-27 15:26:57.790],674558,-257.25000000,-257.25000000,20260326 00:00:00.000,20260327 15:26:57.790
INV PRCV      44322 1,12000,LYN,PBT=[ledger] led.ID=[66f68929-151c-408e-b42a-12cff8ee92a8] led.DT=[2026-03-27 15:26:57.790],674559,6414.10000000,6414.10000000,20260326 00:00:00.000,20260327 15:26:57.790
INV PRCV      44322 1,30200,LYN,PBT=[ledger] led.ID=[d8b73ffa-8aa7-4e53-bf70-5452f9ed830c] led.DT=[2026-03-27 15:26:57.790],674560,-6414.10000000,-6414.10000000,20260326 00:00:00.000,20260327 15:26:57.790
INV PRCV      44174 1,12000,LYN,PBT=[ledger] led.ID=[556dda5f-0f4e-4795-8274-a4788c59a110] led.DT=[2026-03-27 15:26:57.790],674561,4081.70000000,4081.70000000,20260326 00:00:00.000,20260327 15:26:57.790
INV PRCV      44174 1,30200,LYN,PBT=[ledger] led.ID=[88898be6-1e60-402f-8ae7-78e7c6735537] led.DT=[2026-03-27 15:26:57.790],674562,-4081.70000000,-4081.70000000,20260326 00:00:00.000,20260327 15:26:57.790
INV PRCV      44132 1,12000,LYN,PBT=[ledger] led.ID=[69d1a4c7-5ec2-40ac-9a7e-fbcc8ef604a4] led.DT=[2026-03-27 15:26:57.790],674563,172.44000000,172.44000000,20260326 00:00:00.000,20260327 15:26:57.790
INV PRCV      44132 1,30200,LYN,PBT=[ledger] led.ID=[fa5851b2-adb3-4ca7-938e-db7c107a2114] led.DT=[2026-03-27 15:26:57.790],674564,-172.44000000,-172.44000000,20260326 00:00:00.000,20260327 15:26:57.790
INV PRCV      44133 1,12000,LYN,PBT=[ledger] led.ID=[3a0ddece-8d38-4771-8794-783e66c01db1] led.DT=[2026-03-27 15:26:57.790],674565,1252.50000000,1252.50000000,20260326 00:00:00.000,20260327 15:26:57.790
INV PRCV      44133 1,30200,LYN,PBT=[ledger] led.ID=[a93d22f4-04c0-482e-939f-4463079c42bf] led.DT=[2026-03-27 15:26:57.790],674566,-1252.50000000,-1252.50000000,20260326 00:00:00.000,20260327 15:26:57.790
INV PRCV      44134 1,12000,LYN,PBT=[ledger] led.ID=[e33c434f-ee2d-493a-925b-c34e4f2e3a3a] led.DT=[2026-03-27 15:26:57.790],674567,318.20000000,318.20000000,20260326 00:00:00.000,20260327 15:26:57.790
INV PRCV      44134 1,30200,LYN,PBT=[ledger] led.ID=[8e575f55-4b7b-4fb3-b1fc-3e70b1884a6d] led.DT=[2026-03-27 15:26:57.790],674568,-318.20000000,-318.20000000,20260326 00:00:00.000,20260327 15:26:57.790
INV PRCV      44135 1,12000,LYN,PBT=[ledger] led.ID=[ee6e34d2-d17c-41df-bce4-7bb8613cee84] led.DT=[2026-03-27 15:26:57.790],674569,168.00000000,168.00000000,20260326 00:00:00.000,20260327 15:26:57.790
INV PRCV      44135 1,30200,LYN,PBT=[ledger] led.ID=[2306e348-bd61-4fbc-b7f2-1158f8cfcc8c] led.DT=[2026-03-27 15:26:57.790],674570,-168.00000000,-168.00000000,20260326 00:00:00.000,20260327 15:26:57.790
INV PRCV      44136 1,12000,LYN,PBT=[ledger] led.ID=[8b32e273-04a9-4069-930e-51ef5c6553e5] led.DT=[2026-03-27 15:26:57.790],674571,136.68000000,136.68000000,20260326 00:00:00.000,20260327 15:26:57.790
INV PRCV      44136 1,30200,LYN,PBT=[ledger] led.ID=[da93fbc6-f9fe-4b69-aa10-399015bde5aa] led.DT=[2026-03-27 15:26:57.790],674572,-136.68000000,-136.68000000,20260326 00:00:00.000,20260327 15:26:57.790
INV PRCV      44145 1,12000,LYN,PBT=[ledger] led.ID=[5321c9be-5530-40e4-ae4c-7d26d70f8e44] led.DT=[2026-03-27 15:26:57.790],674573,666.16000000,666.16000000,20260326 00:00:00.000,20260327 15:26:57.790
INV PRCV      44145 1,30200,LYN,PBT=[ledger] led.ID=[4076531c-7398-4792-9cb1-e97f399976f9] led.DT=[2026-03-27 15:26:57.790],674574,-666.16000000,-666.16000000,20260326 00:00:00.000,20260327 15:26:57.790
INV PRCV      44140 1,12000,LYN,PBT=[ledger] led.ID=[695161c3-c35f-479f-a27b-e6fe25bcce6c] led.DT=[2026-03-27 15:26:57.790],674575,1323.00000000,1323.00000000,20260326 00:00:00.000,20260327 15:26:57.790
INV PRCV      44140 1,30200,LYN,PBT=[ledger] led.ID=[d6221d72-beb4-4319-bb5c-2ba40f46a617] led.DT=[2026-03-27 15:26:57.790],674576,-1323.00000000,-1323.00000000,20260326 00:00:00.000,20260327 15:26:57.790
INV PRCV      44137 1,12000,LYN,PBT=[ledger] led.ID=[647af7d0-b85d-41ff-a97b-35bd456c9067] led.DT=[2026-03-27 15:26:57.790],674577,1460.00000000,1460.00000000,20260326 00:00:00.000,20260327 15:26:57.790
INV PRCV      44137 1,30200,LYN,PBT=[ledger] led.ID=[4689ac5c-aacf-43b7-8b4c-ad88c9cd4e95] led.DT=[2026-03-27 15:26:57.790],674578,-1460.00000000,-1460.00000000,20260326 00:00:00.000,20260327 15:26:57.790
INV PRCV      44175 1,12000,LYN,PBT=[ledger] led.ID=[030db723-cd4e-4875-a49b-eb311926840f] led.DT=[2026-03-27 15:26:57.790],674579,1068.80000000,1068.80000000,20260326 00:00:00.000,20260327 15:26:57.790
INV PRCV      44175 1,30200,LYN,PBT=[ledger] led.ID=[edbb16b1-02d9-467c-827a-93b098705a6b] led.DT=[2026-03-27 15:26:57.790],674580,-1068.80000000,-1068.80000000,20260326 00:00:00.000,20260327 15:26:57.790
INV PRCV      44146 1,12000,LYN,PBT=[ledger] led.ID=[4c2c172b-0700-4f9b-92fd-e863a24a25dc] led.DT=[2026-03-27 15:26:57.790],674581,121.16000000,121.16000000,20260326 00:00:00.000,20260327 15:26:57.790
INV PRCV      44146 1,30200,LYN,PBT=[ledger] led.ID=[5dd0d890-c238-42e3-a63d-1a732673a60e] led.DT=[2026-03-27 15:26:57.790],674582,-121.16000000,-121.16000000,20260326 00:00:00.000,20260327 15:26:57.790
INV PRCV      44147 1,12000,LYN,PBT=[ledger] led.ID=[c43f92df-0a83-48df-b915-5a7285c031b7] led.DT=[2026-03-27 15:26:57.790],674583,1613.75000000,1613.75000000,20260326 00:00:00.000,20260327 15:26:57.790
INV PRCV      44147 1,30200,LYN,PBT=[ledger] led.ID=[4b4b7564-cf3f-4b96-8ac2-f026a0a3765f] led.DT=[2026-03-27 15:26:57.790],674584,-1613.75000000,-1613.75000000,20260326 00:00:00.000,20260327 15:26:57.790
INV PRCV      44148 1,12000,LYN,PBT=[ledger] led.ID=[e4627a3e-2c21-4830-a750-312f604f0bf6] led.DT=[2026-03-27 15:26:57.790],674585,3302.50000000,3302.50000000,20260326 00:00:00.000,20260327 15:26:57.790
INV PRCV      44148 1,30200,LYN,PBT=[ledger] led.ID=[8bf527e5-a76c-4ce2-b936-8214be845bb6] led.DT=[2026-03-27 15:26:57.790],674586,-3302.50000000,-3302.50000000,20260326 00:00:00.000,20260327 15:26:57.790
INV PRCV      44149 1,12000,LYN,PBT=[ledger] led.ID=[2db89d4f-e849-43f4-b686-d8e81f562283] led.DT=[2026-03-27 15:26:57.790],674587,3389.12000000,3389.12000000,20260326 00:00:00.000,20260327 15:26:57.790
INV PRCV      44149 1,30200,LYN,PBT=[ledger] led.ID=[82cd0cd9-b244-42fb-a05b-6e6eca700bfa] led.DT=[2026-03-27 15:26:57.790],674588,-3389.12000000,-3389.12000000,20260326 00:00:00.000,20260327 15:26:57.790
INV PRCV      44150 1,12000,LYN,PBT=[ledger] led.ID=[1a58c087-5da9-4ae3-ae78-cd906df88a7c] led.DT=[2026-03-27 15:26:57.790],674589,6388.20000000,6388.20000000,20260326 00:00:00.000,20260327 15:26:57.790
INV PRCV      44150 1,30200,LYN,PBT=[ledger] led.ID=[c083fb83-a012-4870-a70d-7be315966763] led.DT=[2026-03-27 15:26:57.790],674590,-6388.20000000,-6388.20000000,20260326 00:00:00.000,20260327 15:26:57.790
INV PRCV      44151 1,12000,LYN,PBT=[ledger] led.ID=[a7512f46-09b3-433a-9002-b5d92d135691] led.DT=[2026-03-27 15:26:57.790],674591,947.50000000,947.50000000,20260326 00:00:00.000,20260327 15:26:57.790
INV PRCV      44151 1,30200,LYN,PBT=[ledger] led.ID=[e09d0b1c-b029-48a2-a6f0-5652e9fef7cd] led.DT=[2026-03-27 15:26:57.790],674592,-947.50000000,-947.50000000,20260326 00:00:00.000,20260327 15:26:57.790
INV PRCV      44152 1,12000,LYN,PBT=[ledger] led.ID=[c42aed72-4df7-4c2e-be30-b8c5f9a73ae5] led.DT=[2026-03-27 15:26:57.790],674593,5061.60000000,5061.60000000,20260326 00:00:00.000,20260327 15:26:57.790
INV PRCV      44152 1,30200,LYN,PBT=[ledger] led.ID=[165506a8-e854-4fe4-a2ad-3c7d7e707462] led.DT=[2026-03-27 15:26:57.790],674594,-5061.60000000,-5061.60000000,20260326 00:00:00.000,20260327 15:26:57.790
INV PRCV      44153 1,12000,LYN,PBT=[ledger] led.ID=[13b68004-4b8a-4a20-90f5-34189ad9c684] led.DT=[2026-03-27 15:26:57.790],674595,2064.00000000,2064.00000000,20260326 00:00:00.000,20260327 15:26:57.790
INV PRCV      44153 1,30200,LYN,PBT=[ledger] led.ID=[6f03fcba-7f76-4f39-b25c-b01e2de2e884] led.DT=[2026-03-27 15:26:57.790],674596,-2064.00000000,-2064.00000000,20260326 00:00:00.000,20260327 15:26:57.790
INV PRCV      44154 1,12000,LYN,PBT=[ledger] led.ID=[0f053d4e-be56-4ec0-a7ee-d4fb9f5d94f7] led.DT=[2026-03-27 15:26:57.790],674597,4671.00000000,4671.00000000,20260326 00:00:00.000,20260327 15:26:57.790
INV PRCV      44154 1,30200,LYN,PBT=[ledger] led.ID=[3fb34702-03cb-4e65-b216-9d44313c3439] led.DT=[2026-03-27 15:26:57.790],674598,-4671.00000000,-4671.00000000,20260326 00:00:00.000,20260327 15:26:57.790
INV PRCV      44138 1,12000,LYN,PBT=[ledger] led.ID=[7bfac950-f0c8-42a0-88a9-5dd9cdee3647] led.DT=[2026-03-27 15:26:57.790],674599,1388.80000000,1388.80000000,20260326 00:00:00.000,20260327 15:26:57.790
INV PRCV      44138 1,30200,LYN,PBT=[ledger] led.ID=[4621c573-d09c-4b5b-a953-f3356f9b9b88] led.DT=[2026-03-27 15:26:57.790],674600,-1388.80000000,-1388.80000000,20260326 00:00:00.000,20260327 15:26:57.790
INV PRCV      44139 1,12000,LYN,PBT=[ledger] led.ID=[a014bb91-4951-4bf4-a82d-a91f896d2582] led.DT=[2026-03-27 15:26:57.790],674601,237.00000000,237.00000000,20260326 00:00:00.000,20260327 15:26:57.790
INV PRCV      44139 1,30200,LYN,PBT=[ledger] led.ID=[7ff0794a-0a12-410b-9a02-03e6185320ee] led.DT=[2026-03-27 15:26:57.790],674602,-237.00000000,-237.00000000,20260326 00:00:00.000,20260327 15:26:57.790
INV PRCV      44155 1,12000,LYN,PBT=[ledger] led.ID=[dc7080c9-ed15-4666-8eaa-1e8d48528415] led.DT=[2026-03-27 15:26:57.790],674603,462.91000000,462.91000000,20260326 00:00:00.000,20260327 15:26:57.790
INV PRCV      44155 1,30200,LYN,PBT=[ledger] led.ID=[3c4c565c-9d0b-4956-b0c0-c4dbd53b2bff] led.DT=[2026-03-27 15:26:57.790],674604,-462.91000000,-462.91000000,20260326 00:00:00.000,20260327 15:26:57.790
INV PRCV      44156 1,12000,LYN,PBT=[ledger] led.ID=[b8a492bd-84da-4249-9477-e5fbae731362] led.DT=[2026-03-27 15:26:57.790],674605,610.44000000,610.44000000,20260326 00:00:00.000,20260327 15:26:57.790
INV PRCV      44156 1,30200,LYN,PBT=[ledger] led.ID=[6ccb0c10-e8d6-41c5-8b06-d9ae077f0586] led.DT=[2026-03-27 15:26:57.790],674606,-610.44000000,-610.44000000,20260326 00:00:00.000,20260327 15:26:57.790
INV PRCV      44157 1,12000,LYN,PBT=[ledger] led.ID=[a4746f08-fc22-4de3-9b31-d05fc327c03b] led.DT=[2026-03-27 15:26:57.790],674607,448.38000000,448.38000000,20260326 00:00:00.000,20260327 15:26:57.790
INV PRCV      44157 1,30200,LYN,PBT=[ledger] led.ID=[00f91b1a-3b29-4138-b081-1578172d8a25] led.DT=[2026-03-27 15:26:57.790],674608,-448.38000000,-448.38000000,20260326 00:00:00.000,20260327 15:26:57.790
INV PRCV      44158 1,12000,LYN,PBT=[ledger] led.ID=[c2b79e6f-5d4d-4ac2-82c9-5830080c4d97] led.DT=[2026-03-27 15:26:57.790],674609,535.09000000,535.09000000,20260326 00:00:00.000,20260327 15:26:57.790
INV PRCV      44158 1,30200,LYN,PBT=[ledger] led.ID=[98420aa1-857f-4cf0-9423-c37372899234] led.DT=[2026-03-27 15:26:57.790],674610,-535.09000000,-535.09000000,20260326 00:00:00.000,20260327 15:26:57.790
INV PRCV      44159 1,12000,LYN,PBT=[ledger] led.ID=[8776661b-136d-4f74-8f2e-89f873cafc8c] led.DT=[2026-03-27 15:26:57.790],674611,3348.84000000,3348.84000000,20260326 00:00:00.000,20260327 15:26:57.790
INV PRCV      44159 1,30200,LYN,PBT=[ledger] led.ID=[01400fc0-1c60-4c90-9f63-2d70796f1f83] led.DT=[2026-03-27 15:26:57.790],674612,-3348.84000000,-3348.84000000,20260326 00:00:00.000,20260327 15:26:57.790
INV PRCV      43793 1,12000,LYN,PBT=[ledger] led.ID=[f89f0a5d-a6f1-4a6a-8d73-c691e11cfd1c] led.DT=[2026-03-27 15:26:57.790],674613,728.60000000,728.60000000,20260326 00:00:00.000,20260327 15:26:57.790
INV PRCV      43793 1,30200,LYN,PBT=[ledger] led.ID=[7d942d90-6610-4611-a551-9f7852c463d7] led.DT=[2026-03-27 15:26:57.790],674614,-728.60000000,-728.60000000,20260326 00:00:00.000,20260327 15:26:57.790
INV PRCV      44166 1,12000,LYN,PBT=[ledger] led.ID=[fdd3d774-cf43-4652-9e57-c22fb2732f0b] led.DT=[2026-03-27 15:26:57.790],674615,486.90000000,486.90000000,20260326 00:00:00.000,20260327 15:26:57.790
INV PRCV      44166 1,30200,LYN,PBT=[ledger] led.ID=[081f4e9f-f635-4352-b31d-557a9084d69e] led.DT=[2026-03-27 15:26:57.790],674616,-486.90000000,-486.90000000,20260326 00:00:00.000,20260327 15:26:57.790
INV PRCV      44167 1,12000,LYN,PBT=[ledger] led.ID=[06a95f3c-af7c-4ad6-b8f5-0d93fcd4304c] led.DT=[2026-03-27 15:26:57.790],674617,1462.50000000,1462.50000000,20260326 00:00:00.000,20260327 15:26:57.790
INV PRCV      44167 1,30200,LYN,PBT=[ledger] led.ID=[9a3f4e54-d849-4629-8948-07e3e5266e8b] led.DT=[2026-03-27 15:26:57.790],674618,-1462.50000000,-1462.50000000,20260326 00:00:00.000,20260327 15:26:57.790
INV PRCV      44168 1,12000,LYN,PBT=[ledger] led.ID=[6196a900-952f-46d5-9d27-676c02707505] led.DT=[2026-03-27 15:26:57.790],674619,2557.50000000,2557.50000000,20260326 00:00:00.000,20260327 15:26:57.790
INV PRCV      44168 1,30200,LYN,PBT=[ledger] led.ID=[4be6e190-32c3-438b-9c60-084ab3dacefb] led.DT=[2026-03-27 15:26:57.790],674620,-2557.50000000,-2557.50000000,20260326 00:00:00.000,20260327 15:26:57.790
INV PRCV      44169 1,12000,LYN,PBT=[ledger] led.ID=[fb65fdab-39bb-4b4d-af89-bc75d7edebac] led.DT=[2026-03-27 15:26:57.790],674621,1300.20000000,1300.20000000,20260326 00:00:00.000,20260327 15:26:57.790
INV PRCV      44169 1,30200,LYN,PBT=[ledger] led.ID=[6e4d612d-2012-47a9-8298-4ef3384d97d0] led.DT=[2026-03-27 15:26:57.790],674622,-1300.20000000,-1300.20000000,20260326 00:00:00.000,20260327 15:26:57.790
APV  403613,30100,LYN,PBT=[ledger] led.ID=[080f5d1b-f889-4a53-8b23-b40e54359f65] led.DT=[2026-03-27 16:23:14.637],674623,-80855.89000000,-80855.89000000,20260326 00:00:00.000,20260327 16:23:14.637
APV  403613,30200,LYN,PBT=[ledger] led.ID=[9b1a33ce-5a70-45ae-99ef-173aa359b98d] led.DT=[2026-03-27 16:23:14.637],674624,80855.89000000,80855.89000000,20260326 00:00:00.000,20260327 16:23:14.637
APV  403614,30100,LYN,PBT=[ledger] led.ID=[488d328c-b26a-4f94-a0f7-21e7e37ab8b9] led.DT=[2026-03-27 16:23:14.637],674625,-53900.98000000,-53900.98000000,20260326 00:00:00.000,20260327 16:23:14.637
APV  403614,70570,LYN,PBT=[ledger] led.ID=[a2be7a1d-6e4d-4059-a87f-b3c88e2a8317] led.DT=[2026-03-27 16:23:14.637],674626,53900.98000000,53900.98000000,20260326 00:00:00.000,20260327 16:23:14.637