voucher,vendor_id,vendor_name,invoice_num,terms_code,created_date,created_amount,event_type,event_date,event_amount,running_open_after_event,source_program,source_item_id
13529,9437401,Its Water Time LLC,35476236,,2023-09-01,16.85,V,2023-09-01,16.85,16.85,,
13532,9282501,Financial Designs Business Advisors,20933,,2023-09-01,1250.00,V,2023-09-01,1250.00,1250.00,,
13532,9282501,Financial Designs Business Advisors,20933,,2023-09-01,1250.00,P,2023-09-25,-1250.00,0.00,SLAptrxps,PBT=[aptrxp] aptrxp.ID=[7d4da0c3-e47a-4542-9778-abd91a63ae47] aptrxp.DT=[2023-09-25 12:06:38.137]
13534,9436201,ITG - Integrated Technology Group,30030,,2023-09-01,4691.30,V,2023-09-01,4691.30,4691.30,,
13544,1966001,"XTO, Inc.",535339,N30,2023-09-01,1143.10,V,2023-09-01,1143.10,1143.10,,
13572,9043801,Anthem Blue Cross Blue Shield,0202309504201,,2023-09-01,803.77,V,2023-09-01,803.77,803.77,,
13572,9043801,Anthem Blue Cross Blue Shield,0202309504201,,2023-09-01,803.77,P,2023-10-02,-803.77,0.00,SLAPTRXPS,PBT=[aptrxp] aptrxp.ID=[375a12e9-bc82-4df2-8aa2-06ee6ca714ea] aptrxp.DT=[2023-10-02 10:48:00.623]
13602,9353001,HealthEquity,fkapx77,,2023-09-01,23.70,V,2023-09-01,23.70,23.70,,
13611,9881302,US Customs and Border Protection,60153298,,2023-09-01,23932.22,V,2023-09-01,23932.22,23932.22,,
13611,9881302,US Customs and Border Protection,60153298,,2023-09-01,23932.22,P,2023-09-27,-23932.22,0.00,SLAPTRXPS,PBT=[aptrxp] aptrxp.ID=[48d31563-4c35-4627-8255-0c673704af99] aptrxp.DT=[2023-09-27 15:13:35.603]
13531,9881301,UPS,00001533W5353,,2023-09-02,101.57,V,2023-09-02,101.57,101.57,,
13536,9719501,"Pro QC International North America, Inc.",130684,,2023-09-02,299.00,V,2023-09-02,299.00,299.00,,
13530,9342902,John Hancock USA - 401K,401K 2023-09-06,,2023-09-05,2238.41,V,2023-09-05,2238.41,2238.41,,
13533,1338401,H.A. King Ltd.,L-65280,N30,2023-09-05,3587.50,V,2023-09-05,3587.50,3587.50,,
13533,1338401,H.A. King Ltd.,L-65280,N30,2023-09-05,3587.50,P,2023-10-06,-3587.50,0.00,SLAptrxps,PBT=[aptrxp] aptrxp.ID=[6317aba4-946c-4f74-882d-acdbd936efaa] aptrxp.DT=[2023-10-06 11:50:05.077]
13535,9806501,Spencer Paxton,09052023,,2023-09-05,90.00,V,2023-09-05,90.00,90.00,,
13537,9437401,Its Water Time LLC,35476302,,2023-09-05,44.23,V,2023-09-05,44.23,44.23,,
13539,9276701,FedEx,8-245-26880,,2023-09-05,20.00,V,2023-09-05,20.00,20.00,,
13539,9276701,FedEx,8-245-26880,,2023-09-05,20.00,P,2023-09-19,-20.00,0.00,SLAptrxps,PBT=[aptrxp] aptrxp.ID=[5e1b0db7-1e64-4911-9616-95794cef01c6] aptrxp.DT=[2023-09-19 11:35:53.340]
13540,9517701,Sharp Electronics Corporation,9004489964,,2023-09-05,122.77,V,2023-09-05,122.77,122.77,,
13540,9517701,Sharp Electronics Corporation,9004489964,,2023-09-05,122.77,P,2023-10-06,-122.77,0.00,SLAptrxps,PBT=[aptrxp] aptrxp.ID=[67b607b6-132d-4b91-930a-9f3a8772472e] aptrxp.DT=[2023-10-06 11:50:05.347]
13541,9292501,"Freedom Global Development Co.,LTD",FD23090002,,2023-09-06,2855.00,V,2023-09-06,2855.00,2855.00,,
13542,9276701,FedEx,2-194-37309,,2023-09-06,198.34,V,2023-09-06,198.34,198.34,,
13543,9549801,"MSI Viking Gage, LLC",3102632,,2023-09-06,265.50,V,2023-09-06,265.50,265.50,,
13545,9545901,Marathon Petroleum Co. / WEX BANK,91698147,,2023-09-06,60.03,V,2023-09-06,60.03,60.03,,
13563,9977001,"Sandler, Travis, & Rosenberg, P. A.",333031,,2023-09-06,1260.00,V,2023-09-06,1260.00,1260.00,,
13563,9977001,"Sandler, Travis, & Rosenberg, P. A.",333031,,2023-09-06,1260.00,P,2023-09-22,-1260.00,0.00,SLAptrxps,PBT=[aptrxp] aptrxp.ID=[76a32716-e676-4dad-bfbc-b119097886ed] aptrxp.DT=[2023-09-22 14:02:29.487]
13546,1516501,"Lavelle Industries, Inc.",310905,N30,2023-09-07,426.25,V,2023-09-07,426.25,426.25,,
13547,1516501,"Lavelle Industries, Inc.",310906,N30,2023-09-07,1456.80,V,2023-09-07,1456.80,1456.80,,
13548,9436201,ITG - Integrated Technology Group,30065,,2023-09-07,2717.57,V,2023-09-07,2717.57,2717.57,,
13548,9436201,ITG - Integrated Technology Group,30065,,2023-09-07,2717.57,P,2023-09-25,-2717.57,0.00,SLAPTRXPS,PBT=[aptrxp] aptrxp.ID=[d8d55672-9c2b-4740-aecb-0e91aaa8c8bd] aptrxp.DT=[2023-09-25 12:06:38.230]
13549,9881301,UPS,1701888805,,2023-09-07,392.13,V,2023-09-07,392.13,392.13,,
13675,1810801,"Star Rubber & Plastics Co., Ltd",APR-20230037-TOOL,N90,2023-09-07,1800.00,V,2023-09-07,1800.00,1800.00,,
13550,1810801,"Star Rubber & Plastics Co., Ltd",APR-20230048,N90,2023-09-08,1605.00,V,2023-09-08,1605.00,1605.00,,
13575,9188101,Dodson Brothers Ext. Co.,1-057301-0925 23,,2023-09-08,41.00,V,2023-09-08,41.00,41.00,,
13575,9188101,Dodson Brothers Ext. Co.,1-057301-0925 23,,2023-09-08,41.00,P,2023-09-25,-41.00,0.00,SLAPTRXPS,PBT=[aptrxp] aptrxp.ID=[3dd68e73-494d-46ca-8053-143eb46928d5] aptrxp.DT=[2023-09-25 12:06:38.017]
13612,9881302,US Customs and Border Protection,60156762,,2023-09-08,185.01,V,2023-09-08,185.01,185.01,,
13613,9881302,US Customs and Border Protection,60156764,,2023-09-08,2826.96,V,2023-09-08,2826.96,2826.96,,
13614,9881302,US Customs and Border Protection,60156766,,2023-09-08,1482.90,V,2023-09-08,1482.90,1482.90,,
13615,9881302,US Customs and Border Protection,60156769,,2023-09-08,89.76,V,2023-09-08,89.76,89.76,,
13616,9881302,US Customs and Border Protection,60156771,,2023-09-08,104.70,V,2023-09-08,104.70,104.70,,
13616,9881302,US Customs and Border Protection,60156771,,2023-09-08,104.70,P,2023-09-27,-104.70,0.00,SLAptrxps,PBT=[aptrxp] aptrxp.ID=[a46d26b7-6e8c-4a01-9275-aa31c3be2a82] aptrxp.DT=[2023-09-27 15:13:35.603]
13617,9881302,US Customs and Border Protection,60156772,,2023-09-08,768.92,V,2023-09-08,768.92,768.92,,
13618,9881302,US Customs and Border Protection,60156773,,2023-09-08,138.95,V,2023-09-08,138.95,138.95,,
13619,9881302,US Customs and Border Protection,60156774,,2023-09-08,5718.27,V,2023-09-08,5718.27,5718.27,,
13619,9881302,US Customs and Border Protection,60156774,,2023-09-08,5718.27,P,2023-09-27,-5718.27,0.00,SLAptrxps,PBT=[aptrxp] aptrxp.ID=[1dd746c3-3c1c-40e6-9894-99abb0a9fc7d] aptrxp.DT=[2023-09-27 15:13:35.603]
13620,9881302,US Customs and Border Protection,60156775,,2023-09-08,13920.31,V,2023-09-08,13920.31,13920.31,,
13621,9881302,US Customs and Border Protection,60156777,,2023-09-08,40.72,V,2023-09-08,40.72,40.72,,
13622,9881302,US Customs and Border Protection,60156778,,2023-09-08,1156.72,V,2023-09-08,1156.72,1156.72,,
13623,9881302,US Customs and Border Protection,60156779,,2023-09-08,1360.73,V,2023-09-08,1360.73,1360.73,,
13623,9881302,US Customs and Border Protection,60156779,,2023-09-08,1360.73,P,2023-09-27,-1360.73,0.00,SLAptrxps,PBT=[aptrxp] aptrxp.ID=[0f8cebf2-07bc-46cc-83d5-a187b8529cbf] aptrxp.DT=[2023-09-27 15:13:35.603]
13624,9881302,US Customs and Border Protection,60156780,,2023-09-08,11343.22,V,2023-09-08,11343.22,11343.22,,
13625,9881302,US Customs and Border Protection,60156781,,2023-09-08,10496.94,V,2023-09-08,10496.94,10496.94,,
13551,9881301,UPS,00001533W5363,,2023-09-09,243.18,V,2023-09-09,243.18,243.18,,
13551,9881301,UPS,00001533W5363,,2023-09-09,243.18,P,2023-09-26,-243.18,0.00,SLAptrxps,PBT=[aptrxp] aptrxp.ID=[03dd65cb-38af-41d2-9d0c-a06a638284d6] aptrxp.DT=[2023-09-26 11:43:44.620]
13552,9437401,Its Water Time LLC,35476415,,2023-09-09,36.86,V,2023-09-09,36.86,36.86,,
13553,9549801,"MSI Viking Gage, LLC",3102702,,2023-09-11,274.00,V,2023-09-11,274.00,274.00,,
13556,9342902,John Hancock USA - 401K,401K 2023-09-13,,2023-09-11,2238.41,V,2023-09-11,2238.41,2238.41,,
13564,9719501,"Pro QC International North America, Inc.",130979,,2023-09-11,320.00,V,2023-09-11,320.00,320.00,,
13554,9276701,FedEx,8-252-09054,,2023-09-12,35.00,V,2023-09-12,35.00,35.00,,
13555,1810801,"Star Rubber & Plastics Co., Ltd",APR-20230047,N90,2023-09-12,942.27,V,2023-09-12,942.27,942.27,,
13557,9486503,Ronald Kelleher,LOAN-2023-09,,2023-09-13,931.00,V,2023-09-13,931.00,931.00,,
13558,9500601,"First Choice Shredding, Inc",27851,,2023-09-13,40.00,V,2023-09-13,40.00,40.00,,
13559,1240501,"Enterprise Rubber, Inc.",226985,N30,2023-09-13,2045.00,V,2023-09-13,2045.00,2045.00,,
13559,1240501,"Enterprise Rubber, Inc.",226985,N30,2023-09-13,2045.00,P,2023-10-06,-2045.00,0.00,SLAptrxps,PBT=[aptrxp] aptrxp.ID=[ae779934-1e19-4236-bca1-94b18ac26648] aptrxp.DT=[2023-10-06 11:50:04.770]
13560,1049001,"APR Asia Co., Ltd.",632198,N45,2023-09-13,774.00,V,2023-09-13,774.00,774.00,,
13560,1049001,"APR Asia Co., Ltd.",632198,N45,2023-09-13,774.00,P,2023-10-13,-774.00,0.00,SLAPTRXPS,PBT=[aptrxp] aptrxp.ID=[5a6b9fd6-ca58-4a16-8783-0d3efebf3082] aptrxp.DT=[2023-10-13 11:14:17.250]
13578,9779401,"Kanawha Scales & Systems, LLC.",WV1414100557,,2023-09-13,350.00,V,2023-09-13,350.00,350.00,,
13596,9276703,FedEx Freight,7355601713,,2023-09-13,280.50,V,2023-09-13,280.50,280.50,,
13566,9549801,"MSI Viking Gage, LLC",3102807,,2023-09-14,157.00,V,2023-09-14,157.00,157.00,,
13569,1810801,"Star Rubber & Plastics Co., Ltd",APR-20230043,N90,2023-09-14,188139.21,V,2023-09-14,188139.21,188139.21,,
13569,1810801,"Star Rubber & Plastics Co., Ltd",APR-20230043,N90,2023-09-14,188139.21,P,2023-11-17,-188139.21,0.00,SLAptrxps,PBT=[aptrxp] aptrxp.ID=[c06fa86c-0bfd-488a-8d96-9a16a50efa35] aptrxp.DT=[2023-11-17 11:27:53.007]
13573,9707001,Piedmont Community Healthcare HMO Inc.,3687,,2023-09-14,8002.26,V,2023-09-14,8002.26,8002.26,,
13573,9707001,Piedmont Community Healthcare HMO Inc.,3687,,2023-09-14,8002.26,P,2023-10-02,-8002.26,0.00,SLAPTRXPS,PBT=[aptrxp] aptrxp.ID=[3aab9de0-a615-4c46-aa0c-13ff1af98275] aptrxp.DT=[2023-10-02 07:56:16.393]
13574,9707001,Piedmont Community Healthcare HMO Inc.,4031,,2023-09-14,3319.97,V,2023-09-14,3319.97,3319.97,,
13567,9549703,The Mid-State Group,1203,,2023-09-15,993.75,V,2023-09-15,993.75,993.75,,
13568,9135801,"C.H Robinson International, Inc.",6187798237,,2023-09-15,1874.90,V,2023-09-15,1874.90,1874.90,,
13570,1240501,"Enterprise Rubber, Inc.",227005,N30,2023-09-15,4569.64,V,2023-09-15,4569.64,4569.64,,
13571,1810801,"Star Rubber & Plastics Co., Ltd",APR-20230052,N90,2023-09-15,641.75,V,2023-09-15,641.75,641.75,,
13576,9544201,Mai Tuo Singapore PTE LTD,MT2308027,,2023-09-15,3140.00,V,2023-09-15,3140.00,3140.00,,
13579,9881301,UPS,1704384504,,2023-09-15,1548.07,V,2023-09-15,1548.07,1548.07,,
13579,9881301,UPS,1704384504,,2023-09-15,1548.07,P,2023-10-03,-1548.07,0.00,SLAptrxps,PBT=[aptrxp] aptrxp.ID=[1955fb11-5993-4cf2-ba20-a5cc4f8d0436] aptrxp.DT=[2023-10-05 14:24:00.817]
13580,9881301,UPS,00001533W5373,,2023-09-16,244.95,V,2023-09-16,244.95,244.95,,
13580,9881301,UPS,00001533W5373,,2023-09-16,244.95,P,2023-10-04,-244.95,0.00,SLAptrxps,PBT=[aptrxp] aptrxp.ID=[2d68da74-cbef-49d5-94e0-ab81c2c4346b] aptrxp.DT=[2023-10-05 14:38:06.567]
13577,9342902,John Hancock USA - 401K,401K 2023-09-20,,2023-09-18,2375.79,V,2023-09-18,2375.79,2375.79,,
13581,1240501,"Enterprise Rubber, Inc.",227014,N30,2023-09-18,1390.00,V,2023-09-18,1390.00,1390.00,,
13582,1897801,Vatsalya Metal Industries,EXP-153,N60,2023-09-18,15824.48,V,2023-09-18,15824.48,15824.48,,
13582,1897801,Vatsalya Metal Industries,EXP-153,N60,2023-09-18,15824.48,P,2023-11-07,-15824.48,0.00,SLAPTRXPS,PBT=[aptrxp] aptrxp.ID=[97fb138c-113b-4d99-9a8b-192090d1eed9] aptrxp.DT=[2023-11-07 12:14:16.430]
13583,1135001,CGR Products,2696654,N45,2023-09-18,1606.00,V,2023-09-18,1606.00,1606.00,,
13584,1897801,Vatsalya Metal Industries,EXP-116,N60,2023-09-18,67503.30,V,2023-09-18,67503.30,67503.30,,
13586,1850001,"Anhui TongFeng Electronics Co., Ltd.",TF-230908/XC,N80,2023-09-18,192.90,V,2023-09-18,192.90,192.90,,
13586,1850001,"Anhui TongFeng Electronics Co., Ltd.",TF-230908/XC,N80,2023-09-18,192.90,P,2023-11-13,-192.90,0.00,SLAptrxps,PBT=[aptrxp] aptrxp.ID=[83d42784-d32a-45c0-9281-95eb5fe1869a] aptrxp.DT=[2023-11-13 11:47:06.087]
13587,9881302,US Customs and Border Protection,53232350CP,,2023-09-18,9655.46,V,2023-09-18,9655.46,9655.46,,
13588,9881302,US Customs and Border Protection,142324205U,,2023-09-18,14883.27,V,2023-09-18,14883.27,14883.27,,
13588,9881302,US Customs and Border Protection,142324205U,,2023-09-18,14883.27,P,2023-09-25,-14883.27,0.00,SLAptrxps,PBT=[aptrxp] aptrxp.ID=[5663c5dd-549c-43c5-987f-9fbd79f4cf5c] aptrxp.DT=[2023-09-26 16:42:44.207]
13589,9881302,US Customs and Border Protection,142324405A,,2023-09-18,1883.73,V,2023-09-18,1883.73,1883.73,,
13590,9881302,US Customs and Border Protection,142324305C,,2023-09-18,15348.33,V,2023-09-18,15348.33,15348.33,,
13591,9881302,US Customs and Border Protection,532322308H,,2023-09-18,11921.42,V,2023-09-18,11921.42,11921.42,,
13591,9881302,US Customs and Border Protection,532322308H,,2023-09-18,11921.42,P,2023-09-26,-11921.42,0.00,SLAPTRXPS,PBT=[aptrxp] aptrxp.ID=[9e4e8a75-0f6a-46ef-9e7e-0142a451fe48] aptrxp.DT=[2023-09-26 16:42:44.207]
13592,9881302,US Customs and Border Protection,53232270B4,,2023-09-18,7393.07,V,2023-09-18,7393.07,7393.07,,
13593,9881302,US Customs and Border Protection,53232280E2,,2023-09-18,14459.35,V,2023-09-18,14459.35,14459.35,,
13594,9881302,US Customs and Border Protection,1423228063,,2023-09-18,34913.24,V,2023-09-18,34913.24,34913.24,,
13595,9881301,UPS,1704800867,,2023-09-18,360.31,V,2023-09-18,360.31,360.31,,
13608,9148301,CNA Insurance,09182023,,2023-09-18,900.75,V,2023-09-18,900.75,900.75,,
13597,9135801,"C.H Robinson International, Inc.",6187943519,,2023-09-19,2519.00,V,2023-09-19,2519.00,2519.00,,
13598,9276701,FedEx,8-259-65708,,2023-09-19,20.00,V,2023-09-19,20.00,20.00,,
13598,9276701,FedEx,8-259-65708,,2023-09-19,20.00,P,2023-09-26,-20.00,0.00,SLAPTRXPS,PBT=[aptrxp] aptrxp.ID=[d1cfb611-7910-407b-aa7c-164be34abc1a] aptrxp.DT=[2023-09-26 11:54:12.890]
13585,1897801,Vatsalya Metal Industries,CAR-191,,2023-09-20,-1196.49,V,2023-09-20,-1196.49,-1196.49,,
13599,1810801,"Star Rubber & Plastics Co., Ltd",APR-20230053,N90,2023-09-20,522.00,V,2023-09-20,522.00,522.00,,
13600,1966001,"XTO, Inc.",535654,N30,2023-09-20,612.50,V,2023-09-20,612.50,612.50,,
13601,1049001,"APR Asia Co., Ltd.",632218,,2023-09-20,27000.00,V,2023-09-20,27000.00,27000.00,,
13605,9135801,"C.H Robinson International, Inc.",6188012132,,2023-09-20,3355.89,V,2023-09-20,3355.89,3355.89,,
13605,9135801,"C.H Robinson International, Inc.",6188012132,,2023-09-20,3355.89,P,2023-10-13,-3355.89,0.00,SLAptrxps,PBT=[aptrxp] aptrxp.ID=[7d0415c2-897d-4697-a7ba-b4289a51eb10] aptrxp.DT=[2023-10-13 11:43:05.743]
13604,1075101,Badger Rubber Company,78734,N30,2023-09-21,484.50,V,2023-09-21,484.50,484.50,,
13657,9719501,"Pro QC International North America, Inc.",131508,,2023-09-21,360.00,V,2023-09-21,360.00,360.00,,
13666,1897801,Vatsalya Metal Industries,CAR-192,,2023-09-21,-500.00,V,2023-09-21,-500.00,-500.00,,
13606,9881301,UPS,00001533W5383,,2023-09-23,130.29,V,2023-09-23,130.29,130.29,,
13603,1171101,"Daehun, Inc.",MDH23-APR0310-1,,2023-09-25,1450.00,V,2023-09-25,1450.00,1450.00,,
13607,1488202,Kennwu Manufacturing Sdn. Bhd.,2009715,N45,2023-09-25,74839.85,V,2023-09-25,74839.85,74839.85,,
13607,1488202,Kennwu Manufacturing Sdn. Bhd.,2009715,N45,2023-09-25,74839.85,P,2023-10-06,-74839.85,0.00,SLAptrxps,PBT=[aptrxp] aptrxp.ID=[c3eaeb97-99eb-4163-9c87-938d3afeec19] aptrxp.DT=[2023-10-06 10:59:02.980]
13609,9190901,Michelle Dougan,589364,,2023-09-25,720.00,V,2023-09-25,720.00,720.00,,
13609,9190901,Michelle Dougan,589364,,2023-09-25,720.00,P,2023-09-25,-720.00,0.00,SLAPTRXPS,PBT=[aptrxp] aptrxp.ID=[3aa16532-ec5f-4d0f-8574-1020113c82e2] aptrxp.DT=[2023-09-25 17:41:14.920]
13610,9342902,John Hancock USA - 401K,401K 2023-09-27,,2023-09-25,2225.25,V,2023-09-25,2225.25,2225.25,,
13627,9135801,"C.H Robinson International, Inc.",6188397714,,2023-09-26,2460.00,V,2023-09-26,2460.00,2460.00,,
13628,9437401,Its Water Time LLC,35476529,,2023-09-26,36.86,V,2023-09-26,36.86,36.86,,
13629,9276701,FedEx,8-266-86337,,2023-09-26,96.48,V,2023-09-26,96.48,96.48,,
13740,9708601,PIP Printing,184237,,2023-09-26,162.14,V,2023-09-26,162.14,162.14,,
13626,1488202,Kennwu Manufacturing Sdn. Bhd.,2009609,N60,2023-09-27,200.00,V,2023-09-27,200.00,200.00,,
13626,1488202,Kennwu Manufacturing Sdn. Bhd.,2009609,N60,2023-09-27,200.00,P,2023-10-06,-200.00,0.00,SLAPTRXPS,PBT=[aptrxp] aptrxp.ID=[74fab63d-542d-4fb4-8f8a-01ccdb168789] aptrxp.DT=[2023-10-06 10:59:02.980]
13630,9276701,FedEx,2-200-83549,,2023-09-27,189.95,V,2023-09-27,189.95,189.95,,
13630,9276701,FedEx,2-200-83549,,2023-09-27,189.95,P,2023-10-13,-189.95,0.00,SLAptrxps,PBT=[aptrxp] aptrxp.ID=[6cf1aba6-2eef-4205-816b-96774270e88b] aptrxp.DT=[2023-10-16 11:20:56.560]
13658,9719501,"Pro QC International North America, Inc.",131642,,2023-09-27,598.00,V,2023-09-27,598.00,598.00,,
13693,1488202,Kennwu Manufacturing Sdn. Bhd.,2009879,N45,2023-09-27,200.00,V,2023-09-27,200.00,200.00,,
13631,9237301,Employee Benefits Service (EBS),132102,,2023-09-28,117.31,V,2023-09-28,117.31,117.31,,
13633,9135801,"C.H Robinson International, Inc.",6188509649,,2023-09-28,5403.90,V,2023-09-28,5403.90,5403.90,,
13633,9135801,"C.H Robinson International, Inc.",6188509649,,2023-09-28,5403.90,P,2023-10-20,-5403.90,0.00,SLAptrxps,PBT=[aptrxp] aptrxp.ID=[2c55a842-3f50-4c4f-a1af-973dd11a5b0b] aptrxp.DT=[2023-10-20 12:18:19.680]
13679,1810801,"Star Rubber & Plastics Co., Ltd",APR-20230054-TOOL,N90,2023-09-28,6347.70,V,2023-09-28,6347.70,6347.70,,
13680,1850001,"Anhui TongFeng Electronics Co., Ltd.",TF-230621S,N80,2023-09-29,259.61,V,2023-09-29,259.61,259.61,,
13635,9881301,UPS,00001533W5393,,2023-09-30,42.00,V,2023-09-30,42.00,42.00,,
13656,9342902,John Hancock USA - 401K,20230930-A139097-JHFE-,,2023-09-30,3838.47,V,2023-09-30,3838.47,3838.47,,
13712,1810801,"Star Rubber & Plastics Co., Ltd",APR-20230033-TOOL,N90,2023-09-30,4102.37,V,2023-09-30,4102.37,4102.37,,
13636,9437401,Its Water Time LLC,35476680,,2023-10-01,18.95,V,2023-10-01,18.95,18.95,,
13637,9904001,"Virginia Sentinel, Inc.",62424,,2023-10-01,189.00,V,2023-10-01,189.00,189.00,,
13637,9904001,"Virginia Sentinel, Inc.",62424,,2023-10-01,189.00,P,2023-10-20,-189.00,0.00,SLAPTRXPS,PBT=[aptrxp] aptrxp.ID=[48aa42a1-d9d4-4531-959c-12e4427c290a] aptrxp.DT=[2023-10-20 12:55:43.903]
13638,9904001,"Virginia Sentinel, Inc.",62425,,2023-10-01,96.00,V,2023-10-01,96.00,96.00,,
13641,9806501,Spencer Paxton,10012023,,2023-10-01,90.00,V,2023-10-01,90.00,90.00,,
13643,9436201,ITG - Integrated Technology Group,30359,,2023-10-01,4766.54,V,2023-10-01,4766.54,4766.54,,
13660,9282501,Financial Designs Business Advisors,20952,,2023-10-01,1250.00,V,2023-10-01,1250.00,1250.00,,
13632,9342902,John Hancock USA - 401K,401K 2023-10-04,,2023-10-02,2225.25,V,2023-10-02,2225.25,2225.25,,
13639,1810801,"Star Rubber & Plastics Co., Ltd",APR-20230056,N90,2023-10-02,6552.00,V,2023-10-02,6552.00,6552.00,,
13642,9043801,Anthem Blue Cross Blue Shield,0202310503918,,2023-10-02,784.47,V,2023-10-02,784.47,784.47,,
13687,9881301,UPS,1708696429,,2023-10-02,188.47,V,2023-10-02,188.47,188.47,,
13715,1810801,"Star Rubber & Plastics Co., Ltd",APR-20230054,N90,2023-10-02,28.78,V,2023-10-02,28.78,28.78,,
13640,1488202,Kennwu Manufacturing Sdn. Bhd.,2009920,N45,2023-10-03,80244.45,V,2023-10-03,80244.45,80244.45,,
13640,1488202,Kennwu Manufacturing Sdn. Bhd.,2009920,N45,2023-10-03,80244.45,P,2023-10-13,-80244.45,0.00,SLAptrxps,PBT=[aptrxp] aptrxp.ID=[3844ef5c-7574-4f63-9f5e-b0fbe6590930] aptrxp.DT=[2023-10-13 11:19:40.940]
13645,9276701,FedEx,8-273-65993,,2023-10-03,20.00,V,2023-10-03,20.00,20.00,,
13698,1049001,"APR Asia Co., Ltd.",632225,N5,2023-10-03,4646.32,V,2023-10-03,4646.32,4646.32,,
13646,1810801,"Star Rubber & Plastics Co., Ltd",APR-20230050,N90,2023-10-04,5372.15,V,2023-10-04,5372.15,5372.15,,
13646,1810801,"Star Rubber & Plastics Co., Ltd",APR-20230050,N90,2023-10-04,5372.15,P,2023-12-01,-5372.15,0.00,SLAptrxps,PBT=[aptrxp] aptrxp.ID=[cec5d745-f84e-4985-b4cc-b4dbdf730813] aptrxp.DT=[2023-12-01 12:37:21.283]
13659,9276701,FedEx,2-202-97427,,2023-10-04,776.64,V,2023-10-04,776.64,776.64,,
13685,9276703,FedEx Freight,7434997415,,2023-10-04,283.76,V,2023-10-04,283.76,283.76,,
13685,9276703,FedEx Freight,7434997415,,2023-10-04,283.76,P,2023-11-09,-283.76,0.00,SLAPTRXPS,PBT=[aptrxp] aptrxp.ID=[827af4d3-cd08-4421-9094-15ecb4aa381e] aptrxp.DT=[2023-11-09 08:57:45.817]
13647,1005602,Accurate Products,801752,N30,2023-10-05,778.80,V,2023-10-05,778.80,778.80,,
13648,1049001,"APR Asia Co., Ltd.",08142023,N45,2023-10-05,72135.24,V,2023-10-05,72135.24,72135.24,,
13650,1810801,"Star Rubber & Plastics Co., Ltd",APR-20230044,N90,2023-10-05,10205.50,V,2023-10-05,10205.50,10205.50,,
13651,1850001,"Anhui TongFeng Electronics Co., Ltd.",TF-230725/XC,N80,2023-10-05,74.83,V,2023-10-05,74.83,74.83,,
13651,1850001,"Anhui TongFeng Electronics Co., Ltd.",TF-230725/XC,N80,2023-10-05,74.83,P,2023-11-13,-74.83,0.00,SLAPTRXPS,PBT=[aptrxp] aptrxp.ID=[ca0cda14-0be8-474a-b018-2074b37aafbf] aptrxp.DT=[2023-11-13 11:47:06.087]
13654,9353001,HealthEquity,y336f3v,,2023-10-05,23.70,V,2023-10-05,23.70,23.70,,
13661,9549801,"MSI Viking Gage, LLC",3103376,,2023-10-05,74.80,V,2023-10-05,74.80,74.80,,
13652,1897801,Vatsalya Metal Industries,EXP-141,N60,2023-10-06,62136.66,V,2023-10-06,62136.66,62136.66,,
13662,1966001,"XTO, Inc.",536022,N30,2023-10-06,390.00,V,2023-10-06,390.00,390.00,,
13663,1760601,RT Dygert - a Divsion of Hercules OEM,INV000328594,N30,2023-10-06,945.00,V,2023-10-06,945.00,945.00,,
13664,1240501,"Enterprise Rubber, Inc.",227207,N30,2023-10-06,334.40,V,2023-10-06,334.40,334.40,,
13664,1240501,"Enterprise Rubber, Inc.",227207,N30,2023-10-06,334.40,P,2023-11-07,-334.40,0.00,SLAptrxps,PBT=[aptrxp] aptrxp.ID=[5e93e5d4-ffb0-4788-8315-99f9c770f7ad] aptrxp.DT=[2023-11-07 14:56:12.113]
13665,9135801,"C.H Robinson International, Inc.",6188991848,,2023-10-06,5535.00,V,2023-10-06,5535.00,5535.00,,
13667,9517701,Sharp Electronics Corporation,9004537509,,2023-10-06,100.42,V,2023-10-06,100.42,100.42,,
13668,9545901,Marathon Petroleum Co. / WEX BANK,92431047,,2023-10-06,48.96,V,2023-10-06,48.96,48.96,,
13681,9135801,"C.H Robinson International, Inc.",6189066194,,2023-10-06,2373.00,V,2023-10-06,2373.00,2373.00,,
13669,9881301,UPS,00001533W5403,,2023-10-07,185.60,V,2023-10-07,185.60,185.60,,
13670,9544201,Mai Tuo Singapore PTE LTD,MT2309025,,2023-10-07,2790.00,V,2023-10-07,2790.00,2790.00,,
13670,9544201,Mai Tuo Singapore PTE LTD,MT2309025,,2023-10-07,2790.00,P,2023-11-13,-2790.00,0.00,SLAptrxps,PBT=[aptrxp] aptrxp.ID=[a4c63c3c-d13a-4321-86fb-b0adb9c3ab9a] aptrxp.DT=[2023-11-13 12:04:05.307]
13671,9544201,Mai Tuo Singapore PTE LTD,MT2309026,,2023-10-07,2490.00,V,2023-10-07,2490.00,2490.00,,
13671,9544201,Mai Tuo Singapore PTE LTD,MT2309026,,2023-10-07,2490.00,P,2023-11-13,-2490.00,0.00,SLAptrxps,PBT=[aptrxp] aptrxp.ID=[a356880c-2739-4cd8-a56a-b41202a578e8] aptrxp.DT=[2023-11-13 12:04:05.307]
13672,9897201,Vanwell Logistics Co.,F23094559,,2023-10-07,2850.00,V,2023-10-07,2850.00,2850.00,,
13672,9897201,Vanwell Logistics Co.,F23094559,,2023-10-07,2850.00,P,2023-10-20,-2850.00,0.00,SLAptrxps,PBT=[aptrxp] aptrxp.ID=[6e803e25-8512-4ac4-8f4e-99ab17e54528] aptrxp.DT=[2023-10-20 11:59:34.607]
13653,9486503,Ronald Kelleher,LOAN-2023-10,,2023-10-09,931.00,V,2023-10-09,931.00,931.00,,
13655,9342902,John Hancock USA - 401K,401K 2023-10-11,,2023-10-09,2215.41,V,2023-10-09,2215.41,2215.41,,
13655,9342902,John Hancock USA - 401K,401K 2023-10-11,,2023-10-09,2215.41,P,2023-10-09,-2215.41,0.00,SLAPTRXPS,PBT=[aptrxp] aptrxp.ID=[ba73dbfb-e27b-4f06-8a1c-0a7a3c47df90] aptrxp.DT=[2023-10-09 08:02:28.320]
13673,9437401,Its Water Time LLC,35476738,,2023-10-09,44.23,V,2023-10-09,44.23,44.23,,
13674,9292501,"Freedom Global Development Co.,LTD",FD23090186,,2023-10-09,2785.00,V,2023-10-09,2785.00,2785.00,,
13676,9135801,"C.H Robinson International, Inc.",6189171087,,2023-10-10,301.00,V,2023-10-10,301.00,301.00,,
13677,9233001,"Hallwood Enterprises, Inc.",124179,,2023-10-10,6085.99,V,2023-10-10,6085.99,6085.99,,
13678,9276701,FedEx,8-280-93941,,2023-10-10,51.06,V,2023-10-10,51.06,51.06,,
13684,1966101,"Xuancheng Yinming Auto Parts Manufacturing Co., Ltd.",20230720,N45,2023-10-10,41681.86,V,2023-10-10,41681.86,41681.86,,
13682,9135801,"C.H Robinson International, Inc.",6189246754,,2023-10-11,3373.29,V,2023-10-11,3373.29,3373.29,,
13682,9135801,"C.H Robinson International, Inc.",6189246754,,2023-10-11,3373.29,P,2023-11-07,-3373.29,0.00,SLAptrxps,PBT=[aptrxp] aptrxp.ID=[e99d705e-e808-4c40-8ff1-99a1194b645f] aptrxp.DT=[2023-11-07 13:49:09.343]
13683,9500601,"First Choice Shredding, Inc",28196,,2023-10-11,40.00,V,2023-10-11,40.00,40.00,,
13683,9500601,"First Choice Shredding, Inc",28196,,2023-10-11,40.00,P,2023-10-13,-40.00,0.00,SLAPTRXPS,PBT=[aptrxp] aptrxp.ID=[f8097577-26b7-4917-9e12-0b0c7e97983d] aptrxp.DT=[2023-10-13 12:12:38.307]
13686,9135801,"C.H Robinson International, Inc.",6189320019,,2023-10-12,1445.50,V,2023-10-12,1445.50,1445.50,,
13688,1007401,Accurate Elastomer Products,IN121726,N30,2023-10-12,790.50,V,2023-10-12,790.50,790.50,,
13709,9719501,"Pro QC International North America, Inc.",132010,,2023-10-12,299.00,V,2023-10-12,299.00,299.00,,
13710,9135801,"C.H Robinson International, Inc.",6189396304,,2023-10-12,1267.62,V,2023-10-12,1267.62,1267.62,,
13689,1516501,"Lavelle Industries, Inc.",314750,N30,2023-10-13,426.25,V,2023-10-13,426.25,426.25,,
13691,1810801,"Star Rubber & Plastics Co., Ltd",APR-20230045,N90,2023-10-13,48466.00,V,2023-10-13,48466.00,48466.00,,
13699,1966101,"Xuancheng Yinming Auto Parts Manufacturing Co., Ltd.",20230816,N45,2023-10-13,54339.68,V,2023-10-13,54339.68,54339.68,,
13699,1966101,"Xuancheng Yinming Auto Parts Manufacturing Co., Ltd.",20230816,N45,2023-10-13,54339.68,P,2023-10-20,-54339.68,0.00,SLAPTRXPS,PBT=[aptrxp] aptrxp.ID=[e45372e5-97e0-4d88-8095-21bfe31ea6d1] aptrxp.DT=[2023-10-20 12:03:37.340]
13713,9707001,Piedmont Community Healthcare HMO Inc.,4145,,2023-10-13,6854.98,V,2023-10-13,6854.98,6854.98,,
13714,9707001,Piedmont Community Healthcare HMO Inc.,4501,,2023-10-13,3319.97,V,2023-10-13,3319.97,3319.97,,
13739,9188101,Dodson Brothers Ext. Co.,1-057301-1025 23,,2023-10-13,41.00,V,2023-10-13,41.00,41.00,,
13739,9188101,Dodson Brothers Ext. Co.,1-057301-1025 23,,2023-10-13,41.00,P,2023-11-07,-41.00,0.00,SLAPTRXPS,PBT=[aptrxp] aptrxp.ID=[40a3532d-4968-4b83-b1e3-1eb26f334d04] aptrxp.DT=[2023-11-07 14:56:12.373]
13694,9881301,UPS,00001533W5413,,2023-10-14,68.44,V,2023-10-14,68.44,68.44,,
13694,9881301,UPS,00001533W5413,,2023-10-14,68.44,P,2023-11-02,-68.44,0.00,SLAPTRXPS,PBT=[aptrxp] aptrxp.ID=[9c27ba27-504d-46e9-bd70-11c96503c4bd] aptrxp.DT=[2023-11-02 09:47:11.863]
13690,9549703,The Mid-State Group,1224,,2023-10-15,993.75,V,2023-10-15,993.75,993.75,,
13690,9549703,The Mid-State Group,1224,,2023-10-15,993.75,P,2023-10-20,-993.75,0.00,SLAptrxps,PBT=[aptrxp] aptrxp.ID=[34ba1a89-62a1-4dd6-87c5-9816e17e4d48] aptrxp.DT=[2023-10-20 12:28:08.717]
13824,1135801,"Chenpang Power Enterprise Co., Ltd. (CPEC)",V23091503-1,,2023-10-15,150.00,V,2023-10-15,150.00,150.00,,
13692,9342902,John Hancock USA - 401K,401K 2023-10-18,,2023-10-16,2248.02,V,2023-10-16,2248.02,2248.02,,
13695,1897801,Vatsalya Metal Industries,EXP-151,N60,2023-10-16,19172.42,V,2023-10-16,19172.42,19172.42,,
13696,9881302,US Customs and Border Protection,60153298-2,,2023-10-16,138.08,V,2023-10-16,138.08,138.08,,
13697,9276701,FedEx,8-287-77671,,2023-10-17,37.73,V,2023-10-17,37.73,37.73,,
13697,9276701,FedEx,8-287-77671,,2023-10-17,37.73,P,2023-11-02,-37.73,0.00,SLAptrxps,PBT=[aptrxp] aptrxp.ID=[678b96d7-ace2-45c9-85c9-958a0e225389] aptrxp.DT=[2023-11-07 09:33:59.207]
13700,9881302,US Customs and Border Protection,53242850CK,,2023-10-17,7431.79,V,2023-10-17,7431.79,7431.79,,
13700,9881302,US Customs and Border Protection,53242850CK,,2023-10-17,7431.79,P,2023-10-25,-7431.79,0.00,SLAPTRXPS,PBT=[aptrxp] aptrxp.ID=[6d80fc0e-314f-4c18-b146-0dbef68726cb] aptrxp.DT=[2023-10-25 10:00:17.640]
13701,9881302,US Customs and Border Protection,1423264063,,2023-10-17,37191.43,V,2023-10-17,37191.43,37191.43,,
13702,9881302,US Customs and Border Protection,142427604P,,2023-10-17,2231.63,V,2023-10-17,2231.63,2231.63,,
13702,9881302,US Customs and Border Protection,142427604P,,2023-10-17,2231.63,P,2023-10-25,-2231.63,0.00,SLAPTRXPS,PBT=[aptrxp] aptrxp.ID=[535cc0cf-5a97-481b-a4d8-04734b8903df] aptrxp.DT=[2023-10-25 10:00:17.640]
13703,9881302,US Customs and Border Protection,142428405R,,2023-10-17,2392.19,V,2023-10-17,2392.19,2392.19,,
13703,9881302,US Customs and Border Protection,142428405R,,2023-10-17,2392.19,P,2023-10-25,-2392.19,0.00,SLAPTRXPS,PBT=[aptrxp] aptrxp.ID=[efae4ee3-805c-4e78-ae0c-24377313a0b9] aptrxp.DT=[2023-10-25 10:00:17.640]
13704,9881302,US Customs and Border Protection,46232630F6,,2023-10-17,318.25,V,2023-10-17,318.25,318.25,,
13704,9881302,US Customs and Border Protection,46232630F6,,2023-10-17,318.25,P,2023-10-24,-318.25,0.00,SLAptrxps,PBT=[aptrxp] aptrxp.ID=[01838edc-2a20-4ed9-b98f-9f111af32395] aptrxp.DT=[2023-10-25 10:00:17.640]
13705,9881302,US Customs and Border Protection,46242850H4,,2023-10-17,292.90,V,2023-10-17,292.90,292.90,,
13706,9881302,US Customs and Border Protection,47242770CX,,2023-10-17,54.81,V,2023-10-17,54.81,54.81,,
13706,9881302,US Customs and Border Protection,47242770CX,,2023-10-17,54.81,P,2023-10-25,-54.81,0.00,SLAPTRXPS,PBT=[aptrxp] aptrxp.ID=[c6685fe8-eec8-4a91-9e6a-224d0d069e2d] aptrxp.DT=[2023-10-25 10:00:17.640]
13707,9881302,US Customs and Border Protection,17232580GX,,2023-10-17,150.24,V,2023-10-17,150.24,150.24,,
13711,1131301,"Thomas A. Caserta, Inc.",38305,N30,2023-10-18,495.00,V,2023-10-18,495.00,495.00,,
13733,9276703,FedEx Freight,7435211895,,2023-10-18,483.94,V,2023-10-18,483.94,483.94,,
13733,9276703,FedEx Freight,7435211895,,2023-10-18,483.94,P,2023-11-21,-483.94,0.00,SLAptrxps,PBT=[aptrxp] aptrxp.ID=[8e247c3d-fd67-4e2a-957b-9793ab75ee76] aptrxp.DT=[2023-11-22 11:46:32.360]
13716,9135801,"C.H Robinson International, Inc.",6189716541,,2023-10-19,1626.17,V,2023-10-19,1626.17,1626.17,,
13717,1810801,"Star Rubber & Plastics Co., Ltd",APR-20230049,N90,2023-10-20,178904.69,V,2023-10-20,178904.69,178904.69,,
13719,1897801,Vatsalya Metal Industries,EXP-186,N30,2023-10-20,605.64,V,2023-10-20,605.64,605.64,,
13720,9881301,UPS,00001533W5423,,2023-10-21,72.18,V,2023-10-21,72.18,72.18,,
13718,9342902,John Hancock USA - 401K,401K 2023-10-25,,2023-10-23,2225.25,V,2023-10-23,2225.25,2225.25,,
13721,1897801,Vatsalya Metal Industries,EXP-187,N30,2023-10-23,1000.00,V,2023-10-23,1000.00,1000.00,,
13722,1966001,"XTO, Inc.",536350,N30,2023-10-23,700.00,V,2023-10-23,700.00,700.00,,
13723,1338401,H.A. King Ltd.,65451,N30,2023-10-23,445.50,V,2023-10-23,445.50,445.50,,
13723,1338401,H.A. King Ltd.,65451,N30,2023-10-23,445.50,P,2023-11-13,-445.50,0.00,SLAptrxps,PBT=[aptrxp] aptrxp.ID=[383717ea-0b67-4220-b39a-999d7659b605] aptrxp.DT=[2023-11-13 13:56:15.613]
13724,1131301,"Thomas A. Caserta, Inc.",38313,N30,2023-10-23,528.00,V,2023-10-23,528.00,528.00,,
13724,1131301,"Thomas A. Caserta, Inc.",38313,N30,2023-10-23,528.00,P,2023-11-13,-528.00,0.00,SLAptrxps,PBT=[aptrxp] aptrxp.ID=[4e96fe1f-7c66-4372-944d-9a27b3a7fe47] aptrxp.DT=[2023-11-13 13:56:15.543]
13725,9437401,Its Water Time LLC,35476856,,2023-10-23,29.48,V,2023-10-23,29.48,29.48,,
13726,1760802,"RubberMill, Inc.",1145273,N30,2023-10-23,256.00,V,2023-10-23,256.00,256.00,,
13727,9292501,"Freedom Global Development Co.,LTD",FD23100022,,2023-10-23,2750.00,V,2023-10-23,2750.00,2750.00,,
13737,9237301,Employee Benefits Service (EBS),132433,,2023-10-23,251.13,V,2023-10-23,251.13,251.13,,
13737,9237301,Employee Benefits Service (EBS),132433,,2023-10-23,251.13,P,2023-10-31,-251.13,0.00,SLAPTRXPS,PBT=[aptrxp] aptrxp.ID=[86b2b636-00df-4732-a2e9-174c45d8d78f] aptrxp.DT=[2023-10-31 06:14:37.867]
13728,1049001,"APR Asia Co., Ltd.",632227,,2023-10-24,30000.00,V,2023-10-24,30000.00,30000.00,,
13729,9276701,FedEx,8-295-45757,,2023-10-24,20.00,V,2023-10-24,20.00,20.00,,
13730,1075101,Badger Rubber Company,78870,N30,2023-10-24,1770.00,V,2023-10-24,1770.00,1770.00,,
13731,9135801,"C.H Robinson International, Inc.",6190038085,,2023-10-25,2543.82,V,2023-10-25,2543.82,2543.82,,
13732,9276701,FedEx,2-209-42529,,2023-10-25,945.77,V,2023-10-25,945.77,945.77,,
13745,1810801,"Star Rubber & Plastics Co., Ltd",CAR - 194,,2023-10-25,-500.00,V,2023-10-25,-500.00,-500.00,,
13745,1810801,"Star Rubber & Plastics Co., Ltd",CAR - 194,,2023-10-25,-500.00,P,2023-11-07,-500.00,-1000.00,SLAptrxps,PBT=[aptrxp] aptrxp.ID=[556d785b-d6e9-4106-987c-9f7680f760db] aptrxp.DT=[2023-11-07 12:07:57.620]
13734,9544201,Mai Tuo Singapore PTE LTD,MT2309027,,2023-10-26,2490.00,V,2023-10-26,2490.00,2490.00,,
13756,9143103,City of Lynchburg - Personal Property Tax,Dec 2023 PPT,,2023-10-26,262.49,V,2023-10-26,262.49,262.49,,
13757,9143103,City of Lynchburg - Personal Property Tax,Dec. 2023 PPT,,2023-10-26,524.97,V,2023-10-26,524.97,524.97,,
13757,9143103,City of Lynchburg - Personal Property Tax,Dec. 2023 PPT,,2023-10-26,524.97,P,2023-12-07,-524.97,0.00,SLAPTRXPS,PBT=[aptrxp] aptrxp.ID=[37255f86-9ca5-486d-860d-11a902501149] aptrxp.DT=[2023-12-07 09:48:24.650]
13741,9881301,UPS,00001533W5433,,2023-10-28,193.42,V,2023-10-28,193.42,193.42,,
13735,9190901,Michelle Dougan,589367,,2023-10-30,900.00,V,2023-10-30,900.00,900.00,,
13736,9342902,John Hancock USA - 401K,401K 2023-11-01,,2023-10-30,2225.25,V,2023-10-30,2225.25,2225.25,,
13738,1516501,"Lavelle Industries, Inc.",316474,N30,2023-10-30,450.40,V,2023-10-30,450.40,450.40,,
13742,9544501,Mallory Alexander International Logistics,MAL01451673,,2023-10-30,5001.00,V,2023-10-30,5001.00,5001.00,,
13743,9276701,FedEx,8-302-62261,,2023-10-31,58.28,V,2023-10-31,58.28,58.28,,
13744,9276701,FedEx,2-211-40757,,2023-10-31,42.00,V,2023-10-31,42.00,42.00,,
13744,9276701,FedEx,2-211-40757,,2023-10-31,42.00,P,2023-11-17,-42.00,0.00,SLAPTRXPS,PBT=[aptrxp] aptrxp.ID=[2b492bb6-7673-4a3a-a4e3-1cd12b323416] aptrxp.DT=[2023-11-17 14:04:38.660]
13747,1850001,"Anhui TongFeng Electronics Co., Ltd.",TF-231020/FD,N80,2023-10-31,153.46,V,2023-10-31,153.46,153.46,,
13778,9880701,"Underwriters Lab., Inc.",72041108407,,2023-10-31,615.25,V,2023-10-31,615.25,615.25,,
13746,9437401,Its Water Time LLC,35476936,,2023-11-01,18.95,V,2023-11-01,18.95,18.95,,
13748,9806501,Spencer Paxton,11012023,,2023-11-01,90.00,V,2023-11-01,90.00,90.00,,
13748,9806501,Spencer Paxton,11012023,,2023-11-01,90.00,P,2023-11-02,-90.00,0.00,SLAptrxps,PBT=[aptrxp] aptrxp.ID=[2d1dea5c-fef4-4262-a390-adc00e10b093] aptrxp.DT=[2023-11-02 11:17:54.563]
13759,9282501,Financial Designs Business Advisors,20973,,2023-11-01,1250.00,V,2023-11-01,1250.00,1250.00,,
13759,9282501,Financial Designs Business Advisors,20973,,2023-11-01,1250.00,P,2023-12-01,-1250.00,0.00,SLAPTRXPS,PBT=[aptrxp] aptrxp.ID=[1b6a0f3e-3314-43c6-81bb-0d575b7f55b9] aptrxp.DT=[2023-12-01 14:37:32.603]
13760,9276703,FedEx Freight,7434995890,,2023-11-01,273.15,V,2023-11-01,273.15,273.15,,
13761,9436201,ITG - Integrated Technology Group,30704,,2023-11-01,4766.54,V,2023-11-01,4766.54,4766.54,,
13834,1966101,"Xuancheng Yinming Auto Parts Manufacturing Co., Ltd.",CAR - 193,,2023-11-01,-1281.83,V,2023-11-01,-1281.83,-1281.83,,
13835,1966101,"Xuancheng Yinming Auto Parts Manufacturing Co., Ltd.",CAR - 193 (2),,2023-11-01,-641.04,V,2023-11-01,-641.04,-641.04,,
13836,1966101,"Xuancheng Yinming Auto Parts Manufacturing Co., Ltd.",CAR - 193 (3),,2023-11-01,-604.62,V,2023-11-01,-604.62,-604.62,,
13837,1966101,"Xuancheng Yinming Auto Parts Manufacturing Co., Ltd.",CAR - 193 (4),,2023-11-01,-456.78,V,2023-11-01,-456.78,-456.78,,
13838,1966101,"Xuancheng Yinming Auto Parts Manufacturing Co., Ltd.",CAR - 193 (5),,2023-11-01,-75.00,V,2023-11-01,-75.00,-75.00,,
13845,9043801,Anthem Blue Cross Blue Shield,0202311503410,,2023-11-01,812.07,V,2023-11-01,812.07,812.07,,
13845,9043801,Anthem Blue Cross Blue Shield,0202311503410,,2023-11-01,812.07,P,2023-11-30,-812.07,0.00,SLAptrxps,PBT=[aptrxp] aptrxp.ID=[d842582b-eddc-4f58-a0a7-aac826fe3ae9] aptrxp.DT=[2023-11-30 06:51:50.817]
13749,1049001,"APR Asia Co., Ltd.",09102023,N45,2023-11-02,100311.24,V,2023-11-02,100311.24,100311.24,,
13749,1049001,"APR Asia Co., Ltd.",09102023,N45,2023-11-02,100311.24,P,2023-11-13,-9900.00,90411.24,SLAPTRXPS,PBT=[aptrxp] aptrxp.ID=[16eb3b85-254a-438c-92de-1a1d3b4c9bea] aptrxp.DT=[2023-11-13 11:53:41.370]
13749,1049001,"APR Asia Co., Ltd.",09102023,N45,2023-11-02,100311.24,P,2023-11-13,-3683.20,86728.04,SLAptrxps,PBT=[aptrxp] aptrxp.ID=[d92c5e6f-7d2b-4d95-b799-a9d98d0de9dc] aptrxp.DT=[2023-11-13 11:53:41.200]
13749,1049001,"APR Asia Co., Ltd.",09102023,N45,2023-11-02,100311.24,P,2023-11-13,-282.06,86445.98,SLAPTRXPS,PBT=[aptrxp] aptrxp.ID=[46e5d448-07e0-4fe9-9369-1916f5bd517a] aptrxp.DT=[2023-11-13 11:53:41.333]
13749,1049001,"APR Asia Co., Ltd.",09102023,N45,2023-11-02,100311.24,P,2023-11-13,-54165.30,32280.68,SLAptrxps,PBT=[aptrxp] aptrxp.ID=[503d7005-e12e-4284-aa30-98198a2817c2] aptrxp.DT=[2023-11-13 11:55:14.027]
13751,1810801,"Star Rubber & Plastics Co., Ltd",APR-20230051,N90,2023-11-02,50812.48,V,2023-11-02,50812.48,50812.48,,
13753,1966101,"Xuancheng Yinming Auto Parts Manufacturing Co., Ltd.",20230922,N45,2023-11-02,48102.28,V,2023-11-02,48102.28,48102.28,,
13754,1850001,"Anhui TongFeng Electronics Co., Ltd.",TF-230821/39,N80,2023-11-02,3333.67,V,2023-11-02,3333.67,3333.67,,
13755,1171101,"Daehun, Inc.",DH231101-5,N60,2023-11-03,290.40,V,2023-11-03,290.40,290.40,,
13762,9517701,Sharp Electronics Corporation,9004578118,,2023-11-03,71.90,V,2023-11-03,71.90,71.90,,
13763,9881301,UPS,00001533W5443,,2023-11-04,55.52,V,2023-11-04,55.52,55.52,,
13752,9342902,John Hancock USA - 401K,401K 2023-11-08,,2023-11-06,2274.49,V,2023-11-06,2274.49,2274.49,,
13752,9342902,John Hancock USA - 401K,401K 2023-11-08,,2023-11-06,2274.49,P,2023-11-06,-2274.49,0.00,SLAPTRXPS,PBT=[aptrxp] aptrxp.ID=[6010d55c-ada0-49bb-acec-1f9b8070e8fc] aptrxp.DT=[2023-11-06 15:47:41.020]
13764,9437401,Its Water Time LLC,35477043,,2023-11-06,44.23,V,2023-11-06,44.23,44.23,,
13768,9545901,Marathon Petroleum Co. / WEX BANK,93038914,,2023-11-06,249.23,V,2023-11-06,249.23,249.23,,
13768,9545901,Marathon Petroleum Co. / WEX BANK,93038914,,2023-11-06,249.23,P,2023-11-30,-249.23,0.00,SLAptrxps,PBT=[aptrxp] aptrxp.ID=[52435545-e87a-4594-8bb7-9be809ef1da9] aptrxp.DT=[2023-12-04 11:14:04.013]
13775,9353001,HealthEquity,3334mtr,,2023-11-06,23.70,V,2023-11-06,23.70,23.70,,
13775,9353001,HealthEquity,3334mtr,,2023-11-06,23.70,P,2023-11-13,-23.70,0.00,SLAPTRXPS,PBT=[aptrxp] aptrxp.ID=[8908363f-4c60-4968-8e82-0e3da899f5ea] aptrxp.DT=[2023-11-13 08:39:11.343]
13766,1966001,"XTO, Inc.",536629,N30,2023-11-07,675.00,V,2023-11-07,675.00,675.00,,
13767,9276701,FedEx,8-309-86926,,2023-11-07,50.02,V,2023-11-07,50.02,50.02,,
13767,9276701,FedEx,8-309-86926,,2023-11-07,50.02,P,2023-11-27,-50.02,0.00,SLAPTRXPS,PBT=[aptrxp] aptrxp.ID=[617efbaa-b169-4f07-87fe-0598e248bf1e] aptrxp.DT=[2023-11-27 15:49:17.643]
13769,9135801,"C.H Robinson International, Inc.",6190807810,,2023-11-07,1139.50,V,2023-11-07,1139.50,1139.50,,
13770,9135801,"C.H Robinson International, Inc.",6190808856,,2023-11-07,301.00,V,2023-11-07,301.00,301.00,,
13770,9135801,"C.H Robinson International, Inc.",6190808856,,2023-11-07,301.00,P,2023-12-01,-301.00,0.00,SLAPTRXPS,PBT=[aptrxp] aptrxp.ID=[9449a855-9175-4a78-8407-03d0e37c34e3] aptrxp.DT=[2023-12-01 12:58:55.660]
13771,9135801,"C.H Robinson International, Inc.",6190812082,,2023-11-07,2370.10,V,2023-11-07,2370.10,2370.10,,
13765,9500601,"First Choice Shredding, Inc",28549,,2023-11-08,40.00,V,2023-11-08,40.00,40.00,,
13765,9500601,"First Choice Shredding, Inc",28549,,2023-11-08,40.00,P,2023-11-13,-40.00,0.00,SLAptrxps,PBT=[aptrxp] aptrxp.ID=[314cc98b-c5eb-40b4-9243-9b824a259990] aptrxp.DT=[2023-11-13 13:56:15.917]
13772,9276701,FedEx,2-213-83161,,2023-11-08,256.11,V,2023-11-08,256.11,256.11,,
13773,1338401,H.A. King Ltd.,L-65521,N30,2023-11-08,248.75,V,2023-11-08,248.75,248.75,,
13773,1338401,H.A. King Ltd.,L-65521,N30,2023-11-08,248.75,P,2023-12-01,-248.75,0.00,SLAPTRXPS,PBT=[aptrxp] aptrxp.ID=[5b1f66f1-03db-4456-b73f-195b9fa31429] aptrxp.DT=[2023-12-01 14:37:31.680]
13774,1005602,Accurate Products,805605,N30,2023-11-08,230.00,V,2023-11-08,230.00,230.00,,
13774,1005602,Accurate Products,805605,N30,2023-11-08,230.00,P,2023-12-01,-230.00,0.00,SLAptrxps,PBT=[aptrxp] aptrxp.ID=[98a0c3de-2972-4458-ae95-9fdbaf9614a1] aptrxp.DT=[2023-12-01 12:55:25.710]
13805,9307402,Gentry Locke,320860//018,,2023-11-08,3080.00,V,2023-11-08,3080.00,3080.00,,
13805,9307402,Gentry Locke,320860//018,,2023-11-08,3080.00,P,2023-12-01,-3080.00,0.00,SLAptrxps,PBT=[aptrxp] aptrxp.ID=[6866aa51-36e1-4bbb-aa1d-b198b7d90b28] aptrxp.DT=[2023-12-01 14:37:32.670]
13779,1966001,"XTO, Inc.",536659,N30,2023-11-09,252.00,V,2023-11-09,252.00,252.00,,
13780,1005602,Accurate Products,805633,N30,2023-11-09,716.80,V,2023-11-09,716.80,716.80,,
13781,1780701,Seneca Rubber Technologies,07763604,N30,2023-11-09,559.60,V,2023-11-09,559.60,559.60,,
13782,9135801,"C.H Robinson International, Inc.",6191141977,,2023-11-10,65.00,V,2023-11-10,65.00,65.00,,
13783,1005602,Accurate Products,805794,N30,2023-11-10,390.00,V,2023-11-10,390.00,390.00,,
13783,1005602,Accurate Products,805794,N30,2023-11-10,390.00,P,2023-12-01,-390.00,0.00,SLAPTRXPS,PBT=[aptrxp] aptrxp.ID=[62a46402-a677-4d21-8685-1baee3f177c0] aptrxp.DT=[2023-12-01 12:55:25.710]
13815,9719501,"Pro QC International North America, Inc.",133076,,2023-11-10,299.00,V,2023-11-10,299.00,299.00,,
13816,9188101,Dodson Brothers Ext. Co.,1-057301-1125 23,,2023-11-10,41.00,V,2023-11-10,41.00,41.00,,
13784,9881301,UPS,00001533W5453,,2023-11-11,218.79,V,2023-11-11,218.79,218.79,,
13784,9881301,UPS,00001533W5453,,2023-11-11,218.79,P,2023-11-29,-218.79,0.00,SLAptrxps,PBT=[aptrxp] aptrxp.ID=[19f0e73b-8297-443c-9a3c-9ea126d35940] aptrxp.DT=[2023-11-30 09:04:50.263]
13776,9486503,Ronald Kelleher,LOAN-2023-11,,2023-11-13,931.00,V,2023-11-13,931.00,931.00,,
13777,9342902,John Hancock USA - 401K,401K 2023-11-15,,2023-11-13,2296.77,V,2023-11-13,2296.77,2296.77,,
13777,9342902,John Hancock USA - 401K,401K 2023-11-15,,2023-11-13,2296.77,P,2023-11-14,-2296.77,0.00,SLAPTRXPS,PBT=[aptrxp] aptrxp.ID=[667806fa-6f56-4476-844f-20820c2b2d2a] aptrxp.DT=[2023-11-14 08:01:30.253]
13785,1966101,"Xuancheng Yinming Auto Parts Manufacturing Co., Ltd.",20231108,N45,2023-11-13,322.83,V,2023-11-13,322.83,322.83,,
13786,9276701,FedEx,8-316-82484,,2023-11-14,20.00,V,2023-11-14,20.00,20.00,,
13787,1338401,H.A. King Ltd.,L-65541,N30,2023-11-14,444.60,V,2023-11-14,444.60,444.60,,
13788,1897801,Vatsalya Metal Industries,EXP-162,N60,2023-11-14,44513.08,V,2023-11-14,44513.08,44513.08,,
13811,9707001,Piedmont Community Healthcare HMO Inc.,4613,,2023-11-14,7428.62,V,2023-11-14,7428.62,7428.62,,
13811,9707001,Piedmont Community Healthcare HMO Inc.,4613,,2023-11-14,7428.62,P,2023-11-30,-7428.62,0.00,SLAPTRXPS,PBT=[aptrxp] aptrxp.ID=[24ebd94e-3718-4c5b-a128-0b748f80673d] aptrxp.DT=[2023-11-30 07:45:23.537]
13812,9707001,Piedmont Community Healthcare HMO Inc.,4960,,2023-11-14,3319.97,V,2023-11-14,3319.97,3319.97,,
13812,9707001,Piedmont Community Healthcare HMO Inc.,4960,,2023-11-14,3319.97,P,2023-11-30,-3319.97,0.00,SLAPTRXPS,PBT=[aptrxp] aptrxp.ID=[1805a84b-ce54-4233-ae31-0e159a4c838c] aptrxp.DT=[2023-11-30 07:45:23.537]
13789,9276701,FedEx,2-216-07910,,2023-11-15,513.04,V,2023-11-15,513.04,513.04,,
13789,9276701,FedEx,2-216-07910,,2023-11-15,513.04,P,2023-12-04,-513.04,0.00,SLAPTRXPS,PBT=[aptrxp] aptrxp.ID=[94411aab-b2fc-4bed-9756-0cbb4a4e65c7] aptrxp.DT=[2023-12-04 11:35:17.507]
13790,9549703,The Mid-State Group,1246,,2023-11-15,993.75,V,2023-11-15,993.75,993.75,,
13791,1049001,"APR Asia Co., Ltd.",632236,N45,2023-11-15,2880.00,V,2023-11-15,2880.00,2880.00,,
13792,1075101,Badger Rubber Company,78949,N30,2023-11-15,1660.00,V,2023-11-15,1660.00,1660.00,,
13793,1005602,Accurate Products,806169,N30,2023-11-15,207.00,V,2023-11-15,207.00,207.00,,
13801,9276703,FedEx Freight,7435214824,,2023-11-15,217.96,V,2023-11-15,217.96,217.96,,
13802,9276703,FedEx Freight,7435004102,,2023-11-15,156.52,V,2023-11-15,156.52,156.52,,
13794,9881302,US Customs and Border Protection,142428904H,,2023-11-16,17997.12,V,2023-11-16,17997.12,17997.12,,
13794,9881302,US Customs and Border Protection,142428904H,,2023-11-16,17997.12,P,2023-11-24,-17997.12,0.00,SLAptrxps,PBT=[aptrxp] aptrxp.ID=[cb0d8ecb-3bdc-4af1-9fbb-a2978a2fa998] aptrxp.DT=[2023-11-29 15:01:17.827]
13795,9881302,US Customs and Border Protection,1424299056,,2023-11-16,31504.17,V,2023-11-16,31504.17,31504.17,,
13796,9881302,US Customs and Border Protection,142431305I,,2023-11-16,2260.74,V,2023-11-16,2260.74,2260.74,,
13796,9881302,US Customs and Border Protection,142431305I,,2023-11-16,2260.74,P,2023-11-24,-2260.74,0.00,SLAptrxps,PBT=[aptrxp] aptrxp.ID=[40c174b5-420b-4294-b500-91def8e8d382] aptrxp.DT=[2023-11-29 15:01:17.827]
13797,9881302,US Customs and Border Protection,142431704F,,2023-11-16,29319.49,V,2023-11-16,29319.49,29319.49,,
13798,9881302,US Customs and Border Protection,53242920F3,,2023-11-16,9688.59,V,2023-11-16,9688.59,9688.59,,
13799,9881302,US Customs and Border Protection,53243120BZ,,2023-11-16,8576.50,V,2023-11-16,8576.50,8576.50,,
13799,9881302,US Customs and Border Protection,53243120BZ,,2023-11-16,8576.50,P,2023-11-29,-8576.50,0.00,SLAPTRXPS,PBT=[aptrxp] aptrxp.ID=[16307679-e099-499f-bfce-2009a123f98b] aptrxp.DT=[2023-11-29 15:01:17.827]
13800,9881302,US Customs and Border Protection,46242920IK,,2023-11-16,90.38,V,2023-11-16,90.38,90.38,,
13803,9648701,Old Dominion Freight,38002785079,,2023-11-16,213.57,V,2023-11-16,213.57,213.57,,
13803,9648701,Old Dominion Freight,38002785079,,2023-11-16,213.57,P,2023-12-15,-213.57,0.00,SLAPTRXPS,PBT=[aptrxp] aptrxp.ID=[60d312a7-5003-4e11-837b-17dd276d2958] aptrxp.DT=[2023-12-15 12:29:11.640]
13813,9237301,Employee Benefits Service (EBS),132773,,2023-11-16,64.81,V,2023-11-16,64.81,64.81,,
13813,9237301,Employee Benefits Service (EBS),132773,,2023-11-16,64.81,P,2023-11-21,-64.81,0.00,SLAPTRXPS,PBT=[aptrxp] aptrxp.ID=[951591c2-5348-4c41-86f7-08fb0d772bec] aptrxp.DT=[2023-11-21 11:45:19.007]
13843,9881302,US Customs and Border Protection,53242930T2,,2023-11-16,3603.86,V,2023-11-16,3603.86,3603.86,,
13806,1049001,"APR Asia Co., Ltd.",632237,N45,2023-11-17,1913.60,V,2023-11-17,1913.60,1913.60,,
13807,9135801,"C.H Robinson International, Inc.",6191425986,,2023-11-17,2883.56,V,2023-11-17,2883.56,2883.56,,
13808,1810801,"Star Rubber & Plastics Co., Ltd",APR-20230058-TOOL,N90,2023-11-17,900.00,V,2023-11-17,900.00,900.00,,
13809,1049001,"APR Asia Co., Ltd.",632249-TOOL,N45,2023-11-17,455.00,V,2023-11-17,455.00,455.00,,
13814,9881301,UPS,00001533W5463,,2023-11-18,74.12,V,2023-11-18,74.12,74.12,,
13814,9881301,UPS,00001533W5463,,2023-11-18,74.12,P,2023-12-06,-74.12,0.00,SLAptrxps,PBT=[aptrxp] aptrxp.ID=[a9bcb91c-0a27-404e-9413-ae0a08b145de] aptrxp.DT=[2023-12-07 09:52:12.800]
13826,1966101,"Xuancheng Yinming Auto Parts Manufacturing Co., Ltd.",20230920,N45,2023-11-18,52897.56,V,2023-11-18,52897.56,52897.56,,
13804,9342902,John Hancock USA - 401K,401K 2023-11-22,,2023-11-20,2194.47,V,2023-11-20,2194.47,2194.47,,
13817,1488202,Kennwu Manufacturing Sdn. Bhd.,2010039,N45,2023-11-20,12037.09,V,2023-11-20,12037.09,12037.09,,
13850,1966101,"Xuancheng Yinming Auto Parts Manufacturing Co., Ltd.",20231203,N45,2023-11-20,3100.00,V,2023-11-20,3100.00,3100.00,,
13885,1966101,"Xuancheng Yinming Auto Parts Manufacturing Co., Ltd.",20231113,N45,2023-11-20,484.24,V,2023-11-20,484.24,484.24,,
13818,9276701,FedEx,8-324-49251,,2023-11-21,133.51,V,2023-11-21,133.51,133.51,,
13819,9276701,FedEx,2-218-09019,,2023-11-21,92.20,V,2023-11-21,92.20,92.20,,
13819,9276701,FedEx,2-218-09019,,2023-11-21,92.20,P,2023-12-07,-92.20,0.00,SLAptrxps,PBT=[aptrxp] aptrxp.ID=[9764ac35-29f3-4717-90a6-a55f65e565e4] aptrxp.DT=[2023-12-08 10:27:04.167]
13821,1049001,"APR Asia Co., Ltd.",09242023,N45,2023-11-21,71035.65,V,2023-11-21,71035.65,71035.65,,
13821,1049001,"APR Asia Co., Ltd.",09242023,N45,2023-11-21,71035.65,P,2023-12-01,-599.99,70435.66,SLAptrxps,PBT=[aptrxp] aptrxp.ID=[85867792-dc12-4b27-8e8f-ad2624b171c9] aptrxp.DT=[2023-12-01 12:20:31.783]
13821,1049001,"APR Asia Co., Ltd.",09242023,N45,2023-11-21,71035.65,P,2023-12-01,-68502.44,1933.22,SLAptrxps,PBT=[aptrxp] aptrxp.ID=[45ed1cd3-4c80-4f28-8fa9-acd4ed38fecd] aptrxp.DT=[2023-12-01 12:21:14.623]
13822,1810801,"Star Rubber & Plastics Co., Ltd",APR-20230060,N90,2023-11-21,14133.00,V,2023-11-21,14133.00,14133.00,,
13829,9135801,"C.H Robinson International, Inc.",6191685119,,2023-11-21,1399.12,V,2023-11-21,1399.12,1399.12,,
13820,9276701,FedEx,2-218-32496,,2023-11-22,361.25,V,2023-11-22,361.25,361.25,,
13823,1135801,"Chenpang Power Enterprise Co., Ltd. (CPEC)",V23091503,N30,2023-11-22,4203.84,V,2023-11-22,4203.84,4203.84,,
13823,1135801,"Chenpang Power Enterprise Co., Ltd. (CPEC)",V23091503,N30,2023-11-22,4203.84,P,2023-12-01,-4203.84,0.00,SLAptrxps,PBT=[aptrxp] aptrxp.ID=[704acdc3-0225-4d9f-93be-98199330d653] aptrxp.DT=[2023-12-01 12:26:51.963]
13825,1780701,Seneca Rubber Technologies,7763605,N30,2023-11-22,559.60,V,2023-11-22,559.60,559.60,,
13840,1810801,"Star Rubber & Plastics Co., Ltd",APR-20230059,N90,2023-11-22,164448.70,V,2023-11-22,164448.70,164448.70,,
13851,9135801,"C.H Robinson International, Inc.",6191764001,,2023-11-22,2451.00,V,2023-11-22,2451.00,2451.00,,
13852,9719501,"Pro QC International North America, Inc.",133747,,2023-11-22,787.00,V,2023-11-22,787.00,787.00,,
13830,9544201,Mai Tuo Singapore PTE LTD,MT-SE231110020,,2023-11-23,2340.00,V,2023-11-23,2340.00,2340.00,,
13853,9719501,"Pro QC International North America, Inc.",133748,,2023-11-23,787.00,V,2023-11-23,787.00,787.00,,
13841,9135801,"C.H Robinson International, Inc.",6191830233,,2023-11-24,2321.40,V,2023-11-24,2321.40,2321.40,,
13849,9719501,"Pro QC International North America, Inc.",133694,,2023-11-24,720.00,V,2023-11-24,720.00,720.00,,
13855,9135801,"C.H Robinson International, Inc.",6191830126,,2023-11-24,1006.64,V,2023-11-24,1006.64,1006.64,,
13831,9881301,UPS,00001533W5473,,2023-11-25,56.23,V,2023-11-25,56.23,56.23,,
13832,9135801,"C.H Robinson International, Inc.",6191822139,,2023-11-25,1773.37,V,2023-11-25,1773.37,1773.37,,
13827,9190901,Michelle Dougan,589369,,2023-11-26,720.00,V,2023-11-26,720.00,720.00,,
13827,9190901,Michelle Dougan,589369,,2023-11-26,720.00,P,2023-11-28,-720.00,0.00,SLAptrxps,PBT=[aptrxp] aptrxp.ID=[1117d074-6604-4ecb-a620-a6b9e2e09f01] aptrxp.DT=[2023-11-27 17:05:53.763]
13828,9342902,John Hancock USA - 401K,401K 2023-11-29,,2023-11-27,2225.25,V,2023-11-27,2225.25,2225.25,,
13833,9135801,"C.H Robinson International, Inc.",6191864731,,2023-11-27,1722.05,V,2023-11-27,1722.05,1722.05,,
13839,9437401,Its Water Time LLC,35477105,,2023-11-27,29.48,V,2023-11-27,29.48,29.48,,
13842,9276701,FedEx,8-330-79991,,2023-11-28,20.00,V,2023-11-28,20.00,20.00,,
13844,1897801,Vatsalya Metal Industries,EXP-185,N60,2023-11-29,8756.48,V,2023-11-29,8756.48,8756.48,,
13847,9832802,Harris Co Tax Assessor - Collector,2023 TX Property Tax,,2023-11-30,6789.54,V,2023-11-30,6789.54,6789.54,,
13857,9549801,"MSI Viking Gage, LLC",3104656,,2023-11-30,204.50,V,2023-11-30,204.50,204.50,,
13858,9881301,UPS,1725427606,,2023-11-30,761.48,V,2023-11-30,761.48,761.48,,
13858,9881301,UPS,1725427606,,2023-11-30,761.48,P,2023-12-18,-761.48,0.00,SLAptrxps,PBT=[aptrxp] aptrxp.ID=[997351c1-1d21-4a44-80c7-b586cf22dc28] aptrxp.DT=[2023-12-19 15:42:57.547]
13859,9719501,"Pro QC International North America, Inc.",133864,,2023-11-30,360.00,V,2023-11-30,360.00,360.00,,
13860,9437401,Its Water Time LLC,35477234,,2023-12-01,18.95,V,2023-12-01,18.95,18.95,,
13861,9135801,"C.H Robinson International, Inc.",6192114371,,2023-12-01,2208.50,V,2023-12-01,2208.50,2208.50,,
13862,9135801,"C.H Robinson International, Inc.",6192115131,,2023-12-01,1194.52,V,2023-12-01,1194.52,1194.52,,
13863,9282501,Financial Designs Business Advisors,20999,,2023-12-01,1250.00,V,2023-12-01,1250.00,1250.00,,
13879,9436201,ITG - Integrated Technology Group,30972,,2023-12-01,4749.60,V,2023-12-01,4749.60,4749.60,,
13879,9436201,ITG - Integrated Technology Group,30972,,2023-12-01,4749.60,P,2023-12-08,-4749.60,0.00,SLAPTRXPS,PBT=[aptrxp] aptrxp.ID=[97984ae4-e311-49fd-8291-107a0a28298c] aptrxp.DT=[2023-12-08 13:23:42.020]
13896,9043801,Anthem Blue Cross Blue Shield,0202312502934,,2023-12-01,903.08,V,2023-12-01,903.08,903.08,,
13910,9818102,STORYWARE,3032,,2023-12-01,3000.00,V,2023-12-01,3000.00,3000.00,,
13912,9307402,Gentry Locke,321667/022,,2023-12-01,137.50,V,2023-12-01,137.50,137.50,,
13868,9881301,UPS,00001533W5483,,2023-12-02,70.48,V,2023-12-02,70.48,70.48,,
13864,9544201,Mai Tuo Singapore PTE LTD,SE231114028,,2023-12-04,2740.00,V,2023-12-04,2740.00,2740.00,,
13865,9544201,Mai Tuo Singapore PTE LTD,SE231123051,,2023-12-04,2340.00,V,2023-12-04,2340.00,2340.00,,
13866,1810801,"Star Rubber & Plastics Co., Ltd",APR-20230064,N90,2023-12-04,1392.00,V,2023-12-04,1392.00,1392.00,,
13869,9517701,Sharp Electronics Corporation,9004622012,,2023-12-04,88.23,V,2023-12-04,88.23,88.23,,
13854,9342902,John Hancock USA - 401K,401K 2023-12-06,,2023-12-05,2176.01,V,2023-12-05,2176.01,2176.01,,
13867,9276701,FedEx,8-337-40527,,2023-12-05,69.52,V,2023-12-05,69.52,69.52,,
13870,9437401,Its Water Time LLC,35477307,,2023-12-05,29.48,V,2023-12-05,29.48,29.48,,
13871,1810801,"Star Rubber & Plastics Co., Ltd",APR-20230057,N90,2023-12-05,48466.00,V,2023-12-05,48466.00,48466.00,,
13872,1049001,"APR Asia Co., Ltd.",09252023,N45,2023-12-06,45100.00,V,2023-12-06,45100.00,45100.00,,
13874,1810801,"Star Rubber & Plastics Co., Ltd",APR-20230061,N90,2023-12-06,29139.89,V,2023-12-06,29139.89,29139.89,,
13875,1850001,"Anhui TongFeng Electronics Co., Ltd.",TF-230920/48,N80,2023-12-06,5428.38,V,2023-12-06,5428.38,5428.38,,
13875,1850001,"Anhui TongFeng Electronics Co., Ltd.",TF-230920/48,N80,2023-12-06,5428.38,P,2023-12-08,-5428.38,0.00,SLAPTRXPS,PBT=[aptrxp] aptrxp.ID=[76d14e22-471f-40cd-938b-1ef403c0263c] aptrxp.DT=[2023-12-08 11:02:24.243]
13876,9276701,FedEx,2-222-40363,,2023-12-06,294.52,V,2023-12-06,294.52,294.52,,
13877,9545901,Marathon Petroleum Co. / WEX BANK,93763021,,2023-12-06,106.90,V,2023-12-06,106.90,106.90,,
13891,9719501,"Pro QC International North America, Inc.",134064,,2023-12-06,598.00,V,2023-12-06,598.00,598.00,,
13893,9353001,HealthEquity,d53f7rb,,2023-12-06,23.70,V,2023-12-06,23.70,23.70,,
13878,9500601,"First Choice Shredding, Inc",28907,,2023-12-07,40.00,V,2023-12-07,40.00,40.00,,
13878,9500601,"First Choice Shredding, Inc",28907,,2023-12-07,40.00,P,2023-12-08,-40.00,0.00,SLAptrxps,PBT=[aptrxp] aptrxp.ID=[329b0982-53ab-4cfb-8438-af5aa8b06594] aptrxp.DT=[2023-12-08 13:23:42.103]
13884,1049001,"APR Asia Co., Ltd.",PO#39310-TOOL,,2023-12-07,2277.50,V,2023-12-07,2277.50,2277.50,,
14090,9307402,Gentry Locke,321977//022,,2023-12-07,2600.00,V,2023-12-07,2600.00,2600.00,,
13880,9292501,"Freedom Global Development Co.,LTD",FD23110146,,2023-12-08,2645.00,V,2023-12-08,2645.00,2645.00,,
13881,1049001,"APR Asia Co., Ltd.",632257,,2023-12-08,94600.00,V,2023-12-08,94600.00,94600.00,,
13881,1049001,"APR Asia Co., Ltd.",632257,,2023-12-08,94600.00,P,2023-12-22,-94600.00,0.00,SLAPTRXPS,PBT=[aptrxp] aptrxp.ID=[0ee0c826-870c-4f46-b6ff-1d50c33cd18a] aptrxp.DT=[2023-12-22 09:21:04.770]
13886,1850001,"Anhui TongFeng Electronics Co., Ltd.",TF-231101/FD,N80,2023-12-08,2797.06,V,2023-12-08,2797.06,2797.06,,
13927,9188101,Dodson Brothers Ext. Co.,1-057301-1225 23,,2023-12-08,41.00,V,2023-12-08,41.00,41.00,,
13888,9135801,"C.H Robinson International, Inc.",6192606852,,2023-12-09,2231.60,V,2023-12-09,2231.60,2231.60,,
13889,9135801,"C.H Robinson International, Inc.",6192606563,,2023-12-09,360.00,V,2023-12-09,360.00,360.00,,
13890,9881301,UPS,00001533W5493,,2023-12-09,74.42,V,2023-12-09,74.42,74.42,,
13882,9486503,Ronald Kelleher,LOAN-2023-12,,2023-12-11,931.00,V,2023-12-11,931.00,931.00,,
13883,9342902,John Hancock USA - 401K,401K 2023-12-13,,2023-12-11,2200.63,V,2023-12-11,2200.63,2200.63,,
13887,1049001,"APR Asia Co., Ltd.",632258,,2023-12-11,207.15,V,2023-12-11,207.15,207.15,,
13892,1007401,Accurate Elastomer Products,IN122150,N30,2023-12-11,994.00,V,2023-12-11,994.00,994.00,,
13894,9135801,"C.H Robinson International, Inc.",6192733060,,2023-12-11,320.00,V,2023-12-11,320.00,320.00,,
13897,1810801,"Star Rubber & Plastics Co., Ltd",APR-20230067,N90,2023-12-11,1300.00,V,2023-12-11,1300.00,1300.00,,
13895,9276701,FedEx,8-345-10605,,2023-12-12,35.90,V,2023-12-12,35.90,35.90,,
13898,1049001,"APR Asia Co., Ltd.",632250,N45,2023-12-12,2880.00,V,2023-12-12,2880.00,2880.00,,
13905,1810801,"Star Rubber & Plastics Co., Ltd",APR-20230068,N90,2023-12-12,4000.00,V,2023-12-12,4000.00,4000.00,,
13913,9307402,Gentry Locke,322350/018,,2023-12-12,4180.00,V,2023-12-12,4180.00,4180.00,,
13923,1966101,"Xuancheng Yinming Auto Parts Manufacturing Co., Ltd.",20231112-TOOL,N45,2023-12-12,2622.00,V,2023-12-12,2622.00,2622.00,,
13924,1966101,"Xuancheng Yinming Auto Parts Manufacturing Co., Ltd.",20231207-TOOL,N45,2023-12-12,72.79,V,2023-12-12,72.79,72.79,,
13899,9276701,FedEx,2-224-74998,,2023-12-13,471.78,V,2023-12-13,471.78,471.78,,
13900,9233001,"Hallwood Enterprises, Inc.",125321,,2023-12-13,3120.96,V,2023-12-13,3120.96,3120.96,,
13901,9233001,"Hallwood Enterprises, Inc.",125322,,2023-12-13,3007.01,V,2023-12-13,3007.01,3007.01,,
13902,9106101,Brame,7875693,,2023-12-13,2478.04,V,2023-12-13,2478.04,2478.04,,
13903,1338401,H.A. King Ltd.,65628,N30,2023-12-13,413.28,V,2023-12-13,413.28,413.28,,
13904,1966101,"Xuancheng Yinming Auto Parts Manufacturing Co., Ltd.",20231011,N45,2023-12-13,58127.98,V,2023-12-13,58127.98,58127.98,,
13909,9276703,FedEx Freight,6859157126,,2023-12-13,203.69,V,2023-12-13,203.69,203.69,,
13906,9135801,"C.H Robinson International, Inc.",6192882418,,2023-12-14,5239.00,V,2023-12-14,5239.00,5239.00,,
13907,9486501,Brian J. Kelleher,CHRISTMAS 2023,,2023-12-15,1400.00,V,2023-12-15,1400.00,1400.00,,
13908,9159501,Laura Craddock,CHRISTMAS 2023,,2023-12-15,100.00,V,2023-12-15,100.00,100.00,,
13908,9159501,Laura Craddock,CHRISTMAS 2023,,2023-12-15,100.00,P,2023-12-15,-100.00,0.00,SLAptrxps,PBT=[aptrxp] aptrxp.ID=[1238bb3e-24d2-4ce5-8b7c-acd20eedebe5] aptrxp.DT=[2023-12-15 14:08:36.273]
13911,1966001,"XTO, Inc.",537256,N30,2023-12-15,450.00,V,2023-12-15,450.00,450.00,,
13916,9549703,The Mid-State Group,1269,,2023-12-15,993.75,V,2023-12-15,993.75,993.75,,
13931,9881302,US Customs and Border Protection,39243260PH,,2023-12-15,823.67,V,2023-12-15,823.67,823.67,,
13933,9881302,US Customs and Border Protection,46243200EH,,2023-12-15,209.85,V,2023-12-15,209.85,209.85,,
13934,9881302,US Customs and Border Protection,462433108G,,2023-12-15,363.92,V,2023-12-15,363.92,363.92,,
13935,9881302,US Customs and Border Protection,46243340D1,,2023-12-15,42.61,V,2023-12-15,42.61,42.61,,
13936,9881302,US Customs and Border Protection,53243250B9,,2023-12-15,9431.57,V,2023-12-15,9431.57,9431.57,,
13937,9881302,US Customs and Border Protection,5324331089,,2023-12-15,3603.86,V,2023-12-15,3603.86,3603.86,,
13937,9881302,US Customs and Border Protection,5324331089,,2023-12-15,3603.86,P,2023-12-22,-3603.86,0.00,SLAPTRXPS,PBT=[aptrxp] aptrxp.ID=[a2269ab0-9528-4c6c-8584-14e31c57578a] aptrxp.DT=[2023-12-22 12:04:36.393]
13938,9881302,US Customs and Border Protection,53243400CH,,2023-12-15,10363.81,V,2023-12-15,10363.81,10363.81,,
13938,9881302,US Customs and Border Protection,53243400CH,,2023-12-15,10363.81,P,2023-12-22,-10363.81,0.00,SLAptrxps,PBT=[aptrxp] aptrxp.ID=[148465b1-a64f-401b-b58b-9e7091c372d9] aptrxp.DT=[2023-12-22 12:04:36.393]
13939,9881302,US Customs and Border Protection,5524345073,,2023-12-15,506.17,V,2023-12-15,506.17,506.17,,
13939,9881302,US Customs and Border Protection,5524345073,,2023-12-15,506.17,P,2023-12-22,-506.17,0.00,SLAptrxps,PBT=[aptrxp] aptrxp.ID=[6cc02e2b-8dab-4cf0-a452-9a2c52a46daa] aptrxp.DT=[2023-12-22 12:04:36.393]
13940,9881302,US Customs and Border Protection,1424334054,,2023-12-15,259.74,V,2023-12-15,259.74,259.74,,
13941,9881302,US Customs and Border Protection,142433504H,,2023-12-15,22500.34,V,2023-12-15,22500.34,22500.34,,
13941,9881302,US Customs and Border Protection,142433504H,,2023-12-15,22500.34,P,2023-12-22,-22500.34,0.00,SLAptrxps,PBT=[aptrxp] aptrxp.ID=[735604c1-654e-4a07-bce4-a316583147e4] aptrxp.DT=[2023-12-22 12:04:36.393]
13942,9881302,US Customs and Border Protection,142434604H,,2023-12-15,11706.98,V,2023-12-15,11706.98,11706.98,,
13942,9881302,US Customs and Border Protection,142434604H,,2023-12-15,11706.98,P,2023-12-22,-11706.98,0.00,SLAptrxps,PBT=[aptrxp] aptrxp.ID=[c446bab5-210d-4fd7-8250-a99e0e833c16] aptrxp.DT=[2023-12-22 12:04:36.393]
13943,9881302,US Customs and Border Protection,MALLORY-12152023,,2023-12-15,12516.19,V,2023-12-15,12516.19,12516.19,,
13946,9881302,US Customs and Border Protection,17243310EI,,2023-12-15,558.02,V,2023-12-15,558.02,558.02,,
13917,9881301,UPS,00001533W5503,,2023-12-16,101.56,V,2023-12-16,101.56,101.56,,
13918,9135801,"C.H Robinson International, Inc.",6192992881,,2023-12-16,1158.62,V,2023-12-16,1158.62,1158.62,,
13915,1057301,"Atlantic Precision Resource, Inc.",4Q23,,2023-12-18,23600.00,V,2023-12-18,23600.00,23600.00,,
13915,1057301,"Atlantic Precision Resource, Inc.",4Q23,,2023-12-18,23600.00,P,2023-12-18,-23600.00,0.00,SLAPTRXPS,PBT=[aptrxp] aptrxp.ID=[de2978c3-03c6-421b-adbf-0aa2bb0f5fdd] aptrxp.DT=[2023-12-18 09:12:55.327]
13919,9437401,Its Water Time LLC,35477488,,2023-12-18,36.86,V,2023-12-18,36.86,36.86,,
13920,1075101,Badger Rubber Company,79063,N30,2023-12-18,555.00,V,2023-12-18,555.00,555.00,,
13921,1005602,Accurate Products,809170,N30,2023-12-18,253.00,V,2023-12-18,253.00,253.00,,
13922,1005602,Accurate Products,809175,N30,2023-12-18,518.00,V,2023-12-18,518.00,518.00,,
13925,9342902,John Hancock USA - 401K,401K 2023-12-20,,2023-12-19,2536.15,V,2023-12-19,2536.15,2536.15,,
13926,9276701,FedEx,8-352-27393,,2023-12-19,20.00,V,2023-12-19,20.00,20.00,,
13928,1488202,Kennwu Manufacturing Sdn. Bhd.,2010289,N45,2023-12-19,400.00,V,2023-12-19,400.00,400.00,,
13944,9549801,"MSI Viking Gage, LLC",3105126,,2023-12-19,135.00,V,2023-12-19,135.00,135.00,,
13929,9276701,FedEx,2-227-08479,,2023-12-20,75.56,V,2023-12-20,75.56,75.56,,
13930,9135801,"C.H Robinson International, Inc.",6193181937,,2023-12-20,2244.91,V,2023-12-20,2244.91,2244.91,,
13949,9276703,FedEx Freight,6859167733,,2023-12-20,270.26,V,2023-12-20,270.26,270.26,,
13952,1049001,"APR Asia Co., Ltd.",632256-8562,N45,2023-12-21,456.80,V,2023-12-21,456.80,456.80,,
13947,9544201,Mai Tuo Singapore PTE LTD,SE231128063,,2023-12-22,2740.00,V,2023-12-22,2740.00,2740.00,,
13948,9544201,Mai Tuo Singapore PTE LTD,SE231215037,,2023-12-22,2440.00,V,2023-12-22,2440.00,2440.00,,
13953,9719501,"Pro QC International North America, Inc.",134751,,2023-12-22,360.00,V,2023-12-22,360.00,360.00,,
13954,9881301,UPS,00001533W5513,,2023-12-23,203.62,V,2023-12-23,203.62,203.62,,
13955,9544201,Mai Tuo Singapore PTE LTD,SE231207020,,2023-12-25,2540.00,V,2023-12-25,2540.00,2540.00,,
13950,9342902,John Hancock USA - 401K,401K 2023-12-27,,2023-12-26,2808.43,V,2023-12-26,2808.43,2808.43,,
13956,9276701,FedEx,8-360-17008,,2023-12-26,20.00,V,2023-12-26,20.00,20.00,,
13957,9276701,FedEx,2-229-36775,,2023-12-27,499.48,V,2023-12-27,499.48,499.48,,
13961,9371901,Burwell Material Handling,WO10061738,,2023-12-27,244.21,V,2023-12-27,244.21,244.21,,
13951,9342902,John Hancock USA - 401K,401K 2023-12-29,,2023-12-28,9876.75,V,2023-12-28,9876.75,9876.75,,
13958,9544201,Mai Tuo Singapore PTE LTD,SE231215038,,2023-12-28,3040.00,V,2023-12-28,3040.00,3040.00,,
13959,9881301,UPS,00001533W5523,,2023-12-30,36.00,V,2023-12-30,36.00,36.00,,
13960,9735601,R & B Associates,12312023,,2023-12-31,550.00,V,2023-12-31,550.00,550.00,,