trans_date_utc,account_id,site,trans_num,ref,drcr,debit,credit,signed_amount,description,source_program
2026-03-02T00:00:00.000Z,50000,LYN,670706,ARI    202601093,,,,-661.19,,SLGLTRANS
2026-03-02T00:00:00.000Z,50000,LYN,670709,ARI    202601092,,,,-4706.4,,SLGLTRANS
2026-03-02T00:00:00.000Z,50000,LYN,670712,ARI    202601094,,,,-15708,,SLGLTRANS
2026-03-02T00:00:00.000Z,50000,LYN,670715,ARI    202601095,,,,-2456.4,,SLGLTRANS
2026-03-02T00:00:00.000Z,50000,LYN,670718,ARI    202601096,,,,-614.1,,SLGLTRANS
2026-03-02T00:00:00.000Z,50000,LYN,670721,ARI    202601097,,,,-1095,,SLGLTRANS
2026-03-02T00:00:00.000Z,50000,LYN,670723,ARI    202601098,,,,-1379.62,,SLGLTRANS
2026-03-02T00:00:00.000Z,50000,LYN,670726,ARI    202601099,,,,-31416,,SLGLTRANS
2026-03-02T00:00:00.000Z,50000,LYN,670729,ARI    202601100,,,,-1387.2,,SLGLTRANS
2026-03-02T00:00:00.000Z,50000,LYN,670731,ARI    202601101,,,,-4470.4,,SLGLTRANS
2026-03-02T00:00:00.000Z,50000,LYN,670733,ARI    202601102,,,,-6264.32,,SLGLTRANS
2026-03-02T00:00:00.000Z,50000,LYN,670735,ARI    202601103,,,,-763.5,,SLGLTRANS
2026-03-02T00:00:00.000Z,50000,LYN,670737,ARI    202601104,,,,-2217.6,,SLGLTRANS
2026-03-02T00:00:00.000Z,50000,LYN,670739,ARI    202601105,,,,-1163.52,,SLGLTRANS
2026-03-02T00:00:00.000Z,50000,LYN,670741,ARI    202601106,,,,-240.4,,SLGLTRANS
2026-03-02T00:00:00.000Z,50000,LYN,670743,ARI    202601107,,,,-333,,SLGLTRANS
2026-03-02T00:00:00.000Z,50000,LYN,670745,ARI    202601108,,,,-51.64,,SLGLTRANS
2026-03-02T00:00:00.000Z,50000,LYN,670747,ARI    202601109,,,,-5110.27,,SLGLTRANS
2026-03-02T00:00:00.000Z,50000,LYN,670749,ARI    202601110,,,,-3308.96,,SLGLTRANS
2026-03-02T00:00:00.000Z,50000,LYN,670751,ARI    202601111,,,,-1494.75,,SLGLTRANS
2026-03-02T00:00:00.000Z,50000,LYN,670753,ARI    202601112,,,,-3423.38,,SLGLTRANS
2026-03-02T00:00:00.000Z,50000,LYN,670755,ARI    202601113,,,,-3350.88,,SLGLTRANS
2026-03-02T00:00:00.000Z,50000,LYN,670757,ARI    202601114,,,,-2582.4,,SLGLTRANS
2026-03-02T00:00:00.000Z,50000,LYN,670759,ARI    202601115,,,,-304.2,,SLGLTRANS
2026-03-02T00:00:00.000Z,50000,LYN,670761,ARI    202601116,,,,-2744.76,,SLGLTRANS
2026-03-02T00:00:00.000Z,50000,LYN,670763,ARI    202601117,,,,-2538.22,,SLGLTRANS
2026-03-02T00:00:00.000Z,50000,LYN,670765,ARI    202601118,,,,-3108.84,,SLGLTRANS
2026-03-02T00:00:00.000Z,50000,LYN,670767,ARI    202601119,,,,-3174.8,,SLGLTRANS
2026-03-02T00:00:00.000Z,50000,LYN,670769,ARI    202601120,,,,-1369.2,,SLGLTRANS
2026-03-02T00:00:00.000Z,50000,LYN,670771,ARI    202601121,,,,-302.64,,SLGLTRANS
2026-03-02T00:00:00.000Z,50000,LYN,670773,ARI    202601122,,,,-362.25,,SLGLTRANS
2026-03-02T00:00:00.000Z,50000,LYN,670775,ARI    202601123,,,,-1044.96,,SLGLTRANS
2026-03-02T00:00:00.000Z,50000,LYN,670777,ARI    202601124,,,,-66.12,,SLGLTRANS
2026-03-02T00:00:00.000Z,50000,LYN,670779,ARI    202601125,,,,-125.6,,SLGLTRANS
2026-03-02T00:00:00.000Z,50000,LYN,670781,ARI    202601126,,,,-302.06,,SLGLTRANS
2026-03-02T00:00:00.000Z,50000,LYN,670783,ARI    202601127,,,,-250.96,,SLGLTRANS
2026-03-02T00:00:00.000Z,50000,LYN,670785,ARI    202601128,,,,-7004.2,,SLGLTRANS
2026-03-02T00:00:00.000Z,50000,LYN,670787,ARI    202601129,,,,-226.8,,SLGLTRANS
2026-03-03T00:00:00.000Z,50000,LYN,670789,ARI    202601130,,,,-1192.8,,SLGLTRANS
2026-03-03T00:00:00.000Z,50000,LYN,670792,ARI    202601131,,,,-11493.3,,SLGLTRANS
2026-03-03T00:00:00.000Z,50000,LYN,670795,ARI    202601132,,,,-206.46,,SLGLTRANS
2026-03-03T00:00:00.000Z,50000,LYN,670797,ARI    202601133,,,,-324.1,,SLGLTRANS
2026-03-03T00:00:00.000Z,50000,LYN,670799,ARI    202601134,,,,-177.3,,SLGLTRANS
2026-03-03T00:00:00.000Z,50000,LYN,670801,ARI    202601135,,,,-1335.82,,SLGLTRANS
2026-03-03T00:00:00.000Z,50000,LYN,670803,ARI    202601136,,,,-160.99,,SLGLTRANS
2026-03-03T00:00:00.000Z,50000,LYN,670805,ARI    202601137,,,,-3536.64,,SLGLTRANS
2026-03-03T00:00:00.000Z,50000,LYN,670807,ARI    202601138,,,,-2555.14,,SLGLTRANS
2026-03-03T00:00:00.000Z,50000,LYN,670809,ARI    202601139,,,,-3308.96,,SLGLTRANS
2026-03-03T00:00:00.000Z,50000,LYN,670811,ARI    202601140,,,,-286.88,,SLGLTRANS
2026-03-03T00:00:00.000Z,50000,LYN,670813,ARI    202601141,,,,-2590.9,,SLGLTRANS
2026-03-03T00:00:00.000Z,50000,LYN,670815,ARI    202601142,,,,-258.24,,SLGLTRANS
2026-03-03T00:00:00.000Z,50000,LYN,670817,ARI    202601143,,,,-2121.98,,SLGLTRANS
2026-03-03T00:00:00.000Z,50000,LYN,670819,ARI    202601144,,,,-154.05,,SLGLTRANS
2026-03-03T00:00:00.000Z,50000,LYN,670821,ARI    202601145,,,,-143.29,,SLGLTRANS
2026-03-03T00:00:00.000Z,50000,LYN,670823,ARI    202601146,,,,-827.1,,SLGLTRANS
2026-03-03T00:00:00.000Z,50000,LYN,670825,ARI    202601147,,,,-302.64,,SLGLTRANS
2026-03-03T00:00:00.000Z,50000,LYN,670827,ARI    202601148,,,,-231.2,,SLGLTRANS
2026-03-03T00:00:00.000Z,50000,LYN,670829,ARI    202601149,,,,-367.42,,SLGLTRANS
2026-03-03T00:00:00.000Z,50000,LYN,670831,ARI    202601150,,,,-125.6,,SLGLTRANS
2026-03-03T00:00:00.000Z,50000,LYN,670833,ARI    202601151,,,,-96.68,,SLGLTRANS
2026-03-03T00:00:00.000Z,50000,LYN,670835,ARI    202601152,,,,-3502.1,,SLGLTRANS
2026-03-03T00:00:00.000Z,50000,LYN,670837,ARI    202601153,,,,-453.6,,SLGLTRANS
2026-03-03T00:00:00.000Z,50000,LYN,670839,ARI    202601154,,,,-2714.4,,SLGLTRANS
2026-03-03T00:00:00.000Z,50000,LYN,670841,ARI    202601155,,,,-4112.7,,SLGLTRANS
2026-03-03T00:00:00.000Z,50000,LYN,670843,ARI    202601156,,,,-145.5,,SLGLTRANS
2026-03-04T00:00:00.000Z,50000,LYN,670847,ARI    202601157,,,,-1282,,SLGLTRANS
2026-03-04T00:00:00.000Z,50000,LYN,670850,ARI    202601158,,,,-367.2,,SLGLTRANS
2026-03-04T00:00:00.000Z,50000,LYN,670853,ARI    202601159,,,,-3078.7,,SLGLTRANS
2026-03-04T00:00:00.000Z,50000,LYN,670855,ARI    202601160,,,,-2564,,SLGLTRANS
2026-03-04T00:00:00.000Z,50000,LYN,671142,ARI    202601161,,,,-412.92,,SLGLTRANS
2026-03-04T00:00:00.000Z,50000,LYN,671144,ARI    202601162,,,,-240.4,,SLGLTRANS
2026-03-04T00:00:00.000Z,50000,LYN,671146,ARI    202601163,,,,-3536.64,,SLGLTRANS
2026-03-04T00:00:00.000Z,50000,LYN,671148,ARI    202601164,,,,-3308.96,,SLGLTRANS
2026-03-04T00:00:00.000Z,50000,LYN,671150,ARI    202601165,,,,-956.25,,SLGLTRANS
2026-03-04T00:00:00.000Z,50000,LYN,671152,ARI    202601166,,,,-644.4,,SLGLTRANS
2026-03-04T00:00:00.000Z,50000,LYN,671154,ARI    202601167,,,,-1549.44,,SLGLTRANS
2026-03-04T00:00:00.000Z,50000,LYN,671156,ARI    202601168,,,,-304.2,,SLGLTRANS
2026-03-04T00:00:00.000Z,50000,LYN,671158,ARI    202601169,,,,-2121.98,,SLGLTRANS
2026-03-04T00:00:00.000Z,50000,LYN,671160,ARI    202601170,,,,-143.29,,SLGLTRANS
2026-03-04T00:00:00.000Z,50000,LYN,671162,ARI    202601171,,,,-504.74,,SLGLTRANS
2026-03-04T00:00:00.000Z,50000,LYN,671164,ARI    202601172,,,,-521,,SLGLTRANS
2026-03-04T00:00:00.000Z,50000,LYN,671166,ARI    202601173,,,,-827.1,,SLGLTRANS
2026-03-04T00:00:00.000Z,50000,LYN,671168,ARI    202601174,,,,-605.28,,SLGLTRANS
2026-03-04T00:00:00.000Z,50000,LYN,671170,ARI    202601175,,,,-115.6,,SLGLTRANS
2026-03-04T00:00:00.000Z,50000,LYN,671172,ARI    202601176,,,,-122.47,,SLGLTRANS
2026-03-04T00:00:00.000Z,50000,LYN,671174,ARI    202601177,,,,-338.24,,SLGLTRANS
2026-03-04T00:00:00.000Z,50000,LYN,671176,ARI    202601178,,,,-96.68,,SLGLTRANS
2026-03-04T00:00:00.000Z,50000,LYN,671178,ARI    202601179,,,,-356.64,,SLGLTRANS
2026-03-04T00:00:00.000Z,50000,LYN,671180,ARI    202601180,,,,-700.42,,SLGLTRANS
2026-03-04T00:00:00.000Z,50000,LYN,671182,ARI    202601181,,,,-226.8,,SLGLTRANS
2026-03-04T00:00:00.000Z,50000,LYN,671184,ARI    202601182,,,,-2714.4,,SLGLTRANS
2026-03-04T00:00:00.000Z,50000,LYN,671186,ARI    202601183,,,,-419.9,,SLGLTRANS
2026-03-04T00:00:00.000Z,50000,LYN,671188,ARI    202601184,,,,-176.94,,SLGLTRANS
2026-03-05T00:00:00.000Z,50000,LYN,671190,ARI    202601185,,,,-4105.92,,SLGLTRANS
2026-03-05T00:00:00.000Z,50000,LYN,671192,ARI    202601186,,,,-4280.07,,SLGLTRANS
2026-03-05T00:00:00.000Z,50000,LYN,671194,ARI    202601187,,,,-68.05,,SLGLTRANS
2026-03-05T00:00:00.000Z,50000,LYN,671196,ARI    202601188,,,,-1277.02,,SLGLTRANS
2026-03-05T00:00:00.000Z,50000,LYN,671198,ARI    202601189,,,,-487.76,,SLGLTRANS
2026-03-05T00:00:00.000Z,50000,LYN,671200,ARI    202601190,,,,-68.05,,SLGLTRANS
2026-03-05T00:00:00.000Z,50000,LYN,671202,ARI    202601191,,,,-487.76,,SLGLTRANS
2026-03-05T00:00:00.000Z,50000,LYN,671206,ARC OPEN,,,,1277.02,,SLGLTRANS
2026-03-05T00:00:00.000Z,50000,LYN,671208,ARI    202601193,,,,-981.6,,SLGLTRANS
2026-03-05T00:00:00.000Z,50000,LYN,671210,ARI    202601194,,,,-1566.4,,SLGLTRANS
2026-03-05T00:00:00.000Z,50000,LYN,671212,ARI    202601192,,,,-1956.9,,SLGLTRANS
2026-03-05T00:00:00.000Z,50000,LYN,671298,ARI    202601195,,,,-1993.2,,SLGLTRANS
2026-03-05T00:00:00.000Z,50000,LYN,671380,ARI    202601197,,,,-107.33,,SLGLTRANS
2026-03-05T00:00:00.000Z,50000,LYN,671382,ARI    202601198,,,,-3536.64,,SLGLTRANS
2026-03-05T00:00:00.000Z,50000,LYN,671384,ARI    202601199,,,,-3308.96,,SLGLTRANS
2026-03-05T00:00:00.000Z,50000,LYN,671386,ARI    202601200,,,,-273.87,,SLGLTRANS
2026-03-05T00:00:00.000Z,50000,LYN,671388,ARI    202601201,,,,-515.52,,SLGLTRANS
2026-03-05T00:00:00.000Z,50000,LYN,671390,ARI    202601202,,,,-1936.8,,SLGLTRANS
2026-03-05T00:00:00.000Z,50000,LYN,671392,ARI    202601203,,,,-4599.24,,SLGLTRANS
2026-03-05T00:00:00.000Z,50000,LYN,671394,ARI    202601204,,,,-2395.73,,SLGLTRANS
2026-03-05T00:00:00.000Z,50000,LYN,671396,ARI    202601205,,,,-827.1,,SLGLTRANS
2026-03-05T00:00:00.000Z,50000,LYN,671398,ARI    202601206,,,,-302.64,,SLGLTRANS
2026-03-05T00:00:00.000Z,50000,LYN,671400,ARI    202601207,,,,-146.3,,SLGLTRANS
2026-03-05T00:00:00.000Z,50000,LYN,671402,ARI    202601208,,,,-346.8,,SLGLTRANS
2026-03-05T00:00:00.000Z,50000,LYN,671404,ARI    202601209,,,,-244.94,,SLGLTRANS
2026-03-05T00:00:00.000Z,50000,LYN,671406,ARI    202601210,,,,-125.6,,SLGLTRANS
2026-03-05T00:00:00.000Z,50000,LYN,671408,ARI    202601211,,,,-2801.68,,SLGLTRANS
2026-03-05T00:00:00.000Z,50000,LYN,671410,ARI    202601212,,,,-226.8,,SLGLTRANS
2026-03-05T00:00:00.000Z,50000,LYN,671412,ARI    202601213,,,,-127.2,,SLGLTRANS
2026-03-05T00:00:00.000Z,50000,LYN,671414,ARI    202601214,,,,-209.95,,SLGLTRANS
2026-03-05T00:00:00.000Z,50000,LYN,671416,ARI    202601215,,,,-3435.26,,SLGLTRANS
2026-03-06T00:00:00.000Z,50000,LYN,671422,ARI    202601216,,,,-1439.1,,SLGLTRANS
2026-03-06T00:00:00.000Z,50000,LYN,671424,ARI    202601217,,,,-672.36,,SLGLTRANS
2026-03-06T00:00:00.000Z,50000,LYN,671426,ARI    202601218,,,,-4305.6,,SLGLTRANS
2026-03-06T00:00:00.000Z,50000,LYN,671428,ARI    202601219,,,,-610.2,,SLGLTRANS
2026-03-06T00:00:00.000Z,50000,LYN,671430,ARI    202601220,,,,-580.8,,SLGLTRANS
2026-03-06T00:00:00.000Z,50000,LYN,671432,ARI    202601221,,,,-645,,SLGLTRANS
2026-03-06T00:00:00.000Z,50000,LYN,671434,ARI    202601222,,,,-820.8,,SLGLTRANS
2026-03-06T00:00:00.000Z,50000,LYN,671437,ARI    202601223,,,,-1937.5,,SLGLTRANS
2026-03-06T00:00:00.000Z,50000,LYN,671689,ARI    202601225,,,,-206.46,,SLGLTRANS
2026-03-06T00:00:00.000Z,50000,LYN,671691,ARI    202601226,,,,-480.8,,SLGLTRANS
2026-03-06T00:00:00.000Z,50000,LYN,671693,ARI    202601227,,,,-243.88,,SLGLTRANS
2026-03-06T00:00:00.000Z,50000,LYN,671695,ARI    202601228,,,,-11144,,SLGLTRANS
2026-03-06T00:00:00.000Z,50000,LYN,671697,ARI    202601229,,,,-165.3,,SLGLTRANS
2026-03-06T00:00:00.000Z,50000,LYN,671699,ARI    202601230,,,,-667.91,,SLGLTRANS
2026-03-06T00:00:00.000Z,50000,LYN,671701,ARI    202601231,,,,-1286.81,,SLGLTRANS
2026-03-06T00:00:00.000Z,50000,LYN,671703,ARI    202601232,,,,-103.28,,SLGLTRANS
2026-03-06T00:00:00.000Z,50000,LYN,671705,ARI    202601233,,,,-321.98,,SLGLTRANS
2026-03-06T00:00:00.000Z,50000,LYN,671707,ARI    202601234,,,,-2864.06,,SLGLTRANS
2026-03-06T00:00:00.000Z,50000,LYN,671709,ARI    202601235,,,,-3308.96,,SLGLTRANS
2026-03-06T00:00:00.000Z,50000,LYN,671711,ARI    202601236,,,,-95.63,,SLGLTRANS
2026-03-06T00:00:00.000Z,50000,LYN,671713,ARI    202601237,,,,-597.9,,SLGLTRANS
2026-03-06T00:00:00.000Z,50000,LYN,671715,ARI    202601238,,,,-1232.42,,SLGLTRANS
2026-03-06T00:00:00.000Z,50000,LYN,671717,ARI    202601239,,,,-1288.8,,SLGLTRANS
2026-03-06T00:00:00.000Z,50000,LYN,671719,ARI    202601240,,,,-1420.32,,SLGLTRANS
2026-03-06T00:00:00.000Z,50000,LYN,671721,ARI    202601241,,,,-304.2,,SLGLTRANS
2026-03-06T00:00:00.000Z,50000,LYN,671723,ARI    202601242,,,,-639,,SLGLTRANS
2026-03-06T00:00:00.000Z,50000,LYN,671725,ARI    202601243,,,,-462.5,,SLGLTRANS
2026-03-06T00:00:00.000Z,50000,LYN,671727,ARI    202601244,,,,-2395.73,,SLGLTRANS
2026-03-06T00:00:00.000Z,50000,LYN,671729,ARI    202601245,,,,-2538.22,,SLGLTRANS
2026-03-06T00:00:00.000Z,50000,LYN,671731,ARI    202601246,,,,-286.57,,SLGLTRANS
2026-03-06T00:00:00.000Z,50000,LYN,671733,ARI    202601247,,,,-504.74,,SLGLTRANS
2026-03-06T00:00:00.000Z,50000,LYN,671735,ARI    202601248,,,,-827.1,,SLGLTRANS
2026-03-06T00:00:00.000Z,50000,LYN,671737,ARI    202601249,,,,-605.28,,SLGLTRANS
2026-03-06T00:00:00.000Z,50000,LYN,671739,ARI    202601250,,,,-146.3,,SLGLTRANS
2026-03-06T00:00:00.000Z,50000,LYN,671741,ARI    202601251,,,,-2774.4,,SLGLTRANS
2026-03-06T00:00:00.000Z,50000,LYN,671743,ARI    202601252,,,,-1592.14,,SLGLTRANS
2026-03-06T00:00:00.000Z,50000,LYN,671745,ARI    202601253,,,,-132.24,,SLGLTRANS
2026-03-06T00:00:00.000Z,50000,LYN,671747,ARI    202601254,,,,-251.2,,SLGLTRANS
2026-03-06T00:00:00.000Z,50000,LYN,671749,ARI    202601255,,,,-164.71,,SLGLTRANS
2026-03-06T00:00:00.000Z,50000,LYN,671751,ARI    202601256,,,,-5828.8,,SLGLTRANS
2026-03-06T00:00:00.000Z,50000,LYN,671753,ARI    202601257,,,,-771.71,,SLGLTRANS
2026-03-06T00:00:00.000Z,50000,LYN,671755,ARI    202601258,,,,-356.64,,SLGLTRANS
2026-03-06T00:00:00.000Z,50000,LYN,671757,ARI    202601259,,,,-7004.2,,SLGLTRANS
2026-03-06T00:00:00.000Z,50000,LYN,671759,ARI    202601260,,,,-907.2,,SLGLTRANS
2026-03-06T00:00:00.000Z,50000,LYN,671761,ARI    202601261,,,,-127.2,,SLGLTRANS
2026-03-06T00:00:00.000Z,50000,LYN,671763,ARI    202601262,,,,-2714.4,,SLGLTRANS
2026-03-06T00:00:00.000Z,50000,LYN,671765,ARI    202601263,,,,-5296.9,,SLGLTRANS
2026-03-06T00:00:00.000Z,50000,LYN,671767,ARI    202601264,,,,-145.5,,SLGLTRANS
2026-03-09T00:00:00.000Z,50000,LYN,671769,ARI    202601267,,,,-634.2,,SLGLTRANS
2026-03-09T00:00:00.000Z,50000,LYN,671771,ARI    202601268,,,,-672.25,,SLGLTRANS
2026-03-09T00:00:00.000Z,50000,LYN,671774,ARI    202601269,,,,-2809.28,,SLGLTRANS
2026-03-09T00:00:00.000Z,50000,LYN,671777,ARI    202601270,,,,-750,,SLGLTRANS
2026-03-09T00:00:00.000Z,50000,LYN,671779,ARI    202601265,,,,-4110.6,,SLGLTRANS
2026-03-09T00:00:00.000Z,50000,LYN,671782,ARI    202601266,,,,-1413.75,,SLGLTRANS
2026-03-09T00:00:00.000Z,50000,LYN,671785,ARI    202601271,,,,-6605.9,,SLGLTRANS
2026-03-09T00:00:00.000Z,50000,LYN,671788,ARI    202601272,,,,-2020,,SLGLTRANS
2026-03-11T00:00:00.000Z,50000,LYN,671984,ARI    202601273,,,,-2040.83,,SLGLTRANS
2026-03-11T00:00:00.000Z,50000,LYN,672021,ARI    202601274,,,,-408.7,,SLGLTRANS
2026-03-11T00:00:00.000Z,50000,LYN,672023,ARI    202601275,,,,-240.4,,SLGLTRANS
2026-03-11T00:00:00.000Z,50000,LYN,672025,ARI    202601276,,,,-3536.64,,SLGLTRANS
2026-03-11T00:00:00.000Z,50000,LYN,672027,ARI    202601277,,,,-129.12,,SLGLTRANS
2026-03-11T00:00:00.000Z,50000,LYN,672029,ARI    202601278,,,,-154.05,,SLGLTRANS
2026-03-11T00:00:00.000Z,50000,LYN,672031,ARI    202601279,,,,-143.29,,SLGLTRANS
2026-03-12T00:00:00.000Z,50000,LYN,672037,ARI    202601280,,,,-634.2,,SLGLTRANS
2026-03-12T00:00:00.000Z,50000,LYN,672039,ARI    202601281,,,,-1017.5,,SLGLTRANS
2026-03-12T00:00:00.000Z,50000,LYN,672041,ARI    202601282,,,,-837.5,,SLGLTRANS
2026-03-12T00:00:00.000Z,50000,LYN,672125,ARI    202601291,,,,-2375,,SLGLTRANS
2026-03-13T00:00:00.000Z,50000,LYN,672100,ARI    202601283,,,,-1162.7,,SLGLTRANS
2026-03-13T00:00:00.000Z,50000,LYN,672102,ARI    202601284,,,,-2002.2,,SLGLTRANS
2026-03-13T00:00:00.000Z,50000,LYN,672104,ARI    202601285,,,,-1026.9,,SLGLTRANS
2026-03-13T00:00:00.000Z,50000,LYN,672106,ARI    202601286,,,,-1449,,SLGLTRANS
2026-03-13T00:00:00.000Z,50000,LYN,672108,ARI    202601287,,,,-413.25,,SLGLTRANS
2026-03-13T00:00:00.000Z,50000,LYN,672110,ARI    202601288,,,,-827.1,,SLGLTRANS
2026-03-13T00:00:00.000Z,50000,LYN,672112,ARI    202601289,,,,-585.2,,SLGLTRANS
2026-03-13T00:00:00.000Z,50000,LYN,672114,ARI    202601290,,,,-722.16,,SLGLTRANS
2026-03-16T00:00:00.000Z,50000,LYN,672157,ARI    202601292,,,,-634.2,,SLGLTRANS
2026-03-16T00:00:00.000Z,50000,LYN,672159,ARI    202601295,,,,-1122,,SLGLTRANS
2026-03-16T00:00:00.000Z,50000,LYN,672162,ARI    202601296,,,,-634.2,,SLGLTRANS
2026-03-16T00:00:00.000Z,50000,LYN,672164,ARI    202601297,,,,-3543,,SLGLTRANS
2026-03-16T00:00:00.000Z,50000,LYN,672167,ARI    202601298,,,,-725.04,,SLGLTRANS
2026-03-16T00:00:00.000Z,50000,LYN,672170,ARI    202601293,,,,-7905,,SLGLTRANS
2026-03-16T00:00:00.000Z,50000,LYN,672173,ARI    202601294,,,,-5099.42,,SLGLTRANS
2026-03-16T00:00:00.000Z,50000,LYN,672176,ARI    202601299,,,,-11434.8,,SLGLTRANS
2026-03-16T00:00:00.000Z,50000,LYN,672315,ARI    202601300,,,,-412.92,,SLGLTRANS
2026-03-16T00:00:00.000Z,50000,LYN,672317,ARI    202601301,,,,-480.8,,SLGLTRANS
2026-03-16T00:00:00.000Z,50000,LYN,672319,ARI    202601302,,,,-9027,,SLGLTRANS
2026-03-16T00:00:00.000Z,50000,LYN,672321,ARI    202601303,,,,-11144,,SLGLTRANS
2026-03-16T00:00:00.000Z,50000,LYN,672323,ARI    202601304,,,,-709.2,,SLGLTRANS
2026-03-16T00:00:00.000Z,50000,LYN,672325,ARI    202601305,,,,-667.91,,SLGLTRANS
2026-03-16T00:00:00.000Z,50000,LYN,672327,ARI    202601306,,,,-673.21,,SLGLTRANS
2026-03-16T00:00:00.000Z,50000,LYN,672329,ARI    202601307,,,,-464.76,,SLGLTRANS
2026-03-16T00:00:00.000Z,50000,LYN,672331,ARI    202601308,,,,-268.32,,SLGLTRANS
2026-03-16T00:00:00.000Z,50000,LYN,672333,ARI    202601309,,,,-2555.14,,SLGLTRANS
2026-03-16T00:00:00.000Z,50000,LYN,672335,ARI    202601310,,,,-1432.03,,SLGLTRANS
2026-03-16T00:00:00.000Z,50000,LYN,672337,ARI    202601311,,,,-3308.96,,SLGLTRANS
2026-03-16T00:00:00.000Z,50000,LYN,672339,ARI    202601312,,,,-191.25,,SLGLTRANS
2026-03-16T00:00:00.000Z,50000,LYN,672341,ARI    202601313,,,,-1893.35,,SLGLTRANS
2026-03-16T00:00:00.000Z,50000,LYN,672343,ARI    202601314,,,,-2464.83,,SLGLTRANS
2026-03-16T00:00:00.000Z,50000,LYN,672345,ARI    202601315,,,,-1288.8,,SLGLTRANS
2026-03-16T00:00:00.000Z,50000,LYN,672347,ARI    202601316,,,,-2582.4,,SLGLTRANS
2026-03-16T00:00:00.000Z,50000,LYN,672349,ARI    202601317,,,,-304.2,,SLGLTRANS
2026-03-16T00:00:00.000Z,50000,LYN,672351,ARI    202601318,,,,-2556,,SLGLTRANS
2026-03-16T00:00:00.000Z,50000,LYN,672353,ARI    202601319,,,,-739.8,,SLGLTRANS
2026-03-16T00:00:00.000Z,50000,LYN,672355,ARI    202601320,,,,-462.5,,SLGLTRANS
2026-03-16T00:00:00.000Z,50000,LYN,672357,ARI    202601321,,,,-2121.98,,SLGLTRANS
2026-03-16T00:00:00.000Z,50000,LYN,672359,ARI    202601322,,,,-2395.73,,SLGLTRANS
2026-03-16T00:00:00.000Z,50000,LYN,672361,ARI    202601323,,,,-2538.22,,SLGLTRANS
2026-03-16T00:00:00.000Z,50000,LYN,672363,ARI    202601324,,,,-1656.96,,SLGLTRANS
2026-03-16T00:00:00.000Z,50000,LYN,672365,ARI    202601325,,,,-504.74,,SLGLTRANS
2026-03-16T00:00:00.000Z,50000,LYN,672367,ARI    202601326,,,,-2605,,SLGLTRANS
2026-03-16T00:00:00.000Z,50000,LYN,672369,ARI    202601327,,,,-3584.1,,SLGLTRANS
2026-03-16T00:00:00.000Z,50000,LYN,672371,ARI    202601328,,,,-3934.32,,SLGLTRANS
2026-03-16T00:00:00.000Z,50000,LYN,672373,ARI    202601329,,,,-1024.1,,SLGLTRANS
2026-03-16T00:00:00.000Z,50000,LYN,672375,ARI    202601330,,,,-66.12,,SLGLTRANS
2026-03-16T00:00:00.000Z,50000,LYN,672377,ARI    202601331,,,,-373.25,,SLGLTRANS
2026-03-16T00:00:00.000Z,50000,LYN,672379,ARI    202601332,,,,-338.24,,SLGLTRANS
2026-03-16T00:00:00.000Z,50000,LYN,672381,ARI    202601333,,,,-1114.7,,SLGLTRANS
2026-03-16T00:00:00.000Z,50000,LYN,672383,ARI    202601334,,,,-1248.24,,SLGLTRANS
2026-03-16T00:00:00.000Z,50000,LYN,672385,ARI    202601335,,,,-3502.1,,SLGLTRANS
2026-03-16T00:00:00.000Z,50000,LYN,672387,ARI    202601336,,,,-104.98,,SLGLTRANS
2026-03-17T00:00:00.000Z,50000,LYN,672389,ARI    202601337,,,,-3587.6,,SLGLTRANS
2026-03-17T00:00:00.000Z,50000,LYN,672392,ARI    202601338,,,,-12082.7,,SLGLTRANS
2026-03-17T00:00:00.000Z,50000,LYN,672395,ARI    202601339,,,,-1796,,SLGLTRANS
2026-03-17T00:00:00.000Z,50000,LYN,672398,ARI    202601340,,,,-2921.76,,SLGLTRANS
2026-03-17T00:00:00.000Z,50000,LYN,672401,ARI    202601341,,,,-1097.82,,SLGLTRANS
2026-03-17T00:00:00.000Z,50000,LYN,672404,ARI    202601342,,,,-3322,,SLGLTRANS
2026-03-17T00:00:00.000Z,50000,LYN,672814,ARI    202601343,,,,-1238.76,,SLGLTRANS
2026-03-17T00:00:00.000Z,50000,LYN,672816,ARI    202601344,,,,-3565.8,,SLGLTRANS
2026-03-17T00:00:00.000Z,50000,LYN,672818,ARI    202601345,,,,-428.54,,SLGLTRANS
2026-03-17T00:00:00.000Z,50000,LYN,672820,ARI    202601346,,,,-2555.14,,SLGLTRANS
2026-03-17T00:00:00.000Z,50000,LYN,672822,ARI    202601347,,,,-3308.96,,SLGLTRANS
2026-03-17T00:00:00.000Z,50000,LYN,672824,ARI    202601348,,,,-2199.38,,SLGLTRANS
2026-03-17T00:00:00.000Z,50000,LYN,672826,ARI    202601349,,,,-1159.92,,SLGLTRANS
2026-03-17T00:00:00.000Z,50000,LYN,672828,ARI    202601350,,,,-4243.97,,SLGLTRANS
2026-03-17T00:00:00.000Z,50000,LYN,672830,ARI    202601351,,,,-154.05,,SLGLTRANS
2026-03-17T00:00:00.000Z,50000,LYN,672832,ARI    202601352,,,,-3009.01,,SLGLTRANS
2026-03-17T00:00:00.000Z,50000,LYN,672834,ARI    202601353,,,,-342.3,,SLGLTRANS
2026-03-17T00:00:00.000Z,50000,LYN,672836,ARI    202601354,,,,-122.47,,SLGLTRANS
2026-03-17T00:00:00.000Z,50000,LYN,672838,ARI    202601355,,,,-125.6,,SLGLTRANS
2026-03-17T00:00:00.000Z,50000,LYN,672840,ARI    202601356,,,,-96.68,,SLGLTRANS
2026-03-17T00:00:00.000Z,50000,LYN,672842,ARI    202601357,,,,-164.64,,SLGLTRANS
2026-03-17T00:00:00.000Z,50000,LYN,672844,ARI    202601358,,,,-156.9,,SLGLTRANS
2026-03-17T00:00:00.000Z,50000,LYN,672846,ARI    202601359,,,,-156.88,,SLGLTRANS
2026-03-17T00:00:00.000Z,50000,LYN,672848,ARI    202601360,,,,-494.13,,SLGLTRANS
2026-03-17T00:00:00.000Z,50000,LYN,672850,ARI    202601361,,,,-5253.15,,SLGLTRANS
2026-03-17T00:00:00.000Z,50000,LYN,672852,ARI    202601362,,,,-453.6,,SLGLTRANS
2026-03-17T00:00:00.000Z,50000,LYN,672854,ARI    202601363,,,,-2714.4,,SLGLTRANS
2026-03-17T00:00:00.000Z,50000,LYN,672856,ARI    202601364,,,,-322.06,,SLGLTRANS
2026-03-18T00:00:00.000Z,50000,LYN,672858,ARI    202601365,,,,-855,,SLGLTRANS
2026-03-18T00:00:00.000Z,50000,LYN,672861,ARI    202601366,,,,-3581.4,,SLGLTRANS
2026-03-18T00:00:00.000Z,50000,LYN,672863,ARI    202601367,,,,-1163.52,,SLGLTRANS
2026-03-18T00:00:00.000Z,50000,LYN,673008,ARI    202601368,,,,-165.3,,SLGLTRANS
2026-03-18T00:00:00.000Z,50000,LYN,673010,ARI    202601369,,,,-3308.96,,SLGLTRANS
2026-03-18T00:00:00.000Z,50000,LYN,673012,ARI    202601370,,,,-1031.04,,SLGLTRANS
2026-03-18T00:00:00.000Z,50000,LYN,673014,ARI    202601371,,,,-903.84,,SLGLTRANS
2026-03-18T00:00:00.000Z,50000,LYN,673016,ARI    202601372,,,,-2744.76,,SLGLTRANS
2026-03-18T00:00:00.000Z,50000,LYN,673018,ARI    202601373,,,,-342.3,,SLGLTRANS
2026-03-18T00:00:00.000Z,50000,LYN,673020,ARI    202601374,,,,-362.25,,SLGLTRANS
2026-03-18T00:00:00.000Z,50000,LYN,673022,ARI    202601375,,,,-224.25,,SLGLTRANS
2026-03-18T00:00:00.000Z,50000,LYN,673024,ARI    202601376,,,,-734.83,,SLGLTRANS
2026-03-18T00:00:00.000Z,50000,LYN,673026,ARI    202601377,,,,-196.27,,SLGLTRANS
2026-03-18T00:00:00.000Z,50000,LYN,673028,ARI    202601378,,,,-251.2,,SLGLTRANS
2026-03-18T00:00:00.000Z,50000,LYN,673030,ARI    202601379,,,,-96.68,,SLGLTRANS
2026-03-18T00:00:00.000Z,50000,LYN,673032,ARI    202601380,,,,-164.64,,SLGLTRANS
2026-03-18T00:00:00.000Z,50000,LYN,673034,ARI    202601381,,,,-164.71,,SLGLTRANS
2026-03-18T00:00:00.000Z,50000,LYN,673036,ARI    202601382,,,,-2363.92,,SLGLTRANS
2026-03-18T00:00:00.000Z,50000,LYN,673038,ARI    202601383,,,,-158.9,,SLGLTRANS
2026-03-18T00:00:00.000Z,50000,LYN,673040,ARI    202601384,,,,-226.8,,SLGLTRANS
2026-03-18T00:00:00.000Z,50000,LYN,673042,ARI    202601385,,,,-2714.4,,SLGLTRANS
2026-03-18T00:00:00.000Z,50000,LYN,673044,ARI    202601386,,,,-325.2,,SLGLTRANS
2026-03-18T00:00:00.000Z,50000,LYN,673046,ARI    202601387,,,,-209.95,,SLGLTRANS
2026-03-18T00:00:00.000Z,50000,LYN,673048,ARI    202601388,,,,-429.41,,SLGLTRANS
2026-03-18T00:00:00.000Z,50000,LYN,673050,ARI    202601389,,,,-145.5,,SLGLTRANS
2026-03-19T00:00:00.000Z,50000,LYN,673052,ARI    202601390,,,,-969.6,,SLGLTRANS
2026-03-19T00:00:00.000Z,50000,LYN,673055,ARI    202601391,,,,-2242.5,,SLGLTRANS
2026-03-19T00:00:00.000Z,50000,LYN,673060,ARI    202601393,,,,-479.7,,SLGLTRANS
2026-03-19T00:00:00.000Z,50000,LYN,673062,ARI    202601394,,,,-3665.2,,SLGLTRANS
2026-03-19T00:00:00.000Z,50000,LYN,673127,ARI    202601395,,,,-24300,,SLGLTRANS
2026-03-19T00:00:00.000Z,50000,LYN,673129,ARI    202601396,,,,-6221.99,,SLGLTRANS
2026-03-19T00:00:00.000Z,50000,LYN,673131,ARI    202601397,,,,-6409.2,,SLGLTRANS
2026-03-19T00:00:00.000Z,50000,LYN,673133,ARI    202601398,,,,-4598.16,,SLGLTRANS
2026-03-19T00:00:00.000Z,50000,LYN,673135,ARI    202601399,,,,-1045.8,,SLGLTRANS
2026-03-19T00:00:00.000Z,50000,LYN,673178,ARI    202601400,,,,-1335.82,,SLGLTRANS
2026-03-19T00:00:00.000Z,50000,LYN,673180,ARI    202601401,,,,-107.33,,SLGLTRANS
2026-03-19T00:00:00.000Z,50000,LYN,673182,ARI    202601402,,,,-1277.57,,SLGLTRANS
2026-03-19T00:00:00.000Z,50000,LYN,673184,ARI    202601403,,,,-1432.03,,SLGLTRANS
2026-03-19T00:00:00.000Z,50000,LYN,673186,ARI    202601404,,,,-398.6,,SLGLTRANS
2026-03-19T00:00:00.000Z,50000,LYN,673188,ARI    202601405,,,,-386.64,,SLGLTRANS
2026-03-19T00:00:00.000Z,50000,LYN,673190,ARI    202601406,,,,-387.5,,SLGLTRANS
2026-03-19T00:00:00.000Z,50000,LYN,673192,ARI    202601407,,,,-504.74,,SLGLTRANS
2026-03-19T00:00:00.000Z,50000,LYN,673194,ARI    202601408,,,,-1102.8,,SLGLTRANS
2026-03-19T00:00:00.000Z,50000,LYN,673196,ARI    202601409,,,,-115.6,,SLGLTRANS
2026-03-19T00:00:00.000Z,50000,LYN,673198,ARI    202601410,,,,-122.47,,SLGLTRANS
2026-03-19T00:00:00.000Z,50000,LYN,673200,ARI    202601411,,,,-338.24,,SLGLTRANS
2026-03-19T00:00:00.000Z,50000,LYN,673202,ARI    202601412,,,,-164.64,,SLGLTRANS
2026-03-19T00:00:00.000Z,50000,LYN,673204,ARI    202601413,,,,-4640.28,,SLGLTRANS
2026-03-19T00:00:00.000Z,50000,LYN,673206,ARI    202601414,,,,-1134,,SLGLTRANS
2026-03-19T00:00:00.000Z,50000,LYN,673208,ARI    202601415,,,,-214.7,,SLGLTRANS
2026-03-20T00:00:00.000Z,50000,LYN,673238,ARI    202601418,,,,-2460,,SLGLTRANS
2026-03-20T00:00:00.000Z,50000,LYN,673241,ARI    202601416,,,,-554.1,,SLGLTRANS
2026-03-20T00:00:00.000Z,50000,LYN,673243,ARI    202601417,,,,-2878.2,,SLGLTRANS
2026-03-20T00:00:00.000Z,50000,LYN,673245,ARI    202601419,,,,-3352.73,,SLGLTRANS
2026-03-20T00:00:00.000Z,50000,LYN,673349,ARI    202601421,,,,-243.88,,SLGLTRANS
2026-03-20T00:00:00.000Z,50000,LYN,673351,ARI    202601422,,,,-165.3,,SLGLTRANS
2026-03-20T00:00:00.000Z,50000,LYN,673353,ARI    202601423,,,,-214.66,,SLGLTRANS
2026-03-20T00:00:00.000Z,50000,LYN,673355,ARI    202601424,,,,-8942.98,,SLGLTRANS
2026-03-20T00:00:00.000Z,50000,LYN,673357,ARI    202601425,,,,-797.2,,SLGLTRANS
2026-03-20T00:00:00.000Z,50000,LYN,673359,ARI    202601426,,,,-684.68,,SLGLTRANS
2026-03-20T00:00:00.000Z,50000,LYN,673361,ARI    202601427,,,,-1417.68,,SLGLTRANS
2026-03-20T00:00:00.000Z,50000,LYN,673363,ARI    202601428,,,,-2711.52,,SLGLTRANS
2026-03-20T00:00:00.000Z,50000,LYN,673365,ARI    202601429,,,,-304.2,,SLGLTRANS
2026-03-20T00:00:00.000Z,50000,LYN,673367,ARI    202601430,,,,-2121.98,,SLGLTRANS
2026-03-20T00:00:00.000Z,50000,LYN,673369,ARI    202601431,,,,-308.09,,SLGLTRANS
2026-03-20T00:00:00.000Z,50000,LYN,673371,ARI    202601432,,,,-504.74,,SLGLTRANS
2026-03-20T00:00:00.000Z,50000,LYN,673373,ARI    202601433,,,,-1102.8,,SLGLTRANS
2026-03-20T00:00:00.000Z,50000,LYN,673375,ARI    202601434,,,,-342.3,,SLGLTRANS
2026-03-20T00:00:00.000Z,50000,LYN,673377,ARI    202601435,,,,-292.6,,SLGLTRANS
2026-03-20T00:00:00.000Z,50000,LYN,673379,ARI    202601436,,,,-1271.6,,SLGLTRANS
2026-03-20T00:00:00.000Z,50000,LYN,673381,ARI    202601437,,,,-367.42,,SLGLTRANS
2026-03-20T00:00:00.000Z,50000,LYN,673383,ARI    202601438,,,,-373.25,,SLGLTRANS
2026-03-20T00:00:00.000Z,50000,LYN,673385,ARI    202601439,,,,-125.6,,SLGLTRANS
2026-03-20T00:00:00.000Z,50000,LYN,673387,ARI    202601440,,,,-164.64,,SLGLTRANS
2026-03-20T00:00:00.000Z,50000,LYN,673389,ARI    202601441,,,,-156.9,,SLGLTRANS
2026-03-20T00:00:00.000Z,50000,LYN,673391,ARI    202601442,,,,-156.88,,SLGLTRANS
2026-03-20T00:00:00.000Z,50000,LYN,673393,ARI    202601443,,,,-164.71,,SLGLTRANS
2026-03-20T00:00:00.000Z,50000,LYN,673395,ARI    202601444,,,,-271.35,,SLGLTRANS
2026-03-20T00:00:00.000Z,50000,LYN,673397,ARI    202601445,,,,-187.76,,SLGLTRANS
2026-03-20T00:00:00.000Z,50000,LYN,673399,ARI    202601446,,,,-373.68,,SLGLTRANS
2026-03-20T00:00:00.000Z,50000,LYN,673401,ARI    202601447,,,,-3764.76,,SLGLTRANS
2026-03-20T00:00:00.000Z,50000,LYN,673403,ARI    202601448,,,,-2714.4,,SLGLTRANS
2026-03-20T00:00:00.000Z,50000,LYN,673405,ARI    202601449,,,,-274.37,,SLGLTRANS
2026-03-20T00:00:00.000Z,50000,LYN,673407,ARI    202601450,,,,-2898.5,,SLGLTRANS
2026-03-20T00:00:00.000Z,50000,LYN,673409,ARI    202601451,,,,-4170.96,,SLGLTRANS
2026-03-23T00:00:00.000Z,50000,LYN,673415,ARI    202601452,,,,-1852.5,,SLGLTRANS
2026-03-23T00:00:00.000Z,50000,LYN,673418,ARI    202601453,,,,-1282,,SLGLTRANS
2026-03-23T00:00:00.000Z,50000,LYN,673421,ARI    202601454,,,,-1282,,SLGLTRANS
2026-03-23T00:00:00.000Z,50000,LYN,673424,ARI    202601455,,,,-458.4,,SLGLTRANS
2026-03-23T00:00:00.000Z,50000,LYN,673427,ARI    202601456,,,,-1842.3,,SLGLTRANS
2026-03-23T00:00:00.000Z,50000,LYN,673430,ARI    202601458,,,,-2038,,SLGLTRANS
2026-03-23T00:00:00.000Z,50000,LYN,673433,ARI    202601457,,,,-1454.4,,SLGLTRANS
2026-03-23T00:00:00.000Z,50000,LYN,673435,ARI    202601459,,,,-654.4,,SLGLTRANS
2026-03-23T00:00:00.000Z,50000,LYN,673437,ARI    202601460,,,,-1096.48,,SLGLTRANS
2026-03-23T00:00:00.000Z,50000,LYN,673439,ARI    202601461,,,,-932.88,,SLGLTRANS
2026-03-23T00:00:00.000Z,50000,LYN,673441,ARI    202601462,,,,-763.5,,SLGLTRANS
2026-03-23T00:00:00.000Z,50000,LYN,673622,ARI    202601463,,,,-412.92,,SLGLTRANS
2026-03-23T00:00:00.000Z,50000,LYN,673624,ARI    202601464,,,,-297.15,,SLGLTRANS
2026-03-23T00:00:00.000Z,50000,LYN,673626,ARI    202601465,,,,-244.8,,SLGLTRANS
2026-03-23T00:00:00.000Z,50000,LYN,673628,ARI    202601466,,,,-53.66,,SLGLTRANS
2026-03-23T00:00:00.000Z,50000,LYN,673630,ARI    202601467,,,,-3536.64,,SLGLTRANS
2026-03-23T00:00:00.000Z,50000,LYN,673632,ARI    202601468,,,,-797.2,,SLGLTRANS
2026-03-23T00:00:00.000Z,50000,LYN,673634,ARI    202601469,,,,-136.94,,SLGLTRANS
2026-03-23T00:00:00.000Z,50000,LYN,673636,ARI    202601470,,,,-902.16,,SLGLTRANS
2026-03-23T00:00:00.000Z,50000,LYN,673638,ARI    202601471,,,,-1291.2,,SLGLTRANS
2026-03-23T00:00:00.000Z,50000,LYN,673640,ARI    202601472,,,,-2299.62,,SLGLTRANS
2026-03-23T00:00:00.000Z,50000,LYN,673642,ARI    202601473,,,,-2210.74,,SLGLTRANS
2026-03-23T00:00:00.000Z,50000,LYN,673644,ARI    202601474,,,,-342.3,,SLGLTRANS
2026-03-23T00:00:00.000Z,50000,LYN,673646,ARI    202601475,,,,-146.3,,SLGLTRANS
2026-03-23T00:00:00.000Z,50000,LYN,673648,ARI    202601476,,,,-489.89,,SLGLTRANS
2026-03-23T00:00:00.000Z,50000,LYN,673650,ARI    202601477,,,,-251.2,,SLGLTRANS
2026-03-23T00:00:00.000Z,50000,LYN,673652,ARI    202601478,,,,-164.64,,SLGLTRANS
2026-03-23T00:00:00.000Z,50000,LYN,673654,ARI    202601479,,,,-164.71,,SLGLTRANS
2026-03-23T00:00:00.000Z,50000,LYN,673656,ARI    202601480,,,,-186.84,,SLGLTRANS
2026-03-23T00:00:00.000Z,50000,LYN,673658,ARI    202601481,,,,-1488.39,,SLGLTRANS
2026-03-23T00:00:00.000Z,50000,LYN,673660,ARI    202601482,,,,-855.79,,SLGLTRANS
2026-03-23T00:00:00.000Z,50000,LYN,673662,ARI    202601483,,,,-145.5,,SLGLTRANS
2026-03-24T00:00:00.000Z,50000,LYN,673682,ARI    202601484,,,,-4864,,SLGLTRANS
2026-03-24T00:00:00.000Z,50000,LYN,673685,ARI    202601485,,,,-991.4,,SLGLTRANS
2026-03-24T00:00:00.000Z,50000,LYN,673688,ARI    202601486,,,,-991.4,,SLGLTRANS
2026-03-24T00:00:00.000Z,50000,LYN,673691,ARI    202601487,,,,-2982,,SLGLTRANS
2026-03-24T00:00:00.000Z,50000,LYN,673694,ARI    202601488,,,,-604.48,,SLGLTRANS
2026-03-24T00:00:00.000Z,50000,LYN,673697,ARI    202601489,,,,-2385.6,,SLGLTRANS
2026-03-24T00:00:00.000Z,50000,LYN,673700,ARI    202601490,,,,-13767.04,,SLGLTRANS
2026-03-24T00:00:00.000Z,50000,LYN,673703,ARI    202601491,,,,-21203.51,,SLGLTRANS
2026-03-24T00:00:00.000Z,50000,LYN,673827,ARI    202601492,,,,-1335.82,,SLGLTRANS
2026-03-24T00:00:00.000Z,50000,LYN,673829,ARI    202601493,,,,-657.94,,SLGLTRANS
2026-03-24T00:00:00.000Z,50000,LYN,673831,ARI    202601494,,,,-1715.54,,SLGLTRANS
2026-03-24T00:00:00.000Z,50000,LYN,673833,ARI    202601495,,,,-3536.64,,SLGLTRANS
2026-03-24T00:00:00.000Z,50000,LYN,673835,ARI    202601496,,,,-286.88,,SLGLTRANS
2026-03-24T00:00:00.000Z,50000,LYN,673837,ARI    202601497,,,,-99.65,,SLGLTRANS
2026-03-24T00:00:00.000Z,50000,LYN,673839,ARI    202601498,,,,-273.87,,SLGLTRANS
2026-03-24T00:00:00.000Z,50000,LYN,673841,ARI    202601499,,,,-1031.04,,SLGLTRANS
2026-03-24T00:00:00.000Z,50000,LYN,673843,ARI    202601500,,,,-645.6,,SLGLTRANS
2026-03-24T00:00:00.000Z,50000,LYN,673845,ARI    202601501,,,,-304.2,,SLGLTRANS
2026-03-24T00:00:00.000Z,50000,LYN,673847,ARI    202601502,,,,-369.9,,SLGLTRANS
2026-03-24T00:00:00.000Z,50000,LYN,673849,ARI    202601503,,,,-4243.97,,SLGLTRANS
2026-03-24T00:00:00.000Z,50000,LYN,673851,ARI    202601504,,,,-342.3,,SLGLTRANS
2026-03-24T00:00:00.000Z,50000,LYN,673853,ARI    202601505,,,,-302.64,,SLGLTRANS
2026-03-24T00:00:00.000Z,50000,LYN,673855,ARI    202601506,,,,-362.25,,SLGLTRANS
2026-03-24T00:00:00.000Z,50000,LYN,673857,ARI    202601507,,,,-146.3,,SLGLTRANS
2026-03-24T00:00:00.000Z,50000,LYN,673859,ARI    202601508,,,,-924.8,,SLGLTRANS
2026-03-24T00:00:00.000Z,50000,LYN,673861,ARI    202601509,,,,-979.78,,SLGLTRANS
2026-03-24T00:00:00.000Z,50000,LYN,673863,ARI    202601510,,,,-164.64,,SLGLTRANS
2026-03-24T00:00:00.000Z,50000,LYN,673865,ARI    202601511,,,,-156.9,,SLGLTRANS
2026-03-24T00:00:00.000Z,50000,LYN,673867,ARI    202601512,,,,-329.42,,SLGLTRANS
2026-03-24T00:00:00.000Z,50000,LYN,673869,ARI    202601513,,,,-8405.04,,SLGLTRANS
2026-03-24T00:00:00.000Z,50000,LYN,673871,ARI    202601514,,,,-317.8,,SLGLTRANS
2026-03-24T00:00:00.000Z,50000,LYN,673873,ARI    202601515,,,,-453.6,,SLGLTRANS
2026-03-24T00:00:00.000Z,50000,LYN,673875,ARI    202601516,,,,-2714.4,,SLGLTRANS
2026-03-24T00:00:00.000Z,50000,LYN,673877,ARI    202601517,,,,-419.9,,SLGLTRANS
2026-03-25T00:00:00.000Z,50000,LYN,673879,ARI    202601518,,,,-4398,,SLGLTRANS
2026-03-25T00:00:00.000Z,50000,LYN,673884,ARI    202601519,,,,-614.04,,SLGLTRANS
2026-03-25T00:00:00.000Z,50000,LYN,673886,ARI    202601520,,,,-614.04,,SLGLTRANS
2026-03-25T00:00:00.000Z,50000,LYN,673888,ARI    202601521,,,,-614.04,,SLGLTRANS
2026-03-25T00:00:00.000Z,50000,LYN,674188,ARI    202601522,,,,-264.74,,SLGLTRANS
2026-03-25T00:00:00.000Z,50000,LYN,674190,ARI    202601523,,,,-396.2,,SLGLTRANS
2026-03-25T00:00:00.000Z,50000,LYN,674192,ARI    202601524,,,,-165.3,,SLGLTRANS
2026-03-25T00:00:00.000Z,50000,LYN,674194,ARI    202601525,,,,-3536.64,,SLGLTRANS
2026-03-25T00:00:00.000Z,50000,LYN,674196,ARI    202601526,,,,-95.63,,SLGLTRANS
2026-03-25T00:00:00.000Z,50000,LYN,674198,ARI    202601527,,,,-298.95,,SLGLTRANS
2026-03-25T00:00:00.000Z,50000,LYN,674200,ARI    202601528,,,,-410.81,,SLGLTRANS
2026-03-25T00:00:00.000Z,50000,LYN,674202,ARI    202601529,,,,-773.28,,SLGLTRANS
2026-03-25T00:00:00.000Z,50000,LYN,674204,ARI    202601530,,,,-387.36,,SLGLTRANS
2026-03-25T00:00:00.000Z,50000,LYN,674206,ARI    202601531,,,,-304.2,,SLGLTRANS
2026-03-25T00:00:00.000Z,50000,LYN,674208,ARI    202601532,,,,-2121.98,,SLGLTRANS
2026-03-25T00:00:00.000Z,50000,LYN,674210,ARI    202601533,,,,-2395.73,,SLGLTRANS
2026-03-25T00:00:00.000Z,50000,LYN,674212,ARI    202601534,,,,-154.05,,SLGLTRANS
2026-03-25T00:00:00.000Z,50000,LYN,674214,ARI    202601535,,,,-342.3,,SLGLTRANS
2026-03-25T00:00:00.000Z,50000,LYN,674216,ARI    202601536,,,,-605.28,,SLGLTRANS
2026-03-25T00:00:00.000Z,50000,LYN,674218,ARI    202601537,,,,-292.6,,SLGLTRANS
2026-03-25T00:00:00.000Z,50000,LYN,674220,ARI    202601538,,,,-115.6,,SLGLTRANS
2026-03-25T00:00:00.000Z,50000,LYN,674222,ARI    202601539,,,,-122.47,,SLGLTRANS
2026-03-25T00:00:00.000Z,50000,LYN,674224,ARI    202601540,,,,-125.6,,SLGLTRANS
2026-03-25T00:00:00.000Z,50000,LYN,674226,ARI    202601541,,,,-338.24,,SLGLTRANS
2026-03-25T00:00:00.000Z,50000,LYN,674228,ARI    202601542,,,,-96.68,,SLGLTRANS
2026-03-25T00:00:00.000Z,50000,LYN,674230,ARI    202601543,,,,-156.9,,SLGLTRANS
2026-03-25T00:00:00.000Z,50000,LYN,674232,ARI    202601544,,,,-186.84,,SLGLTRANS
2026-03-25T00:00:00.000Z,50000,LYN,674234,ARI    202601545,,,,-963.08,,SLGLTRANS
2026-03-25T00:00:00.000Z,50000,LYN,674236,ARI    202601546,,,,-453.6,,SLGLTRANS
2026-03-25T00:00:00.000Z,50000,LYN,674238,ARI    202601547,,,,-839.81,,SLGLTRANS
2026-03-25T00:00:00.000Z,50000,LYN,674240,ARI    202601548,,,,-858.82,,SLGLTRANS
2026-03-25T00:00:00.000Z,50000,LYN,674242,ARC OPEN,,,,614.04,,SLGLTRANS
2026-03-25T00:00:00.000Z,50000,LYN,674244,ARC OPEN,,,,614.04,,SLGLTRANS
2026-03-25T00:00:00.000Z,50000,LYN,674246,ARC OPEN,,,,614.04,,SLGLTRANS
2026-03-25T00:00:00.000Z,50000,LYN,674248,ARI    202601549,,,,-614.04,,SLGLTRANS
2026-03-25T00:00:00.000Z,50000,LYN,674250,ARI    202601550,,,,-614.04,,SLGLTRANS
2026-03-25T00:00:00.000Z,50000,LYN,674252,ARI    202601551,,,,-614.04,,SLGLTRANS
2026-03-25T00:00:00.000Z,50000,LYN,674351,ARI    202601557,,,,-936.28,,SLGLTRANS
2026-03-25T00:00:00.000Z,50000,LYN,674353,ARI    202601558,,,,-732.46,,SLGLTRANS
2026-03-25T00:00:00.000Z,50000,LYN,674355,ARI    202601559,,,,-128.88,,SLGLTRANS
2026-03-25T00:00:00.000Z,50000,LYN,674357,ARI    202601560,,,,-487.76,,SLGLTRANS
2026-03-25T00:00:00.000Z,50000,LYN,674359,ARI    202601561,,,,-115.6,,SLGLTRANS
2026-03-26T00:00:00.000Z,50000,LYN,674260,ARI    202601554,,,,-5306.22,,SLGLTRANS
2026-03-26T00:00:00.000Z,50000,LYN,674262,ARI    202601555,,,,-1784,,SLGLTRANS
2026-03-26T00:00:00.000Z,50000,LYN,674265,ARI    202601552,,,,-18978.96,,SLGLTRANS
2026-03-26T00:00:00.000Z,50000,LYN,674268,ARI    202601553,,,,-39328.5,,SLGLTRANS
2026-03-26T00:00:00.000Z,50000,LYN,674271,ARI    202601556,,,,-31910.36,,SLGLTRANS
2026-03-26T00:00:00.000Z,50000,LYN,674410,ARI    202601562,,,,-2179.1,,SLGLTRANS
2026-03-26T00:00:00.000Z,50000,LYN,674412,ARI    202601563,,,,-1721.25,,SLGLTRANS
2026-03-26T00:00:00.000Z,50000,LYN,674414,ARI    202601564,,,,-199.3,,SLGLTRANS
2026-03-26T00:00:00.000Z,50000,LYN,674416,ARI    202601565,,,,-547.74,,SLGLTRANS
2026-03-26T00:00:00.000Z,50000,LYN,674418,ARI    202601566,,,,-644.4,,SLGLTRANS
2026-03-26T00:00:00.000Z,50000,LYN,674420,ARI    202601567,,,,-258.24,,SLGLTRANS
2026-03-26T00:00:00.000Z,50000,LYN,674422,ARI    202601568,,,,-605.28,,SLGLTRANS
2026-03-26T00:00:00.000Z,50000,LYN,674424,ARI    202601569,,,,-3218.6,,SLGLTRANS
2026-03-26T00:00:00.000Z,50000,LYN,674426,ARI    202601570,,,,-3352.4,,SLGLTRANS
2026-03-26T00:00:00.000Z,50000,LYN,674428,ARI    202601571,,,,-186.84,,SLGLTRANS
2026-03-26T00:00:00.000Z,50000,LYN,674430,ARI    202601572,,,,-2188.81,,SLGLTRANS
2026-03-26T00:00:00.000Z,50000,LYN,674432,ARI    202601573,,,,-2714.4,,SLGLTRANS
2026-03-26T00:00:00.000Z,50000,LYN,674434,ARI    202601574,,,,-3005.86,,SLGLTRANS
2026-03-26T00:00:00.000Z,50000,LYN,674463,ARI    202601582,,,,-13219.2,,SLGLTRANS
2026-03-26T00:00:00.000Z,50000,LYN,674465,ARI    202601583,,,,-3239.52,,SLGLTRANS
2026-03-26T00:00:00.000Z,50000,LYN,674467,ARI    202601584,,,,-10612.44,,SLGLTRANS
2026-03-26T00:00:00.000Z,50000,LYN,674469,ARI    202601585,,,,-2655.24,,SLGLTRANS
2026-03-26T00:00:00.000Z,50000,LYN,674471,ARI    202601586,,,,-7057.51,,SLGLTRANS
2026-03-27T00:00:00.000Z,50000,LYN,674443,ARI    202601576,,,,-1082.1,,SLGLTRANS
2026-03-27T00:00:00.000Z,50000,LYN,674445,ARI    202601577,,,,-9689.6,,SLGLTRANS
2026-03-27T00:00:00.000Z,50000,LYN,674448,ARI    202601578,,,,-1657,,SLGLTRANS
2026-03-27T00:00:00.000Z,50000,LYN,674451,ARI    202601579,,,,-487.92,,SLGLTRANS
2026-03-27T00:00:00.000Z,50000,LYN,674454,ARI    202601580,,,,-10903.9,,SLGLTRANS
2026-03-27T00:00:00.000Z,50000,LYN,674457,ARI    202601581,,,,-3592,,SLGLTRANS
2026-03-27T00:00:00.000Z,50000,LYN,674460,ARI    202601575,,,,-4389,,SLGLTRANS
2026-03-27T00:00:00.000Z,50000,LYN,674630,ARI    202601587,,,,-243.88,,SLGLTRANS
2026-03-27T00:00:00.000Z,50000,LYN,674632,ARI    202601588,,,,-999,,SLGLTRANS
2026-03-27T00:00:00.000Z,50000,LYN,674634,ARI    202601589,,,,-991.8,,SLGLTRANS
2026-03-27T00:00:00.000Z,50000,LYN,674636,ARI    202601590,,,,-1374.68,,SLGLTRANS
2026-03-27T00:00:00.000Z,50000,LYN,674638,ARI    202601591,,,,-643.41,,SLGLTRANS
2026-03-27T00:00:00.000Z,50000,LYN,674640,ARI    202601592,,,,-1448.93,,SLGLTRANS
2026-03-27T00:00:00.000Z,50000,LYN,674642,ARI    202601593,,,,-5110.27,,SLGLTRANS
2026-03-27T00:00:00.000Z,50000,LYN,674644,ARI    202601594,,,,-1432.03,,SLGLTRANS
2026-03-27T00:00:00.000Z,50000,LYN,674646,ARI    202601595,,,,-1195.8,,SLGLTRANS
2026-03-27T00:00:00.000Z,50000,LYN,674648,ARI    202601596,,,,-2601.77,,SLGLTRANS
2026-03-27T00:00:00.000Z,50000,LYN,674650,ARI    202601597,,,,-1417.68,,SLGLTRANS
2026-03-27T00:00:00.000Z,50000,LYN,674652,ARI    202601598,,,,-1420.32,,SLGLTRANS
2026-03-27T00:00:00.000Z,50000,LYN,674654,ARI    202601599,,,,-304.2,,SLGLTRANS
2026-03-27T00:00:00.000Z,50000,LYN,674656,ARI    202601600,,,,-369.9,,SLGLTRANS
2026-03-27T00:00:00.000Z,50000,LYN,674658,ARI    202601601,,,,-387.5,,SLGLTRANS
2026-03-27T00:00:00.000Z,50000,LYN,674660,ARI    202601602,,,,-4243.97,,SLGLTRANS
2026-03-27T00:00:00.000Z,50000,LYN,674662,ARI    202601603,,,,-2299.62,,SLGLTRANS
2026-03-27T00:00:00.000Z,50000,LYN,674664,ARI    202601604,,,,-3108.84,,SLGLTRANS
2026-03-27T00:00:00.000Z,50000,LYN,674666,ARI    202601605,,,,-504.74,,SLGLTRANS
2026-03-27T00:00:00.000Z,50000,LYN,674668,ARI    202601606,,,,-827.1,,SLGLTRANS
2026-03-27T00:00:00.000Z,50000,LYN,674670,ARI    202601607,,,,-684.6,,SLGLTRANS
2026-03-27T00:00:00.000Z,50000,LYN,674672,ARI    202601608,,,,-605.28,,SLGLTRANS
2026-03-27T00:00:00.000Z,50000,LYN,674674,ARI    202601609,,,,-1592.14,,SLGLTRANS
2026-03-27T00:00:00.000Z,50000,LYN,674676,ARI    202601610,,,,-66.12,,SLGLTRANS
2026-03-27T00:00:00.000Z,50000,LYN,674678,ARI    202601611,,,,-251.2,,SLGLTRANS
2026-03-27T00:00:00.000Z,50000,LYN,674680,ARI    202601612,,,,-941.4,,SLGLTRANS
2026-03-27T00:00:00.000Z,50000,LYN,674682,ARI    202601613,,,,-1152.97,,SLGLTRANS
2026-03-27T00:00:00.000Z,50000,LYN,674684,ARI    202601614,,,,-5828.8,,SLGLTRANS
2026-03-27T00:00:00.000Z,50000,LYN,674686,ARI    202601615,,,,-271.35,,SLGLTRANS
2026-03-27T00:00:00.000Z,50000,LYN,674688,ARI    202601616,,,,-281.65,,SLGLTRANS
2026-03-27T00:00:00.000Z,50000,LYN,674690,ARI    202601617,,,,-680.4,,SLGLTRANS
2026-03-27T00:00:00.000Z,50000,LYN,674692,ARI    202601618,,,,-2714.4,,SLGLTRANS
2026-03-27T00:00:00.000Z,50000,LYN,674694,ARI    202601619,,,,-3851.06,,SLGLTRANS
2026-03-27T00:00:00.000Z,50000,LYN,674696,ARI    202601620,,,,-3070.21,,SLGLTRANS
2026-03-27T00:00:00.000Z,50000,LYN,674698,ARI    202601621,,,,-9862.75,,SLGLTRANS
2026-03-27T00:00:00.000Z,50000,LYN,674700,ARI    202601622,,,,-2959.94,,SLGLTRANS
2026-03-30T00:00:00.000Z,50000,LYN,674800,ARI    202601623,,,,-1618.4,,SLGLTRANS
2026-03-30T00:00:00.000Z,50000,LYN,674802,ARI    202601624,,,,-8242.3,,SLGLTRANS
2026-03-30T00:00:00.000Z,50000,LYN,674804,ARI    202601625,,,,-5187.64,,SLGLTRANS
2026-03-30T00:00:00.000Z,50000,LYN,674806,ARI    202601626,,,,-2036,,SLGLTRANS
2026-03-30T00:00:00.000Z,50000,LYN,674808,ARI    202601627,,,,-738.75,,SLGLTRANS
2026-03-30T00:00:00.000Z,50000,LYN,674810,ARI    202601628,,,,-7022.4,,SLGLTRANS
2026-03-30T00:00:00.000Z,50000,LYN,674812,ARI    202601629,,,,-1745.28,,SLGLTRANS
2026-03-30T00:00:00.000Z,50000,LYN,674814,ARI    202601630,,,,-7700.22,,SLGLTRANS
2026-03-30T00:00:00.000Z,50000,LYN,674817,ARI    202601631,,,,-604.48,,SLGLTRANS
2026-03-30T00:00:00.000Z,50000,LYN,674820,ARI    202601632,,,,-6605.9,,SLGLTRANS
2026-03-30T00:00:00.000Z,50000,LYN,674823,ARI    202601633,,,,-2564,,SLGLTRANS
2026-03-30T00:00:00.000Z,50000,LYN,674826,ARI    202601634,,,,-458.4,,SLGLTRANS
2026-03-30T00:00:00.000Z,50000,LYN,674829,ARI    202601635,,,,-2456.4,,SLGLTRANS
2026-03-30T00:00:00.000Z,50000,LYN,674832,ARI    202601636,,,,-2052.34,,SLGLTRANS
2026-03-30T00:00:00.000Z,50000,LYN,674954,ARI    202601637,,,,-2555.14,,SLGLTRANS
2026-03-30T00:00:00.000Z,50000,LYN,674956,ARI    202601638,,,,-5728.13,,SLGLTRANS
2026-03-30T00:00:00.000Z,50000,LYN,674958,ARI    202601639,,,,-3308.96,,SLGLTRANS
2026-03-30T00:00:00.000Z,50000,LYN,674960,ARI    202601640,,,,-498.25,,SLGLTRANS
2026-03-30T00:00:00.000Z,50000,LYN,674962,ARI    202601641,,,,-1546.56,,SLGLTRANS
2026-03-30T00:00:00.000Z,50000,LYN,674964,ARI    202601642,,,,-3744.48,,SLGLTRANS
2026-03-30T00:00:00.000Z,50000,LYN,674966,ARI    202601643,,,,-304.2,,SLGLTRANS
2026-03-30T00:00:00.000Z,50000,LYN,674968,ARI    202601644,,,,-319.5,,SLGLTRANS
2026-03-30T00:00:00.000Z,50000,LYN,674970,ARI    202601645,,,,-462.5,,SLGLTRANS
2026-03-30T00:00:00.000Z,50000,LYN,674972,ARI    202601646,,,,-1378.5,,SLGLTRANS
2026-03-30T00:00:00.000Z,50000,LYN,674974,ARI    202601647,,,,-3423,,SLGLTRANS
2026-03-30T00:00:00.000Z,50000,LYN,674976,ARI    202601648,,,,-907.92,,SLGLTRANS
2026-03-30T00:00:00.000Z,50000,LYN,674978,ARI    202601649,,,,-290.04,,SLGLTRANS
2026-03-30T00:00:00.000Z,50000,LYN,674980,ARI    202601650,,,,-823.2,,SLGLTRANS
2026-03-30T00:00:00.000Z,50000,LYN,674982,ARI    202601651,,,,-1027.62,,SLGLTRANS
2026-03-30T00:00:00.000Z,50000,LYN,674984,ARI    202601652,,,,-2494.8,,SLGLTRANS
2026-03-30T00:00:00.000Z,50000,LYN,674986,ARI    202601653,,,,-3945.1,,SLGLTRANS
2026-03-31T00:00:00.000Z,50000,LYN,675042,ARI    202601654,,,,-820.8,,SLGLTRANS
2026-03-31T00:00:00.000Z,50000,LYN,675045,ARI    202601655,,,,-294.4,,SLGLTRANS
2026-03-31T00:00:00.000Z,50000,LYN,675069,ARI    202601656,,,,-3536.64,,SLGLTRANS
2026-03-31T00:00:00.000Z,50000,LYN,675071,ARI    202601657,,,,-498.25,,SLGLTRANS
2026-03-31T00:00:00.000Z,50000,LYN,675073,ARI    202601658,,,,-644.4,,SLGLTRANS
2026-03-31T00:00:00.000Z,50000,LYN,675075,ARI    202601659,,,,-319.5,,SLGLTRANS
2026-03-31T00:00:00.000Z,50000,LYN,675077,ARI    202601660,,,,-2538.22,,SLGLTRANS
2026-03-31T00:00:00.000Z,50000,LYN,675079,ARI    202601661,,,,-2081.55,,SLGLTRANS
2026-03-31T00:00:00.000Z,50000,LYN,675081,ARI    202601662,,,,-504.74,,SLGLTRANS
2026-03-31T00:00:00.000Z,50000,LYN,675083,ARI    202601663,,,,-521,,SLGLTRANS
2026-03-31T00:00:00.000Z,50000,LYN,675085,ARI    202601664,,,,-551.4,,SLGLTRANS
2026-03-31T00:00:00.000Z,50000,LYN,675087,ARI    202601665,,,,-605.28,,SLGLTRANS
2026-03-31T00:00:00.000Z,50000,LYN,675089,ARI    202601666,,,,-1102.25,,SLGLTRANS
2026-03-31T00:00:00.000Z,50000,LYN,675091,ARI    202601667,,,,-174.16,,SLGLTRANS
2026-03-31T00:00:00.000Z,50000,LYN,675093,ARI    202601668,,,,-125.6,,SLGLTRANS
2026-03-31T00:00:00.000Z,50000,LYN,675095,ARI    202601669,,,,-98.75,,SLGLTRANS
2026-03-31T00:00:00.000Z,50000,LYN,675097,ARI    202601670,,,,-2714.4,,SLGLTRANS
2026-03-31T00:00:00.000Z,50000,LYN,675099,ARI    202601671,,,,-629.86,,SLGLTRANS
2026-03-31T00:00:00.000Z,50000,LYN,675101,ARI    202601672,,,,-158.53,,SLGLTRANS
2026-03-31T00:00:00.000Z,50000,LYN,675103,ARI    202601673,,,,-291,,SLGLTRANS
2026-03-31T00:00:00.000Z,50000,LYN,675105,ARI    202601674,,,,-9862.75,,SLGLTRANS
2026-03-31T00:00:00.000Z,50000,LYN,675115,ARC CR0000001324,,,,10,,SLGLTRANS
