reportDay,snapshotTs,daySnapshotRowCount,invoiceId,customerId,customerName,invoiceDate,amount
2026-03-09,2026-03-09T00:00:00.000Z,771,202600880,1577118,Modine Mfg Co. - Texas,2026-02-20,33814.74
2026-03-09,2026-03-09T00:00:00.000Z,771,202601099,1577102,Modine Mfg Co. - TN,2026-03-02,31416.00
2026-03-09,2026-03-09T00:00:00.000Z,771,202600958,1319905,"Daikin Comfort Technologies Mfg., Inc.",2026-02-20,29592.29
2026-03-09,2026-03-09T00:00:00.000Z,771,202600878,1577118,Modine Mfg Co. - Texas,2026-02-20,29500.80
2026-03-09,2026-03-09T00:00:00.000Z,771,202600918,1577112,Modine Mfg Co. - RI,2026-02-24,23781.24
2026-03-09,2026-03-09T00:00:00.000Z,771,202600268,1577118,Modine Mfg Co. - Texas,2026-01-20,19540.49
2026-03-09,2026-03-09T00:00:00.000Z,771,202507769,1577118,Modine Mfg Co. - Texas,2025-12-16,16907.37
2026-03-09,2026-03-09T00:00:00.000Z,771,202601094,1275203,Fasco Piedras Negras RBC,2026-03-02,15708.00
2026-03-09,2026-03-09T00:00:00.000Z,771,202600856,1936901,"Altius Solutions, Inc.",2026-02-19,14900.00
2026-03-09,2026-03-09T00:00:00.000Z,771,202600764,1520804,LII Mexico Holdings LTD,2026-02-16,13411.20
2026-03-09,2026-03-09T00:00:00.000Z,771,202600034,1577125,"MDA USA LLC – Lawrenceburg, TN",2026-01-06,13194.00
2026-03-09,2026-03-09T00:00:00.000Z,771,202600033,1275203,Fasco Piedras Negras RBC,2026-01-06,12566.40
2026-03-09,2026-03-09T00:00:00.000Z,771,202507768,1577118,Modine Mfg Co. - Texas,2025-12-16,11800.32
2026-03-09,2026-03-09T00:00:00.000Z,771,202600989,1319905,"Daikin Comfort Technologies Mfg., Inc.",2026-02-24,11657.60
2026-03-09,2026-03-09T00:00:00.000Z,771,202601028,1319905,"Daikin Comfort Technologies Mfg., Inc.",2026-02-26,11589.76
2026-03-09,2026-03-09T00:00:00.000Z,771,202600148,1577106,Modine Mfg Co. - MO,2026-01-13,11493.30
2026-03-09,2026-03-09T00:00:00.000Z,771,202601131,1577106,Modine Mfg Co. - MO,2026-03-03,11493.30
2026-03-09,2026-03-09T00:00:00.000Z,771,202600839,1577125,"MDA USA LLC – Lawrenceburg, TN",2026-02-18,11434.80
2026-03-09,2026-03-09T00:00:00.000Z,771,202601228,1319905,"Daikin Comfort Technologies Mfg., Inc.",2026-03-06,11144.00
2026-03-09,2026-03-09T00:00:00.000Z,771,202507742,1975001,JC Residential and Light Commercial LLC,2025-12-15,10995.60
2026-03-09,2026-03-09T00:00:00.000Z,771,202600682,1577125,"MDA USA LLC – Lawrenceburg, TN",2026-02-11,10995.00
2026-03-09,2026-03-09T00:00:00.000Z,771,202601047,1577125,"MDA USA LLC – Lawrenceburg, TN",2026-02-27,10995.00
2026-03-09,2026-03-09T00:00:00.000Z,771,202600993,1319905,"Daikin Comfort Technologies Mfg., Inc.",2026-02-24,10506.30
2026-03-09,2026-03-09T00:00:00.000Z,771,202600423,1275203,Fasco Piedras Negras RBC,2026-01-29,10472.00
2026-03-09,2026-03-09T00:00:00.000Z,771,202600335,1577125,"MDA USA LLC – Lawrenceburg, TN",2026-01-22,10115.40
2026-03-09,2026-03-09T00:00:00.000Z,771,202600969,1319905,"Daikin Comfort Technologies Mfg., Inc.",2026-02-24,9926.88
2026-03-09,2026-03-09T00:00:00.000Z,771,202507774,1577106,Modine Mfg Co. - MO,2025-12-16,9725.10
2026-03-09,2026-03-09T00:00:00.000Z,771,202600205,1275202,Fasco Cassville RBC,2026-01-16,9689.60
2026-03-09,2026-03-09T00:00:00.000Z,771,202507796,1577125,"MDA USA LLC – Lawrenceburg, TN",2025-12-17,9675.60
2026-03-09,2026-03-09T00:00:00.000Z,771,202600995,1852803,Triangle Manufacturing Company,2026-02-25,9593.76
2026-03-09,2026-03-09T00:00:00.000Z,771,202600025,1520804,LII Mexico Holdings LTD,2026-01-06,8940.80
2026-03-09,2026-03-09T00:00:00.000Z,771,202600267,1577118,Modine Mfg Co. - Texas,2026-01-20,8850.24
2026-03-09,2026-03-09T00:00:00.000Z,771,202600959,1319905,"Daikin Comfort Technologies Mfg., Inc.",2026-02-20,8755.25
2026-03-09,2026-03-09T00:00:00.000Z,771,202600759,1928301,Weil-McLain,2026-02-16,8692.69
2026-03-09,2026-03-09T00:00:00.000Z,771,202507267,1577125,"MDA USA LLC – Lawrenceburg, TN",2025-11-11,7916.40
2026-03-09,2026-03-09T00:00:00.000Z,771,202600446,1822501,Supply Technologies,2026-01-30,7588.80
2026-03-09,2026-03-09T00:00:00.000Z,771,202600801,1577106,Modine Mfg Co. - MO,2026-02-17,7184.00
2026-03-09,2026-03-09T00:00:00.000Z,771,202601085,1319905,"Daikin Comfort Technologies Mfg., Inc.",2026-02-27,7004.20
2026-03-09,2026-03-09T00:00:00.000Z,771,202601128,1319905,"Daikin Comfort Technologies Mfg., Inc.",2026-03-02,7004.20
2026-03-09,2026-03-09T00:00:00.000Z,771,202601259,1319905,"Daikin Comfort Technologies Mfg., Inc.",2026-03-06,7004.20
2026-03-09,2026-03-09T00:00:00.000Z,771,202507357,1577118,Modine Mfg Co. - Texas,2025-11-18,6883.52
2026-03-09,2026-03-09T00:00:00.000Z,771,202601059,1319905,"Daikin Comfort Technologies Mfg., Inc.",2026-02-27,6617.92
2026-03-09,2026-03-09T00:00:00.000Z,771,202507617,1577107,Modine Mfg Co. - VA,2025-12-08,6605.90
2026-03-09,2026-03-09T00:00:00.000Z,771,202507797,1577107,Modine Mfg Co. - VA,2025-12-17,6605.90
2026-03-09,2026-03-09T00:00:00.000Z,771,202600128,1577107,Modine Mfg Co. - VA,2026-01-12,6605.90
2026-03-09,2026-03-09T00:00:00.000Z,771,202600535,1577107,Modine Mfg Co. - VA,2026-02-04,6605.90
2026-03-09,2026-03-09T00:00:00.000Z,771,202600610,1577107,Modine Mfg Co. - VA,2026-02-09,6605.90
2026-03-09,2026-03-09T00:00:00.000Z,771,202600892,1577107,Modine Mfg Co. - VA,2026-02-23,6605.90
2026-03-09,2026-03-09T00:00:00.000Z,771,202601271,1577107,Modine Mfg Co. - VA,2026-03-09,6605.90
2026-03-09,2026-03-09T00:00:00.000Z,771,202600318,1520802,Lennox Industries Mfg Plant,2026-01-22,6458.40
2026-03-09,2026-03-09T00:00:00.000Z,771,202600238,1822501,Supply Technologies,2026-01-19,6297.20
2026-03-09,2026-03-09T00:00:00.000Z,771,202600424,1275203,Fasco Piedras Negras RBC,2026-01-29,6283.20
2026-03-09,2026-03-09T00:00:00.000Z,771,202600768,1520804,LII Mexico Holdings LTD,2026-02-16,6283.20
2026-03-09,2026-03-09T00:00:00.000Z,771,202600765,1520804,LII Mexico Holdings LTD,2026-02-16,6264.32
2026-03-09,2026-03-09T00:00:00.000Z,771,202601102,1520804,LII Mexico Holdings LTD,2026-03-02,6264.32
2026-03-09,2026-03-09T00:00:00.000Z,771,202601256,1319905,"Daikin Comfort Technologies Mfg., Inc.",2026-03-06,5828.80
2026-03-09,2026-03-09T00:00:00.000Z,771,202601027,1275203,Fasco Piedras Negras RBC,2026-02-26,5759.60
2026-03-09,2026-03-09T00:00:00.000Z,771,202600317,1520802,Lennox Industries Mfg Plant,2026-01-22,5756.40
2026-03-09,2026-03-09T00:00:00.000Z,771,202600028,1520804,LII Mexico Holdings LTD,2026-01-06,5544.00
2026-03-09,2026-03-09T00:00:00.000Z,771,202506941,1319905,"Daikin Comfort Technologies Mfg., Inc.",2025-10-24,5500.00
2026-03-09,2026-03-09T00:00:00.000Z,771,202600721,1283301,First Company,2026-02-13,5491.64
2026-03-09,2026-03-09T00:00:00.000Z,771,202507649,1577106,Modine Mfg Co. - MO,2025-12-09,5388.00
2026-03-09,2026-03-09T00:00:00.000Z,771,202601263,1319905,"Daikin Comfort Technologies Mfg., Inc.",2026-03-06,5296.90
2026-03-09,2026-03-09T00:00:00.000Z,771,202600897,1319905,"Daikin Comfort Technologies Mfg., Inc.",2026-02-23,5110.27
2026-03-09,2026-03-09T00:00:00.000Z,771,202601109,1319905,"Daikin Comfort Technologies Mfg., Inc.",2026-03-02,5110.27
2026-03-09,2026-03-09T00:00:00.000Z,771,202600964,1319905,"Daikin Comfort Technologies Mfg., Inc.",2026-02-20,5108.16
2026-03-09,2026-03-09T00:00:00.000Z,771,202600965,1319905,"Daikin Comfort Technologies Mfg., Inc.",2026-02-20,5040.00
2026-03-09,2026-03-09T00:00:00.000Z,771,202600289,1520801,Lennox Industries,2026-01-21,5013.96
2026-03-09,2026-03-09T00:00:00.000Z,771,202507648,1577106,Modine Mfg Co. - MO,2025-12-09,5009.90
2026-03-09,2026-03-09T00:00:00.000Z,771,202600929,1319905,"Daikin Comfort Technologies Mfg., Inc.",2026-02-20,4970.00
2026-03-09,2026-03-09T00:00:00.000Z,771,202600031,1275203,Fasco Piedras Negras RBC,2026-01-06,4864.00
2026-03-09,2026-03-09T00:00:00.000Z,771,202600607,1275203,Fasco Piedras Negras RBC,2026-02-09,4864.00
2026-03-09,2026-03-09T00:00:00.000Z,771,202600966,1319905,"Daikin Comfort Technologies Mfg., Inc.",2026-02-20,4766.54
2026-03-09,2026-03-09T00:00:00.000Z,771,202601092,1928301,Weil-McLain,2026-03-02,4706.40
2026-03-09,2026-03-09T00:00:00.000Z,771,202601203,1319905,"Daikin Comfort Technologies Mfg., Inc.",2026-03-05,4599.24
2026-03-09,2026-03-09T00:00:00.000Z,771,202600722,1283301,First Company,2026-02-13,4486.00
2026-03-09,2026-03-09T00:00:00.000Z,771,202600883,1283301,First Company,2026-02-23,4486.00
2026-03-09,2026-03-09T00:00:00.000Z,771,202600231,1520804,LII Mexico Holdings LTD,2026-01-19,4470.40
2026-03-09,2026-03-09T00:00:00.000Z,771,202601101,1520804,LII Mexico Holdings LTD,2026-03-02,4470.40
2026-03-09,2026-03-09T00:00:00.000Z,771,202600758,1822501,Supply Technologies,2026-02-16,4389.00
2026-03-09,2026-03-09T00:00:00.000Z,771,202601052,1319905,"Daikin Comfort Technologies Mfg., Inc.",2026-02-27,4334.40
2026-03-09,2026-03-09T00:00:00.000Z,771,202601218,1520802,Lennox Industries Mfg Plant,2026-03-06,4305.60
2026-03-09,2026-03-09T00:00:00.000Z,771,202600071,1520801,Lennox Industries,2026-01-07,4297.68
2026-03-09,2026-03-09T00:00:00.000Z,771,202600461,1520801,Lennox Industries,2026-01-30,4297.68
2026-03-09,2026-03-09T00:00:00.000Z,771,202600935,1319905,"Daikin Comfort Technologies Mfg., Inc.",2026-02-20,4296.10
2026-03-09,2026-03-09T00:00:00.000Z,771,202601058,1319905,"Daikin Comfort Technologies Mfg., Inc.",2026-02-27,4296.10
2026-03-09,2026-03-09T00:00:00.000Z,771,202601186,1319904,Daikin Parts Distribution Center,2026-03-05,4280.07
2026-03-09,2026-03-09T00:00:00.000Z,771,202601091,1319905,"Daikin Comfort Technologies Mfg., Inc.",2026-02-27,4274.20
2026-03-09,2026-03-09T00:00:00.000Z,771,202600922,1319905,"Daikin Comfort Technologies Mfg., Inc.",2026-02-20,4267.96
2026-03-09,2026-03-09T00:00:00.000Z,771,202600997,1319905,"Daikin Comfort Technologies Mfg., Inc.",2026-02-25,4267.96
2026-03-09,2026-03-09T00:00:00.000Z,771,202600904,1319905,"Daikin Comfort Technologies Mfg., Inc.",2026-02-23,4243.97
2026-03-09,2026-03-09T00:00:00.000Z,771,202600974,1319905,"Daikin Comfort Technologies Mfg., Inc.",2026-02-24,4243.97
2026-03-09,2026-03-09T00:00:00.000Z,771,202600876,1577118,Modine Mfg Co. - Texas,2026-02-20,4174.80
2026-03-09,2026-03-09T00:00:00.000Z,771,202600963,1319905,"Daikin Comfort Technologies Mfg., Inc.",2026-02-20,4170.96
2026-03-09,2026-03-09T00:00:00.000Z,771,202601155,1319905,"Daikin Comfort Technologies Mfg., Inc.",2026-03-03,4112.70
2026-03-09,2026-03-09T00:00:00.000Z,771,202600444,1822501,Supply Technologies,2026-01-30,4110.60
2026-03-09,2026-03-09T00:00:00.000Z,771,202600605,1822501,Supply Technologies,2026-02-09,4110.60
2026-03-09,2026-03-09T00:00:00.000Z,771,202601265,1822501,Supply Technologies,2026-03-09,4110.60
2026-03-09,2026-03-09T00:00:00.000Z,771,202601185,1319904,Daikin Parts Distribution Center,2026-03-05,4105.92
2026-03-09,2026-03-09T00:00:00.000Z,771,202600761,1928301,Weil-McLain,2026-02-16,3995.20
2026-03-09,2026-03-09T00:00:00.000Z,771,202600086,1275602,Fastenal Company,2026-01-08,3986.00
2026-03-09,2026-03-09T00:00:00.000Z,771,202600760,1928301,Weil-McLain,2026-02-16,3980.49
2026-03-09,2026-03-09T00:00:00.000Z,771,202507739,1456501,Jakel Motors - Regal Beloit,2025-12-15,3942.02
2026-03-09,2026-03-09T00:00:00.000Z,771,202600836,1520801,Lennox Industries,2026-02-18,3820.16
2026-03-09,2026-03-09T00:00:00.000Z,771,202600882,1283301,First Company,2026-02-23,3744.30
2026-03-09,2026-03-09T00:00:00.000Z,771,202601089,1319905,"Daikin Comfort Technologies Mfg., Inc.",2026-02-27,3734.46
2026-03-09,2026-03-09T00:00:00.000Z,771,202600122,1822501,Supply Technologies,2026-01-12,3705.00
2026-03-09,2026-03-09T00:00:00.000Z,771,202600921,1742201,Rheem,2026-02-20,3700.00
2026-03-09,2026-03-09T00:00:00.000Z,771,202600646,1577106,Modine Mfg Co. - MO,2026-02-10,3592.00
2026-03-09,2026-03-09T00:00:00.000Z,771,202600895,1319905,"Daikin Comfort Technologies Mfg., Inc.",2026-02-23,3565.80
2026-03-09,2026-03-09T00:00:00.000Z,771,202600967,1319905,"Daikin Comfort Technologies Mfg., Inc.",2026-02-24,3536.64
2026-03-09,2026-03-09T00:00:00.000Z,771,202601137,1319905,"Daikin Comfort Technologies Mfg., Inc.",2026-03-03,3536.64
2026-03-09,2026-03-09T00:00:00.000Z,771,202601163,1319905,"Daikin Comfort Technologies Mfg., Inc.",2026-03-04,3536.64
2026-03-09,2026-03-09T00:00:00.000Z,771,202601198,1319905,"Daikin Comfort Technologies Mfg., Inc.",2026-03-05,3536.64
2026-03-09,2026-03-09T00:00:00.000Z,771,202507666,1577106,Modine Mfg Co. - MO,2025-12-10,3528.00
2026-03-09,2026-03-09T00:00:00.000Z,771,202600915,1319905,"Daikin Comfort Technologies Mfg., Inc.",2026-02-23,3502.10
2026-03-09,2026-03-09T00:00:00.000Z,771,202601152,1319905,"Daikin Comfort Technologies Mfg., Inc.",2026-03-03,3502.10
2026-03-09,2026-03-09T00:00:00.000Z,771,202600971,1319905,"Daikin Comfort Technologies Mfg., Inc.",2026-02-24,3486.24
2026-03-09,2026-03-09T00:00:00.000Z,771,202601215,1319905,"Daikin Comfort Technologies Mfg., Inc.",2026-03-05,3435.26
2026-03-09,2026-03-09T00:00:00.000Z,771,202600858,1319905,"Daikin Comfort Technologies Mfg., Inc.",2026-02-19,3431.09
2026-03-09,2026-03-09T00:00:00.000Z,771,202600900,1319905,"Daikin Comfort Technologies Mfg., Inc.",2026-02-23,3423.38
2026-03-09,2026-03-09T00:00:00.000Z,771,202601112,1319905,"Daikin Comfort Technologies Mfg., Inc.",2026-03-02,3423.38
2026-03-09,2026-03-09T00:00:00.000Z,771,202600448,1822501,Supply Technologies,2026-01-30,3393.54
2026-03-09,2026-03-09T00:00:00.000Z,771,202601113,1319905,"Daikin Comfort Technologies Mfg., Inc.",2026-03-02,3350.88
2026-03-09,2026-03-09T00:00:00.000Z,771,202600859,1319905,"Daikin Comfort Technologies Mfg., Inc.",2026-02-19,3308.96
2026-03-09,2026-03-09T00:00:00.000Z,771,202600898,1319905,"Daikin Comfort Technologies Mfg., Inc.",2026-02-23,3308.96
2026-03-09,2026-03-09T00:00:00.000Z,771,202601003,1319905,"Daikin Comfort Technologies Mfg., Inc.",2026-02-25,3308.96
2026-03-09,2026-03-09T00:00:00.000Z,771,202601110,1319905,"Daikin Comfort Technologies Mfg., Inc.",2026-03-02,3308.96
2026-03-09,2026-03-09T00:00:00.000Z,771,202601139,1319905,"Daikin Comfort Technologies Mfg., Inc.",2026-03-03,3308.96
2026-03-09,2026-03-09T00:00:00.000Z,771,202601164,1319905,"Daikin Comfort Technologies Mfg., Inc.",2026-03-04,3308.96
2026-03-09,2026-03-09T00:00:00.000Z,771,202601199,1319905,"Daikin Comfort Technologies Mfg., Inc.",2026-03-05,3308.96
2026-03-09,2026-03-09T00:00:00.000Z,771,202601235,1319905,"Daikin Comfort Technologies Mfg., Inc.",2026-03-06,3308.96
2026-03-09,2026-03-09T00:00:00.000Z,771,202600769,1520804,LII Mexico Holdings LTD,2026-02-16,3199.68
2026-03-09,2026-03-09T00:00:00.000Z,771,202600316,1128103,CAPCOM,2026-01-22,3189.68
2026-03-09,2026-03-09T00:00:00.000Z,771,202601119,1319905,"Daikin Comfort Technologies Mfg., Inc.",2026-03-02,3174.80
2026-03-09,2026-03-09T00:00:00.000Z,771,202600604,1822501,Supply Technologies,2026-02-09,3162.00
2026-03-09,2026-03-09T00:00:00.000Z,771,202600026,1520804,LII Mexico Holdings LTD,2026-01-06,3132.16
2026-03-09,2026-03-09T00:00:00.000Z,771,202600129,1520804,LII Mexico Holdings LTD,2026-01-12,3132.16
2026-03-09,2026-03-09T00:00:00.000Z,771,202600232,1520804,LII Mexico Holdings LTD,2026-01-19,3132.16
2026-03-09,2026-03-09T00:00:00.000Z,771,202600609,1456501,Jakel Motors - Regal Beloit,2026-02-09,3120.00
2026-03-09,2026-03-09T00:00:00.000Z,771,202601118,1319905,"Daikin Comfort Technologies Mfg., Inc.",2026-03-02,3108.84
2026-03-09,2026-03-09T00:00:00.000Z,771,202600163,1822501,Supply Technologies,2026-01-14,3104.00
2026-03-09,2026-03-09T00:00:00.000Z,771,202601159,1520801,Lennox Industries,2026-03-04,3078.70
2026-03-09,2026-03-09T00:00:00.000Z,771,202600800,1577106,Modine Mfg Co. - MO,2026-02-17,3008.00
2026-03-09,2026-03-09T00:00:00.000Z,771,202507771,1577118,Modine Mfg Co. - Texas,2025-12-16,2982.00
2026-03-09,2026-03-09T00:00:00.000Z,771,202600315,1839209,Therma-Tru Doors -  Mexico,2026-01-22,2875.00
2026-03-09,2026-03-09T00:00:00.000Z,771,202601234,1319905,"Daikin Comfort Technologies Mfg., Inc.",2026-03-06,2864.06
2026-03-09,2026-03-09T00:00:00.000Z,771,202600443,1822501,Supply Technologies,2026-01-30,2845.80
2026-03-09,2026-03-09T00:00:00.000Z,771,202600861,1319905,"Daikin Comfort Technologies Mfg., Inc.",2026-02-19,2840.64
2026-03-09,2026-03-09T00:00:00.000Z,771,202601269,1577118,Modine Mfg Co. - Texas,2026-03-09,2809.28
2026-03-09,2026-03-09T00:00:00.000Z,771,202601211,1319905,"Daikin Comfort Technologies Mfg., Inc.",2026-03-05,2801.68
2026-03-09,2026-03-09T00:00:00.000Z,771,202600030,1275203,Fasco Piedras Negras RBC,2026-01-06,2798.00
2026-03-09,2026-03-09T00:00:00.000Z,771,202600899,1319905,"Daikin Comfort Technologies Mfg., Inc.",2026-02-23,2790.20
2026-03-09,2026-03-09T00:00:00.000Z,771,202601251,1319905,"Daikin Comfort Technologies Mfg., Inc.",2026-03-06,2774.40
2026-03-09,2026-03-09T00:00:00.000Z,771,202601013,1319905,"Daikin Comfort Technologies Mfg., Inc.",2026-02-25,2757.00
2026-03-09,2026-03-09T00:00:00.000Z,771,202601116,1319905,"Daikin Comfort Technologies Mfg., Inc.",2026-03-02,2744.76
2026-03-09,2026-03-09T00:00:00.000Z,771,202600872,1319905,"Daikin Comfort Technologies Mfg., Inc.",2026-02-19,2714.40
2026-03-09,2026-03-09T00:00:00.000Z,771,202600916,1319905,"Daikin Comfort Technologies Mfg., Inc.",2026-02-23,2714.40
2026-03-09,2026-03-09T00:00:00.000Z,771,202600962,1319905,"Daikin Comfort Technologies Mfg., Inc.",2026-02-20,2714.40
2026-03-09,2026-03-09T00:00:00.000Z,771,202601025,1319905,"Daikin Comfort Technologies Mfg., Inc.",2026-02-25,2714.40
2026-03-09,2026-03-09T00:00:00.000Z,771,202601039,1319905,"Daikin Comfort Technologies Mfg., Inc.",2026-02-26,2714.40
2026-03-09,2026-03-09T00:00:00.000Z,771,202601088,1319905,"Daikin Comfort Technologies Mfg., Inc.",2026-02-27,2714.40
2026-03-09,2026-03-09T00:00:00.000Z,771,202601154,1319905,"Daikin Comfort Technologies Mfg., Inc.",2026-03-03,2714.40
2026-03-09,2026-03-09T00:00:00.000Z,771,202601182,1319905,"Daikin Comfort Technologies Mfg., Inc.",2026-03-04,2714.40
2026-03-09,2026-03-09T00:00:00.000Z,771,202601262,1319905,"Daikin Comfort Technologies Mfg., Inc.",2026-03-06,2714.40
2026-03-09,2026-03-09T00:00:00.000Z,771,202601141,1319905,"Daikin Comfort Technologies Mfg., Inc.",2026-03-03,2590.90
2026-03-09,2026-03-09T00:00:00.000Z,771,202601114,1319905,"Daikin Comfort Technologies Mfg., Inc.",2026-03-02,2582.40
2026-03-09,2026-03-09T00:00:00.000Z,771,202507733,1456501,Jakel Motors - Regal Beloit,2025-12-15,2564.00
2026-03-09,2026-03-09T00:00:00.000Z,771,202600241,1456501,Jakel Motors - Regal Beloit,2026-01-19,2564.00
2026-03-09,2026-03-09T00:00:00.000Z,771,202601160,1456501,Jakel Motors - Regal Beloit,2026-03-04,2564.00
2026-03-09,2026-03-09T00:00:00.000Z,771,202600968,1319905,"Daikin Comfort Technologies Mfg., Inc.",2026-02-24,2555.14
2026-03-09,2026-03-09T00:00:00.000Z,771,202601057,1319905,"Daikin Comfort Technologies Mfg., Inc.",2026-02-27,2555.14
2026-03-09,2026-03-09T00:00:00.000Z,771,202601138,1319905,"Daikin Comfort Technologies Mfg., Inc.",2026-03-03,2555.14
2026-03-09,2026-03-09T00:00:00.000Z,771,202600905,1319905,"Daikin Comfort Technologies Mfg., Inc.",2026-02-23,2538.22
2026-03-09,2026-03-09T00:00:00.000Z,771,202600943,1319905,"Daikin Comfort Technologies Mfg., Inc.",2026-02-20,2538.22
2026-03-09,2026-03-09T00:00:00.000Z,771,202601117,1319905,"Daikin Comfort Technologies Mfg., Inc.",2026-03-02,2538.22
2026-03-09,2026-03-09T00:00:00.000Z,771,202601245,1319905,"Daikin Comfort Technologies Mfg., Inc.",2026-03-06,2538.22
2026-03-09,2026-03-09T00:00:00.000Z,771,202600462,1520801,Lennox Industries,2026-01-30,2535.40
2026-03-09,2026-03-09T00:00:00.000Z,771,202600701,1567903,"Mestek, Inc. - MA",2026-02-12,2462.40
2026-03-09,2026-03-09T00:00:00.000Z,771,202507498,1456501,Jakel Motors - Regal Beloit,2025-12-01,2456.40
2026-03-09,2026-03-09T00:00:00.000Z,771,202600556,1456501,Jakel Motors - Regal Beloit,2026-02-05,2456.40
2026-03-09,2026-03-09T00:00:00.000Z,771,202600679,1456501,Jakel Motors - Regal Beloit,2026-02-11,2456.40
2026-03-09,2026-03-09T00:00:00.000Z,771,202600890,1456501,Jakel Motors - Regal Beloit,2026-02-23,2456.40
2026-03-09,2026-03-09T00:00:00.000Z,771,202601095,1456501,Jakel Motors - Regal Beloit,2026-03-02,2456.40
2026-03-09,2026-03-09T00:00:00.000Z,771,202600901,1319905,"Daikin Comfort Technologies Mfg., Inc.",2026-02-23,2448.72
2026-03-09,2026-03-09T00:00:00.000Z,771,202600235,1520804,LII Mexico Holdings LTD,2026-01-19,2402.40
2026-03-09,2026-03-09T00:00:00.000Z,771,202600862,1319905,"Daikin Comfort Technologies Mfg., Inc.",2026-02-19,2395.73
2026-03-09,2026-03-09T00:00:00.000Z,771,202601070,1319905,"Daikin Comfort Technologies Mfg., Inc.",2026-02-27,2395.73
2026-03-09,2026-03-09T00:00:00.000Z,771,202601204,1319905,"Daikin Comfort Technologies Mfg., Inc.",2026-03-05,2395.73
2026-03-09,2026-03-09T00:00:00.000Z,771,202601244,1319905,"Daikin Comfort Technologies Mfg., Inc.",2026-03-06,2395.73
2026-03-09,2026-03-09T00:00:00.000Z,771,202601084,1319905,"Daikin Comfort Technologies Mfg., Inc.",2026-02-27,2335.50
2026-03-09,2026-03-09T00:00:00.000Z,771,202600489,1275203,Fasco Piedras Negras RBC,2026-02-02,2306.56
2026-03-09,2026-03-09T00:00:00.000Z,771,202600554,1820701,Suburban Manufacturing,2026-02-05,2300.00
2026-03-09,2026-03-09T00:00:00.000Z,771,202601069,1319905,"Daikin Comfort Technologies Mfg., Inc.",2026-02-27,2299.62
2026-03-09,2026-03-09T00:00:00.000Z,771,202507665,1545903,Marathon Electric (WEG),2025-12-10,2285.78
2026-03-09,2026-03-09T00:00:00.000Z,771,202507687,1975001,JC Residential and Light Commercial LLC,2025-12-11,2272.00
2026-03-09,2026-03-09T00:00:00.000Z,771,202600557,1975001,JC Residential and Light Commercial LLC,2026-02-05,2272.00
2026-03-09,2026-03-09T00:00:00.000Z,771,202601104,1520804,LII Mexico Holdings LTD,2026-03-02,2217.60
2026-03-09,2026-03-09T00:00:00.000Z,771,202600290,1520801,Lennox Industries,2026-01-21,2173.20
2026-03-09,2026-03-09T00:00:00.000Z,771,202600123,1822501,Supply Technologies,2026-01-12,2150.12
2026-03-09,2026-03-09T00:00:00.000Z,771,202601143,1319905,"Daikin Comfort Technologies Mfg., Inc.",2026-03-03,2121.98
2026-03-09,2026-03-09T00:00:00.000Z,771,202601169,1319905,"Daikin Comfort Technologies Mfg., Inc.",2026-03-04,2121.98
2026-03-09,2026-03-09T00:00:00.000Z,771,202507505,1275203,Fasco Piedras Negras RBC,2025-12-01,2094.40
2026-03-09,2026-03-09T00:00:00.000Z,771,202507528,1275203,Fasco Piedras Negras RBC,2025-12-01,2094.40
2026-03-09,2026-03-09T00:00:00.000Z,771,202507529,1275203,Fasco Piedras Negras RBC,2025-12-01,2094.40
2026-03-09,2026-03-09T00:00:00.000Z,771,202600950,1319905,"Daikin Comfort Technologies Mfg., Inc.",2026-02-20,2080.80
2026-03-09,2026-03-09T00:00:00.000Z,771,202600680,1456501,Jakel Motors - Regal Beloit,2026-02-11,2052.34
2026-03-09,2026-03-09T00:00:00.000Z,771,202600681,1456501,Jakel Motors - Regal Beloit,2026-02-11,2052.34
2026-03-09,2026-03-09T00:00:00.000Z,771,202507004,1577118,Modine Mfg Co. - Texas,2025-10-28,1993.20
2026-03-09,2026-03-09T00:00:00.000Z,771,202507770,1577118,Modine Mfg Co. - Texas,2025-12-16,1993.20
2026-03-09,2026-03-09T00:00:00.000Z,771,202600322,1577118,Modine Mfg Co. - Texas,2026-01-22,1993.20
2026-03-09,2026-03-09T00:00:00.000Z,771,202601195,1577118,Modine Mfg Co. - Texas,2026-03-05,1993.20
2026-03-09,2026-03-09T00:00:00.000Z,771,202600491,1367101,"HM Product Solutions, Ltd.",2026-02-02,1992.80
2026-03-09,2026-03-09T00:00:00.000Z,771,202600837,1520801,Lennox Industries,2026-02-18,1992.10
2026-03-09,2026-03-09T00:00:00.000Z,771,202600244,1456501,Jakel Motors - Regal Beloit,2026-01-19,1971.01
2026-03-09,2026-03-09T00:00:00.000Z,771,202601075,1319905,"Daikin Comfort Technologies Mfg., Inc.",2026-02-27,1965.20
2026-03-09,2026-03-09T00:00:00.000Z,771,202601192,1852803,Triangle Manufacturing Company,2026-03-05,1956.90
2026-03-09,2026-03-09T00:00:00.000Z,771,202601223,1615801,"NuStep, LLC",2026-03-06,1937.50
2026-03-09,2026-03-09T00:00:00.000Z,771,202601202,1319905,"Daikin Comfort Technologies Mfg., Inc.",2026-03-05,1936.80
2026-03-09,2026-03-09T00:00:00.000Z,771,202601063,1319905,"Daikin Comfort Technologies Mfg., Inc.",2026-02-27,1933.20
2026-03-09,2026-03-09T00:00:00.000Z,771,202600994,1822501,Supply Technologies,2026-02-25,1906.08
2026-03-09,2026-03-09T00:00:00.000Z,771,202600452,1577102,Modine Mfg Co. - TN,2026-01-30,1880.20
2026-03-09,2026-03-09T00:00:00.000Z,771,202600445,1822501,Supply Technologies,2026-01-30,1852.50
2026-03-09,2026-03-09T00:00:00.000Z,771,202600447,1822501,Supply Technologies,2026-01-30,1852.50
2026-03-09,2026-03-09T00:00:00.000Z,771,202507500,1456501,Jakel Motors - Regal Beloit,2025-12-01,1842.30
2026-03-09,2026-03-09T00:00:00.000Z,771,202600243,1456501,Jakel Motors - Regal Beloit,2026-01-19,1842.30
2026-03-09,2026-03-09T00:00:00.000Z,771,202600072,1520801,Lennox Industries,2026-01-07,1811.00
2026-03-09,2026-03-09T00:00:00.000Z,771,202600323,1577118,Modine Mfg Co. - Texas,2026-01-22,1789.20
2026-03-09,2026-03-09T00:00:00.000Z,771,202600032,1275203,Fasco Piedras Negras RBC,2026-01-06,1784.00
2026-03-09,2026-03-09T00:00:00.000Z,771,202600608,1275203,Fasco Piedras Negras RBC,2026-02-09,1784.00
2026-03-09,2026-03-09T00:00:00.000Z,771,202600934,1319905,"Daikin Comfort Technologies Mfg., Inc.",2026-02-20,1768.32
2026-03-09,2026-03-09T00:00:00.000Z,771,202601030,1319905,"Daikin Comfort Technologies Mfg., Inc.",2026-02-26,1768.32
2026-03-09,2026-03-09T00:00:00.000Z,771,202601023,1319905,"Daikin Comfort Technologies Mfg., Inc.",2026-02-25,1751.05
2026-03-09,2026-03-09T00:00:00.000Z,771,202600325,1820701,Suburban Manufacturing,2026-01-22,1736.00
2026-03-09,2026-03-09T00:00:00.000Z,771,202600326,1820701,Suburban Manufacturing,2026-01-22,1736.00
2026-03-09,2026-03-09T00:00:00.000Z,771,202600674,1822501,Supply Technologies,2026-02-11,1712.00
2026-03-09,2026-03-09T00:00:00.000Z,771,202600332,1714901,Powerex Division,2026-01-22,1675.00
2026-03-09,2026-03-09T00:00:00.000Z,771,202600441,1520804,LII Mexico Holdings LTD,2026-01-30,1663.20
2026-03-09,2026-03-09T00:00:00.000Z,771,202600269,1577106,Modine Mfg Co. - MO,2026-01-20,1657.00
2026-03-09,2026-03-09T00:00:00.000Z,771,202601066,1319905,"Daikin Comfort Technologies Mfg., Inc.",2026-02-27,1597.50
2026-03-09,2026-03-09T00:00:00.000Z,771,202601252,1319905,"Daikin Comfort Technologies Mfg., Inc.",2026-03-06,1592.14
2026-03-09,2026-03-09T00:00:00.000Z,771,202600207,1011301,ADP Advanced Dist Prod,2026-01-16,1566.40
2026-03-09,2026-03-09T00:00:00.000Z,771,202601194,1011301,ADP Advanced Dist Prod,2026-03-05,1566.40
2026-03-09,2026-03-09T00:00:00.000Z,771,202600603,1822501,Supply Technologies,2026-02-09,1552.00
2026-03-09,2026-03-09T00:00:00.000Z,771,202507767,1577118,Modine Mfg Co. - Texas,2025-12-16,1550.56
2026-03-09,2026-03-09T00:00:00.000Z,771,202601167,1319905,"Daikin Comfort Technologies Mfg., Inc.",2026-03-04,1549.44
2026-03-09,2026-03-09T00:00:00.000Z,771,202601002,1319905,"Daikin Comfort Technologies Mfg., Inc.",2026-02-25,1544.21
2026-03-09,2026-03-09T00:00:00.000Z,771,202600027,1520804,LII Mexico Holdings LTD,2026-01-06,1527.00
2026-03-09,2026-03-09T00:00:00.000Z,771,202600208,1011301,ADP Advanced Dist Prod,2026-01-16,1527.00
2026-03-09,2026-03-09T00:00:00.000Z,771,202600440,1520804,LII Mexico Holdings LTD,2026-01-30,1527.00
2026-03-09,2026-03-09T00:00:00.000Z,771,202600766,1520804,LII Mexico Holdings LTD,2026-02-16,1527.00
2026-03-09,2026-03-09T00:00:00.000Z,771,202600873,1822501,Supply Technologies,2026-02-20,1518.00
2026-03-09,2026-03-09T00:00:00.000Z,771,202601111,1319905,"Daikin Comfort Technologies Mfg., Inc.",2026-03-02,1494.75
2026-03-09,2026-03-09T00:00:00.000Z,771,202600536,1275203,Fasco Piedras Negras RBC,2026-02-04,1492.00
2026-03-09,2026-03-09T00:00:00.000Z,771,202600927,1319905,"Daikin Comfort Technologies Mfg., Inc.",2026-02-20,1485.75
2026-03-09,2026-03-09T00:00:00.000Z,771,202600676,1034704,Allied Air Enterprises,2026-02-11,1484.24
2026-03-09,2026-03-09T00:00:00.000Z,771,202600234,1520804,LII Mexico Holdings LTD,2026-01-19,1477.50
2026-03-09,2026-03-09T00:00:00.000Z,771,202600767,1520804,LII Mexico Holdings LTD,2026-02-16,1477.50
2026-03-09,2026-03-09T00:00:00.000Z,771,202601076,1319905,"Daikin Comfort Technologies Mfg., Inc.",2026-02-27,1469.66
2026-03-09,2026-03-09T00:00:00.000Z,771,202600877,1577118,Modine Mfg Co. - Texas,2026-02-20,1463.76
2026-03-09,2026-03-09T00:00:00.000Z,771,202600029,1520804,LII Mexico Holdings LTD,2026-01-06,1454.40
2026-03-09,2026-03-09T00:00:00.000Z,771,202600755,1319903,Daikin - SLP MX,2026-02-16,1449.00
2026-03-09,2026-03-09T00:00:00.000Z,771,202601216,1520802,Lennox Industries Mfg Plant,2026-03-06,1439.10
2026-03-09,2026-03-09T00:00:00.000Z,771,202601240,1319905,"Daikin Comfort Technologies Mfg., Inc.",2026-03-06,1420.32
2026-03-09,2026-03-09T00:00:00.000Z,771,202601266,1822501,Supply Technologies,2026-03-09,1413.75
2026-03-09,2026-03-09T00:00:00.000Z,771,202600024,1520804,LII Mexico Holdings LTD,2026-01-06,1387.20
2026-03-09,2026-03-09T00:00:00.000Z,771,202600070,1520801,Lennox Industries,2026-01-07,1387.20
2026-03-09,2026-03-09T00:00:00.000Z,771,202600230,1520804,LII Mexico Holdings LTD,2026-01-19,1387.20
2026-03-09,2026-03-09T00:00:00.000Z,771,202600763,1520804,LII Mexico Holdings LTD,2026-02-16,1387.20
2026-03-09,2026-03-09T00:00:00.000Z,771,202601100,1520804,LII Mexico Holdings LTD,2026-03-02,1387.20
2026-03-09,2026-03-09T00:00:00.000Z,771,202601098,1577102,Modine Mfg Co. - TN,2026-03-02,1379.62
2026-03-09,2026-03-09T00:00:00.000Z,771,202600946,1319905,"Daikin Comfort Technologies Mfg., Inc.",2026-02-20,1378.50
2026-03-09,2026-03-09T00:00:00.000Z,771,202601054,1319905,"Daikin Comfort Technologies Mfg., Inc.",2026-02-27,1374.68
2026-03-09,2026-03-09T00:00:00.000Z,771,202600754,1319903,Daikin - SLP MX,2026-02-16,1369.20
2026-03-09,2026-03-09T00:00:00.000Z,771,202601120,1319905,"Daikin Comfort Technologies Mfg., Inc.",2026-03-02,1369.20
2026-03-09,2026-03-09T00:00:00.000Z,771,202600960,1319905,"Daikin Comfort Technologies Mfg., Inc.",2026-02-20,1360.80
2026-03-09,2026-03-09T00:00:00.000Z,771,202600931,1319905,"Daikin Comfort Technologies Mfg., Inc.",2026-02-20,1335.82
2026-03-09,2026-03-09T00:00:00.000Z,771,202601135,1319905,"Daikin Comfort Technologies Mfg., Inc.",2026-03-03,1335.82
2026-03-09,2026-03-09T00:00:00.000Z,771,202600752,1319903,Daikin - SLP MX,2026-02-16,1334.80
2026-03-09,2026-03-09T00:00:00.000Z,771,202601078,1319905,"Daikin Comfort Technologies Mfg., Inc.",2026-02-27,1317.12
2026-03-09,2026-03-09T00:00:00.000Z,771,202600573,1011301,ADP Advanced Dist Prod,2026-02-06,1308.80
2026-03-09,2026-03-09T00:00:00.000Z,771,202601239,1319905,"Daikin Comfort Technologies Mfg., Inc.",2026-03-06,1288.80
2026-03-09,2026-03-09T00:00:00.000Z,771,202600932,1319905,"Daikin Comfort Technologies Mfg., Inc.",2026-02-20,1286.81
2026-03-09,2026-03-09T00:00:00.000Z,771,202601231,1319905,"Daikin Comfort Technologies Mfg., Inc.",2026-03-06,1286.81
2026-03-09,2026-03-09T00:00:00.000Z,771,202507735,1456501,Jakel Motors - Regal Beloit,2025-12-15,1282.00
2026-03-09,2026-03-09T00:00:00.000Z,771,202600041,1456501,Jakel Motors - Regal Beloit,2026-01-06,1282.00
2026-03-09,2026-03-09T00:00:00.000Z,771,202600132,1456501,Jakel Motors - Regal Beloit,2026-01-12,1282.00
2026-03-09,2026-03-09T00:00:00.000Z,771,202600329,1456501,Jakel Motors - Regal Beloit,2026-01-22,1282.00
2026-03-09,2026-03-09T00:00:00.000Z,771,202600450,1456501,Jakel Motors - Regal Beloit,2026-01-30,1282.00
2026-03-09,2026-03-09T00:00:00.000Z,771,202600677,1456501,Jakel Motors - Regal Beloit,2026-02-11,1282.00
2026-03-09,2026-03-09T00:00:00.000Z,771,202600887,1456501,Jakel Motors - Regal Beloit,2026-02-23,1282.00
2026-03-09,2026-03-09T00:00:00.000Z,771,202600889,1456501,Jakel Motors - Regal Beloit,2026-02-23,1282.00
2026-03-09,2026-03-09T00:00:00.000Z,771,202601157,1456501,Jakel Motors - Regal Beloit,2026-03-04,1282.00
2026-03-09,2026-03-09T00:00:00.000Z,771,202601001,1319905,"Daikin Comfort Technologies Mfg., Inc.",2026-02-25,1277.57
2026-03-09,2026-03-09T00:00:00.000Z,771,202507497,1456501,Jakel Motors - Regal Beloit,2025-12-01,1268.40
2026-03-09,2026-03-09T00:00:00.000Z,771,202600453,1577106,Modine Mfg Co. - MO,2026-01-30,1261.40
2026-03-09,2026-03-09T00:00:00.000Z,771,202600574,1011301,ADP Advanced Dist Prod,2026-02-06,1242.60
2026-03-09,2026-03-09T00:00:00.000Z,771,202601238,1319905,"Daikin Comfort Technologies Mfg., Inc.",2026-03-06,1232.42
2026-03-09,2026-03-09T00:00:00.000Z,771,202507766,1577118,Modine Mfg Co. - Texas,2025-12-16,1219.80
2026-03-09,2026-03-09T00:00:00.000Z,771,202600331,1577106,Modine Mfg Co. - MO,2026-01-22,1192.80
2026-03-09,2026-03-09T00:00:00.000Z,771,202601130,1577106,Modine Mfg Co. - MO,2026-03-03,1192.80
2026-03-09,2026-03-09T00:00:00.000Z,771,202600572,1011301,ADP Advanced Dist Prod,2026-02-06,1183.20
2026-03-09,2026-03-09T00:00:00.000Z,771,202601036,1319905,"Daikin Comfort Technologies Mfg., Inc.",2026-02-26,1170.40
2026-03-09,2026-03-09T00:00:00.000Z,771,202507764,1520801,Lennox Industries,2025-12-16,1163.52
2026-03-09,2026-03-09T00:00:00.000Z,771,202600073,1520801,Lennox Industries,2026-01-07,1163.52
2026-03-09,2026-03-09T00:00:00.000Z,771,202600291,1520801,Lennox Industries,2026-01-21,1163.52
2026-03-09,2026-03-09T00:00:00.000Z,771,202600838,1520801,Lennox Industries,2026-02-18,1163.52
2026-03-09,2026-03-09T00:00:00.000Z,771,202601105,1520804,LII Mexico Holdings LTD,2026-03-02,1163.52
2026-03-09,2026-03-09T00:00:00.000Z,771,202601006,1319905,"Daikin Comfort Technologies Mfg., Inc.",2026-02-25,1159.92
2026-03-09,2026-03-09T00:00:00.000Z,771,202600324,1820701,Suburban Manufacturing,2026-01-22,1150.00
2026-03-09,2026-03-09T00:00:00.000Z,771,202600553,1820701,Suburban Manufacturing,2026-02-05,1150.00
2026-03-09,2026-03-09T00:00:00.000Z,771,202600183,1456501,Jakel Motors - Regal Beloit,2026-01-15,1122.00
2026-03-09,2026-03-09T00:00:00.000Z,771,202600924,1319905,"Daikin Comfort Technologies Mfg., Inc.",2026-02-20,1121.10
2026-03-09,2026-03-09T00:00:00.000Z,771,202600926,1319905,"Daikin Comfort Technologies Mfg., Inc.",2026-02-20,1119.12
2026-03-09,2026-03-09T00:00:00.000Z,771,202600182,1034704,Allied Air Enterprises,2026-01-15,1113.18
2026-03-09,2026-03-09T00:00:00.000Z,771,202600996,1034704,Allied Air Enterprises,2026-02-25,1113.18
2026-03-09,2026-03-09T00:00:00.000Z,771,202600757,1319903,Daikin - SLP MX,2026-02-16,1102.80
2026-03-09,2026-03-09T00:00:00.000Z,771,202600645,1577106,Modine Mfg Co. - MO,2026-02-10,1097.82
2026-03-09,2026-03-09T00:00:00.000Z,771,202601097,1456501,Jakel Motors - Regal Beloit,2026-03-02,1095.00
2026-03-09,2026-03-09T00:00:00.000Z,771,202600920,1839210,Thermo Products,2026-02-24,1072.50
2026-03-09,2026-03-09T00:00:00.000Z,771,202600678,1456501,Jakel Motors - Regal Beloit,2026-02-11,1070.40
2026-03-09,2026-03-09T00:00:00.000Z,771,202601123,1319905,"Daikin Comfort Technologies Mfg., Inc.",2026-03-02,1044.96
2026-03-09,2026-03-09T00:00:00.000Z,771,202601064,1319905,"Daikin Comfort Technologies Mfg., Inc.",2026-02-27,1032.96
2026-03-09,2026-03-09T00:00:00.000Z,771,202601042,1604301,New Pig Corporation,2026-02-27,1027.50
2026-03-09,2026-03-09T00:00:00.000Z,771,202601043,1604301,New Pig Corporation,2026-02-27,1024.00
2026-03-09,2026-03-09T00:00:00.000Z,771,202601193,1011301,ADP Advanced Dist Prod,2026-03-05,981.60
2026-03-09,2026-03-09T00:00:00.000Z,771,202600124,1822501,Supply Technologies,2026-01-12,977.40
2026-03-09,2026-03-09T00:00:00.000Z,771,202600576,1738501,Regal Beloit America Inc.,2026-02-06,966.72
2026-03-09,2026-03-09T00:00:00.000Z,771,202600293,1520802,Lennox Industries Mfg Plant,2026-01-21,959.40
2026-03-09,2026-03-09T00:00:00.000Z,771,202601040,1520804,LII Mexico Holdings LTD,2026-02-27,959.40
2026-03-09,2026-03-09T00:00:00.000Z,771,202601165,1319905,"Daikin Comfort Technologies Mfg., Inc.",2026-03-04,956.25
2026-03-09,2026-03-09T00:00:00.000Z,771,202601046,1839210,Thermo Products,2026-02-27,955.20
2026-03-09,2026-03-09T00:00:00.000Z,771,202600834,1520801,Lennox Industries,2026-02-18,950.00
2026-03-09,2026-03-09T00:00:00.000Z,771,202600925,1319905,"Daikin Comfort Technologies Mfg., Inc.",2026-02-20,947.94
2026-03-09,2026-03-09T00:00:00.000Z,771,202507736,1456501,Jakel Motors - Regal Beloit,2025-12-15,921.15
2026-03-09,2026-03-09T00:00:00.000Z,771,202507499,1456501,Jakel Motors - Regal Beloit,2025-12-01,916.80
2026-03-09,2026-03-09T00:00:00.000Z,771,202507616,1456501,Jakel Motors - Regal Beloit,2025-12-08,916.80
2026-03-09,2026-03-09T00:00:00.000Z,771,202600242,1456501,Jakel Motors - Regal Beloit,2026-01-19,916.80
2026-03-09,2026-03-09T00:00:00.000Z,771,202601260,1319905,"Daikin Comfort Technologies Mfg., Inc.",2026-03-06,907.20
2026-03-09,2026-03-09T00:00:00.000Z,771,202600885,1577102,Modine Mfg Co. - TN,2026-02-23,906.72
2026-03-09,2026-03-09T00:00:00.000Z,771,202600422,1275203,Fasco Piedras Negras RBC,2026-01-29,882.00
2026-03-09,2026-03-09T00:00:00.000Z,771,202600236,1520804,LII Mexico Holdings LTD,2026-01-19,872.64
2026-03-09,2026-03-09T00:00:00.000Z,771,202600442,1520804,LII Mexico Holdings LTD,2026-01-30,872.64
2026-03-09,2026-03-09T00:00:00.000Z,771,202601044,1839210,Thermo Products,2026-02-27,861.40
2026-03-09,2026-03-09T00:00:00.000Z,771,202600799,1714901,Powerex Division,2026-02-17,837.50
2026-03-09,2026-03-09T00:00:00.000Z,771,202600907,1319905,"Daikin Comfort Technologies Mfg., Inc.",2026-02-23,827.10
2026-03-09,2026-03-09T00:00:00.000Z,771,202600976,1319905,"Daikin Comfort Technologies Mfg., Inc.",2026-02-24,827.10
2026-03-09,2026-03-09T00:00:00.000Z,771,202601146,1319905,"Daikin Comfort Technologies Mfg., Inc.",2026-03-03,827.10
2026-03-09,2026-03-09T00:00:00.000Z,771,202601173,1319905,"Daikin Comfort Technologies Mfg., Inc.",2026-03-04,827.10
2026-03-09,2026-03-09T00:00:00.000Z,771,202601205,1319905,"Daikin Comfort Technologies Mfg., Inc.",2026-03-05,827.10
2026-03-09,2026-03-09T00:00:00.000Z,771,202601248,1319905,"Daikin Comfort Technologies Mfg., Inc.",2026-03-06,827.10
2026-03-09,2026-03-09T00:00:00.000Z,771,202601053,1319905,"Daikin Comfort Technologies Mfg., Inc.",2026-02-27,826.50
2026-03-09,2026-03-09T00:00:00.000Z,771,202601080,1319905,"Daikin Comfort Technologies Mfg., Inc.",2026-02-27,823.55
2026-03-09,2026-03-09T00:00:00.000Z,771,202601026,1032301,"Alkota Cleaning Systems, Inc.",2026-02-26,820.80
2026-03-09,2026-03-09T00:00:00.000Z,771,202601222,1567903,"Mestek, Inc. - MA",2026-03-06,820.80
2026-03-09,2026-03-09T00:00:00.000Z,771,202600980,1319905,"Daikin Comfort Technologies Mfg., Inc.",2026-02-24,809.20
2026-03-09,2026-03-09T00:00:00.000Z,771,202601061,1319905,"Daikin Comfort Technologies Mfg., Inc.",2026-02-27,797.20
2026-03-09,2026-03-09T00:00:00.000Z,771,202507740,1577102,Modine Mfg Co. - TN,2025-12-15,775.28
2026-03-09,2026-03-09T00:00:00.000Z,771,202600246,1577102,Modine Mfg Co. - TN,2026-01-19,775.28
2026-03-09,2026-03-09T00:00:00.000Z,771,202600762,1577102,Modine Mfg Co. - TN,2026-02-16,775.28
2026-03-09,2026-03-09T00:00:00.000Z,771,202600881,1577118,Modine Mfg Co. - Texas,2026-02-20,775.28
2026-03-09,2026-03-09T00:00:00.000Z,771,202600939,1319905,"Daikin Comfort Technologies Mfg., Inc.",2026-02-20,773.28
2026-03-09,2026-03-09T00:00:00.000Z,771,202601033,1319905,"Daikin Comfort Technologies Mfg., Inc.",2026-02-26,773.28
2026-03-09,2026-03-09T00:00:00.000Z,771,202601257,1319905,"Daikin Comfort Technologies Mfg., Inc.",2026-03-06,771.71
2026-03-09,2026-03-09T00:00:00.000Z,771,202600233,1520804,LII Mexico Holdings LTD,2026-01-19,763.50
2026-03-09,2026-03-09T00:00:00.000Z,771,202601103,1520804,LII Mexico Holdings LTD,2026-03-02,763.50
2026-03-09,2026-03-09T00:00:00.000Z,771,202600067,1034704,Allied Air Enterprises,2026-01-07,754.20
2026-03-09,2026-03-09T00:00:00.000Z,771,202600045,1714901,Powerex Division,2026-01-06,750.00
2026-03-09,2026-03-09T00:00:00.000Z,771,202600723,1714901,Powerex Division,2026-02-13,750.00
2026-03-09,2026-03-09T00:00:00.000Z,771,202601270,1714901,Powerex Division,2026-03-09,750.00
2026-03-09,2026-03-09T00:00:00.000Z,771,202600923,1319905,"Daikin Comfort Technologies Mfg., Inc.",2026-02-20,748.30
2026-03-09,2026-03-09T00:00:00.000Z,771,202600981,1319905,"Daikin Comfort Technologies Mfg., Inc.",2026-02-24,734.83
2026-03-09,2026-03-09T00:00:00.000Z,771,202600321,1577118,Modine Mfg Co. - Texas,2026-01-22,731.88
2026-03-09,2026-03-09T00:00:00.000Z,771,202507464,1456501,Jakel Motors - Regal Beloit,2025-11-24,729.20
2026-03-09,2026-03-09T00:00:00.000Z,771,202600039,1456501,Jakel Motors - Regal Beloit,2026-01-06,729.20
2026-03-09,2026-03-09T00:00:00.000Z,771,202600884,1036711,AMETEK DFS,2026-02-23,728.65
2026-03-09,2026-03-09T00:00:00.000Z,771,202507621,1738501,Regal Beloit America Inc.,2025-12-08,725.04
2026-03-09,2026-03-09T00:00:00.000Z,771,202600292,1034704,Allied Air Enterprises,2026-01-21,716.28
2026-03-09,2026-03-09T00:00:00.000Z,771,202600038,1456501,Jakel Motors - Regal Beloit,2026-01-06,713.60
2026-03-09,2026-03-09T00:00:00.000Z,771,202601180,1319905,"Daikin Comfort Technologies Mfg., Inc.",2026-03-04,700.42
2026-03-09,2026-03-09T00:00:00.000Z,771,202601032,1319905,"Daikin Comfort Technologies Mfg., Inc.",2026-02-26,697.55
2026-03-09,2026-03-09T00:00:00.000Z,771,202600288,1520801,Lennox Industries,2026-01-21,693.60
2026-03-09,2026-03-09T00:00:00.000Z,771,202600460,1520801,Lennox Industries,2026-01-30,693.60
2026-03-09,2026-03-09T00:00:00.000Z,771,202600835,1520801,Lennox Industries,2026-02-18,693.60
2026-03-09,2026-03-09T00:00:00.000Z,771,202600066,1034704,Allied Air Enterprises,2026-01-07,690.75
2026-03-09,2026-03-09T00:00:00.000Z,771,202600457,1034704,Allied Air Enterprises,2026-01-30,690.75
2026-03-09,2026-03-09T00:00:00.000Z,771,202600938,1319905,"Daikin Comfort Technologies Mfg., Inc.",2026-02-20,684.68
2026-03-09,2026-03-09T00:00:00.000Z,771,202601086,1319905,"Daikin Comfort Technologies Mfg., Inc.",2026-02-27,680.40
2026-03-09,2026-03-09T00:00:00.000Z,771,202600912,1319905,"Daikin Comfort Technologies Mfg., Inc.",2026-02-23,676.48
2026-03-09,2026-03-09T00:00:00.000Z,771,202601217,1520802,Lennox Industries Mfg Plant,2026-03-06,672.36
2026-03-09,2026-03-09T00:00:00.000Z,771,202601268,1456501,Jakel Motors - Regal Beloit,2026-03-09,672.25
2026-03-09,2026-03-09T00:00:00.000Z,771,202601230,1319905,"Daikin Comfort Technologies Mfg., Inc.",2026-03-06,667.91
2026-03-09,2026-03-09T00:00:00.000Z,771,202600606,1577102,Modine Mfg Co. - TN,2026-02-09,661.19
2026-03-09,2026-03-09T00:00:00.000Z,771,202601093,1577102,Modine Mfg Co. - TN,2026-03-02,661.19
2026-03-09,2026-03-09T00:00:00.000Z,771,202600770,1520804,LII Mexico Holdings LTD,2026-02-16,661.00
2026-03-09,2026-03-09T00:00:00.000Z,771,202600206,1011301,ADP Advanced Dist Prod,2026-01-16,654.40
2026-03-09,2026-03-09T00:00:00.000Z,771,202600874,1520802,Lennox Industries Mfg Plant,2026-02-20,651.30
2026-03-09,2026-03-09T00:00:00.000Z,771,202600902,1319905,"Daikin Comfort Technologies Mfg., Inc.",2026-02-23,645.60
2026-03-09,2026-03-09T00:00:00.000Z,771,202600320,1520802,Lennox Industries Mfg Plant,2026-01-22,645.00
2026-03-09,2026-03-09T00:00:00.000Z,771,202601221,1520802,Lennox Industries Mfg Plant,2026-03-06,645.00
2026-03-09,2026-03-09T00:00:00.000Z,771,202601166,1319905,"Daikin Comfort Technologies Mfg., Inc.",2026-03-04,644.40
2026-03-09,2026-03-09T00:00:00.000Z,771,202600973,1319905,"Daikin Comfort Technologies Mfg., Inc.",2026-02-24,639.00
2026-03-09,2026-03-09T00:00:00.000Z,771,202601242,1319905,"Daikin Comfort Technologies Mfg., Inc.",2026-03-06,639.00
2026-03-09,2026-03-09T00:00:00.000Z,771,202507607,1456501,Jakel Motors - Regal Beloit,2025-12-08,634.20
2026-03-09,2026-03-09T00:00:00.000Z,771,202507734,1456501,Jakel Motors - Regal Beloit,2025-12-15,634.20
2026-03-09,2026-03-09T00:00:00.000Z,771,202600023,1456501,Jakel Motors - Regal Beloit,2026-01-06,634.20
2026-03-09,2026-03-09T00:00:00.000Z,771,202600040,1456501,Jakel Motors - Regal Beloit,2026-01-06,634.20
2026-03-09,2026-03-09T00:00:00.000Z,771,202600131,1456501,Jakel Motors - Regal Beloit,2026-01-12,634.20
2026-03-09,2026-03-09T00:00:00.000Z,771,202600328,1456501,Jakel Motors - Regal Beloit,2026-01-22,634.20
2026-03-09,2026-03-09T00:00:00.000Z,771,202600449,1456501,Jakel Motors - Regal Beloit,2026-01-30,634.20
2026-03-09,2026-03-09T00:00:00.000Z,771,202600886,1456501,Jakel Motors - Regal Beloit,2026-02-23,634.20
2026-03-09,2026-03-09T00:00:00.000Z,771,202600888,1456501,Jakel Motors - Regal Beloit,2026-02-23,634.20
2026-03-09,2026-03-09T00:00:00.000Z,771,202601267,1456501,Jakel Motors - Regal Beloit,2026-03-09,634.20
2026-03-09,2026-03-09T00:00:00.000Z,771,202600103,1456501,Jakel Motors - Regal Beloit,2026-01-09,629.92
2026-03-09,2026-03-09T00:00:00.000Z,771,202600919,1577106,Modine Mfg Co. - MO,2026-02-24,629.42
2026-03-09,2026-03-09T00:00:00.000Z,771,202600891,1456501,Jakel Motors - Regal Beloit,2026-02-23,628.65
2026-03-09,2026-03-09T00:00:00.000Z,771,202601079,1319905,"Daikin Comfort Technologies Mfg., Inc.",2026-02-27,627.60
2026-03-09,2026-03-09T00:00:00.000Z,771,202601045,1839210,Thermo Products,2026-02-27,621.70
2026-03-09,2026-03-09T00:00:00.000Z,771,202507610,1456501,Jakel Motors - Regal Beloit,2025-12-08,614.10
2026-03-09,2026-03-09T00:00:00.000Z,771,202507738,1456501,Jakel Motors - Regal Beloit,2025-12-15,614.10
2026-03-09,2026-03-09T00:00:00.000Z,771,202600134,1456501,Jakel Motors - Regal Beloit,2026-01-12,614.10
2026-03-09,2026-03-09T00:00:00.000Z,771,202601096,1456501,Jakel Motors - Regal Beloit,2026-03-02,614.10
2026-03-09,2026-03-09T00:00:00.000Z,771,202600910,1319905,"Daikin Comfort Technologies Mfg., Inc.",2026-02-23,612.36
2026-03-09,2026-03-09T00:00:00.000Z,771,202601219,1520802,Lennox Industries Mfg Plant,2026-03-06,610.20
2026-03-09,2026-03-09T00:00:00.000Z,771,202600866,1319905,"Daikin Comfort Technologies Mfg., Inc.",2026-02-19,605.28
2026-03-09,2026-03-09T00:00:00.000Z,771,202600908,1319905,"Daikin Comfort Technologies Mfg., Inc.",2026-02-23,605.28
2026-03-09,2026-03-09T00:00:00.000Z,771,202600978,1319905,"Daikin Comfort Technologies Mfg., Inc.",2026-02-24,605.28
2026-03-09,2026-03-09T00:00:00.000Z,771,202601015,1319905,"Daikin Comfort Technologies Mfg., Inc.",2026-02-25,605.28
2026-03-09,2026-03-09T00:00:00.000Z,771,202601174,1319905,"Daikin Comfort Technologies Mfg., Inc.",2026-03-04,605.28
2026-03-09,2026-03-09T00:00:00.000Z,771,202601249,1319905,"Daikin Comfort Technologies Mfg., Inc.",2026-03-06,605.28
2026-03-09,2026-03-09T00:00:00.000Z,771,202507775,1577106,Modine Mfg Co. - MO,2025-12-16,604.48
2026-03-09,2026-03-09T00:00:00.000Z,771,202600247,1577102,Modine Mfg Co. - TN,2026-01-19,604.48
2026-03-09,2026-03-09T00:00:00.000Z,771,202600802,1577106,Modine Mfg Co. - MO,2026-02-17,604.48
2026-03-09,2026-03-09T00:00:00.000Z,771,202600164,1034704,Allied Air Enterprises,2026-01-14,604.20
2026-03-09,2026-03-09T00:00:00.000Z,771,202600990,1319905,"Daikin Comfort Technologies Mfg., Inc.",2026-02-24,600.22
2026-03-09,2026-03-09T00:00:00.000Z,771,202601237,1319905,"Daikin Comfort Technologies Mfg., Inc.",2026-03-06,597.90
2026-03-09,2026-03-09T00:00:00.000Z,771,202600673,1456501,Jakel Motors - Regal Beloit,2026-02-11,593.00
2026-03-09,2026-03-09T00:00:00.000Z,771,202600456,1034704,Allied Air Enterprises,2026-01-30,592.08
2026-03-09,2026-03-09T00:00:00.000Z,771,202600458,1034704,Allied Air Enterprises,2026-01-30,592.08
2026-03-09,2026-03-09T00:00:00.000Z,771,202600879,1577118,Modine Mfg Co. - Texas,2026-02-20,588.80
2026-03-09,2026-03-09T00:00:00.000Z,771,202600463,1520801,Lennox Industries,2026-01-30,581.76
2026-03-09,2026-03-09T00:00:00.000Z,771,202600319,1520802,Lennox Industries Mfg Plant,2026-01-22,580.80
2026-03-09,2026-03-09T00:00:00.000Z,771,202601220,1520802,Lennox Industries Mfg Plant,2026-03-06,580.80
2026-03-09,2026-03-09T00:00:00.000Z,771,202600245,1577102,Modine Mfg Co. - TN,2026-01-19,565.65
2026-03-09,2026-03-09T00:00:00.000Z,771,202600068,1034704,Allied Air Enterprises,2026-01-07,556.59
2026-03-09,2026-03-09T00:00:00.000Z,771,202600327,1034704,Allied Air Enterprises,2026-01-22,556.59
2026-03-09,2026-03-09T00:00:00.000Z,771,202600459,1034704,Allied Air Enterprises,2026-01-30,556.59
2026-03-09,2026-03-09T00:00:00.000Z,771,202600455,1669601,Otis Elevator Company,2026-01-30,554.40
2026-03-09,2026-03-09T00:00:00.000Z,771,202600464,1520801,Lennox Industries,2026-01-30,554.40
2026-03-09,2026-03-09T00:00:00.000Z,771,202600864,1319905,"Daikin Comfort Technologies Mfg., Inc.",2026-02-19,551.40
2026-03-09,2026-03-09T00:00:00.000Z,771,202601062,1319905,"Daikin Comfort Technologies Mfg., Inc.",2026-02-27,547.74
2026-03-09,2026-03-09T00:00:00.000Z,771,202600991,1319905,"Daikin Comfort Technologies Mfg., Inc.",2026-02-24,534.96
2026-03-09,2026-03-09T00:00:00.000Z,771,202600875,1520802,Lennox Industries Mfg Plant,2026-02-20,533.28
2026-03-09,2026-03-09T00:00:00.000Z,771,202600906,1319905,"Daikin Comfort Technologies Mfg., Inc.",2026-02-23,521.00
2026-03-09,2026-03-09T00:00:00.000Z,771,202601012,1319905,"Daikin Comfort Technologies Mfg., Inc.",2026-02-25,521.00
2026-03-09,2026-03-09T00:00:00.000Z,771,202601172,1319905,"Daikin Comfort Technologies Mfg., Inc.",2026-03-04,521.00
2026-03-09,2026-03-09T00:00:00.000Z,771,202600425,1577102,Modine Mfg Co. - TN,2026-01-29,520.00
2026-03-09,2026-03-09T00:00:00.000Z,771,202600940,1319905,"Daikin Comfort Technologies Mfg., Inc.",2026-02-20,516.48
2026-03-09,2026-03-09T00:00:00.000Z,771,202600970,1319905,"Daikin Comfort Technologies Mfg., Inc.",2026-02-24,515.52
2026-03-09,2026-03-09T00:00:00.000Z,771,202601201,1319905,"Daikin Comfort Technologies Mfg., Inc.",2026-03-05,515.52
2026-03-09,2026-03-09T00:00:00.000Z,771,202600945,1319905,"Daikin Comfort Technologies Mfg., Inc.",2026-02-20,504.74
2026-03-09,2026-03-09T00:00:00.000Z,771,202601011,1319905,"Daikin Comfort Technologies Mfg., Inc.",2026-02-25,504.74
2026-03-09,2026-03-09T00:00:00.000Z,771,202601073,1319905,"Daikin Comfort Technologies Mfg., Inc.",2026-02-27,504.74
2026-03-09,2026-03-09T00:00:00.000Z,771,202601171,1319905,"Daikin Comfort Technologies Mfg., Inc.",2026-03-04,504.74
2026-03-09,2026-03-09T00:00:00.000Z,771,202601247,1319905,"Daikin Comfort Technologies Mfg., Inc.",2026-03-06,504.74
2026-03-09,2026-03-09T00:00:00.000Z,771,202600988,1319905,"Daikin Comfort Technologies Mfg., Inc.",2026-02-24,494.13
2026-03-09,2026-03-09T00:00:00.000Z,771,202507773,1577106,Modine Mfg Co. - MO,2025-12-16,487.92
2026-03-09,2026-03-09T00:00:00.000Z,771,202601189,1319904,Daikin Parts Distribution Center,2026-03-05,487.76
2026-03-09,2026-03-09T00:00:00.000Z,771,202601191,1319904,Daikin Parts Distribution Center,2026-03-05,487.76
2026-03-09,2026-03-09T00:00:00.000Z,771,202600857,1319905,"Daikin Comfort Technologies Mfg., Inc.",2026-02-19,480.80
2026-03-09,2026-03-09T00:00:00.000Z,771,202600998,1319905,"Daikin Comfort Technologies Mfg., Inc.",2026-02-25,480.80
2026-03-09,2026-03-09T00:00:00.000Z,771,202601226,1319905,"Daikin Comfort Technologies Mfg., Inc.",2026-03-06,480.80
2026-03-09,2026-03-09T00:00:00.000Z,771,202600271,1520802,Lennox Industries Mfg Plant,2026-01-20,479.70
2026-03-09,2026-03-09T00:00:00.000Z,771,202601060,1319905,"Daikin Comfort Technologies Mfg., Inc.",2026-02-27,478.13
2026-03-09,2026-03-09T00:00:00.000Z,771,202601068,1319905,"Daikin Comfort Technologies Mfg., Inc.",2026-02-27,462.50
2026-03-09,2026-03-09T00:00:00.000Z,771,202601243,1319905,"Daikin Comfort Technologies Mfg., Inc.",2026-03-06,462.50
2026-03-09,2026-03-09T00:00:00.000Z,771,202507622,1456501,Jakel Motors - Regal Beloit,2025-12-08,458.40
2026-03-09,2026-03-09T00:00:00.000Z,771,202507732,1456501,Jakel Motors - Regal Beloit,2025-12-15,458.40
2026-03-09,2026-03-09T00:00:00.000Z,771,202507737,1456501,Jakel Motors - Regal Beloit,2025-12-15,458.40
2026-03-09,2026-03-09T00:00:00.000Z,771,202600042,1456501,Jakel Motors - Regal Beloit,2026-01-06,458.40
2026-03-09,2026-03-09T00:00:00.000Z,771,202600133,1456501,Jakel Motors - Regal Beloit,2026-01-12,458.40
2026-03-09,2026-03-09T00:00:00.000Z,771,202600330,1456501,Jakel Motors - Regal Beloit,2026-01-22,458.40
2026-03-09,2026-03-09T00:00:00.000Z,771,202600451,1456501,Jakel Motors - Regal Beloit,2026-01-30,458.40
2026-03-09,2026-03-09T00:00:00.000Z,771,202601153,1319905,"Daikin Comfort Technologies Mfg., Inc.",2026-03-03,453.60
2026-03-09,2026-03-09T00:00:00.000Z,771,202601050,1319905,"Daikin Comfort Technologies Mfg., Inc.",2026-02-27,432.04
2026-03-09,2026-03-09T00:00:00.000Z,771,202600944,1319905,"Daikin Comfort Technologies Mfg., Inc.",2026-02-20,429.86
2026-03-09,2026-03-09T00:00:00.000Z,771,202600975,1319905,"Daikin Comfort Technologies Mfg., Inc.",2026-02-24,429.86
2026-03-09,2026-03-09T00:00:00.000Z,771,202601183,1319905,"Daikin Comfort Technologies Mfg., Inc.",2026-03-04,419.90
2026-03-09,2026-03-09T00:00:00.000Z,771,202601161,1319905,"Daikin Comfort Technologies Mfg., Inc.",2026-03-04,412.92
2026-03-09,2026-03-09T00:00:00.000Z,771,202601051,1319905,"Daikin Comfort Technologies Mfg., Inc.",2026-02-27,408.10
2026-03-09,2026-03-09T00:00:00.000Z,771,202601005,1319905,"Daikin Comfort Technologies Mfg., Inc.",2026-02-25,398.60
2026-03-09,2026-03-09T00:00:00.000Z,771,202601034,1319905,"Daikin Comfort Technologies Mfg., Inc.",2026-02-26,387.36
2026-03-09,2026-03-09T00:00:00.000Z,771,202601004,1319905,"Daikin Comfort Technologies Mfg., Inc.",2026-02-25,382.50
2026-03-09,2026-03-09T00:00:00.000Z,771,202601031,1319905,"Daikin Comfort Technologies Mfg., Inc.",2026-02-26,382.50
2026-03-09,2026-03-09T00:00:00.000Z,771,202600953,1319905,"Daikin Comfort Technologies Mfg., Inc.",2026-02-20,376.80
2026-03-09,2026-03-09T00:00:00.000Z,771,202601021,1319905,"Daikin Comfort Technologies Mfg., Inc.",2026-02-25,376.80
2026-03-09,2026-03-09T00:00:00.000Z,771,202601020,1319905,"Daikin Comfort Technologies Mfg., Inc.",2026-02-25,373.25
2026-03-09,2026-03-09T00:00:00.000Z,771,202600942,1319905,"Daikin Comfort Technologies Mfg., Inc.",2026-02-20,369.90
2026-03-09,2026-03-09T00:00:00.000Z,771,202601067,1319905,"Daikin Comfort Technologies Mfg., Inc.",2026-02-27,369.90
2026-03-09,2026-03-09T00:00:00.000Z,771,202600130,1520804,LII Mexico Holdings LTD,2026-01-12,369.60
2026-03-09,2026-03-09T00:00:00.000Z,771,202600951,1319905,"Daikin Comfort Technologies Mfg., Inc.",2026-02-20,367.42
2026-03-09,2026-03-09T00:00:00.000Z,771,202601149,1319905,"Daikin Comfort Technologies Mfg., Inc.",2026-03-03,367.42
2026-03-09,2026-03-09T00:00:00.000Z,771,202601158,1577106,Modine Mfg Co. - MO,2026-03-04,367.20
2026-03-09,2026-03-09T00:00:00.000Z,771,202600867,1319905,"Daikin Comfort Technologies Mfg., Inc.",2026-02-19,362.25
2026-03-09,2026-03-09T00:00:00.000Z,771,202601122,1319905,"Daikin Comfort Technologies Mfg., Inc.",2026-03-02,362.25
2026-03-09,2026-03-09T00:00:00.000Z,771,202601179,1319905,"Daikin Comfort Technologies Mfg., Inc.",2026-03-04,356.64
2026-03-09,2026-03-09T00:00:00.000Z,771,202601258,1319905,"Daikin Comfort Technologies Mfg., Inc.",2026-03-06,356.64
2026-03-09,2026-03-09T00:00:00.000Z,771,202601017,1319905,"Daikin Comfort Technologies Mfg., Inc.",2026-02-25,346.80
2026-03-09,2026-03-09T00:00:00.000Z,771,202601037,1319905,"Daikin Comfort Technologies Mfg., Inc.",2026-02-26,346.80
2026-03-09,2026-03-09T00:00:00.000Z,771,202601208,1319905,"Daikin Comfort Technologies Mfg., Inc.",2026-03-05,346.80
2026-03-09,2026-03-09T00:00:00.000Z,771,202600893,1822002,Sumitomo Electronics Lightwave,2026-02-23,343.50
2026-03-09,2026-03-09T00:00:00.000Z,771,202600865,1319905,"Daikin Comfort Technologies Mfg., Inc.",2026-02-19,342.30
2026-03-09,2026-03-09T00:00:00.000Z,771,202600947,1319905,"Daikin Comfort Technologies Mfg., Inc.",2026-02-20,342.30
2026-03-09,2026-03-09T00:00:00.000Z,771,202600977,1319905,"Daikin Comfort Technologies Mfg., Inc.",2026-02-24,342.30
2026-03-09,2026-03-09T00:00:00.000Z,771,202601014,1319905,"Daikin Comfort Technologies Mfg., Inc.",2026-02-25,342.30
2026-03-09,2026-03-09T00:00:00.000Z,771,202601074,1319905,"Daikin Comfort Technologies Mfg., Inc.",2026-02-27,342.30
2026-03-09,2026-03-09T00:00:00.000Z,771,202600753,1319903,Daikin - SLP MX,2026-02-16,342.00
2026-03-09,2026-03-09T00:00:00.000Z,771,202601177,1319905,"Daikin Comfort Technologies Mfg., Inc.",2026-03-04,338.24
2026-03-09,2026-03-09T00:00:00.000Z,771,202601107,1319905,"Daikin Comfort Technologies Mfg., Inc.",2026-03-02,333.00
2026-03-09,2026-03-09T00:00:00.000Z,771,202600954,1319905,"Daikin Comfort Technologies Mfg., Inc.",2026-02-20,329.28
2026-03-09,2026-03-09T00:00:00.000Z,771,202601133,1319905,"Daikin Comfort Technologies Mfg., Inc.",2026-03-03,324.10
2026-03-09,2026-03-09T00:00:00.000Z,771,202601233,1319905,"Daikin Comfort Technologies Mfg., Inc.",2026-03-06,321.98
2026-03-09,2026-03-09T00:00:00.000Z,771,202601007,1319905,"Daikin Comfort Technologies Mfg., Inc.",2026-02-25,319.50
2026-03-09,2026-03-09T00:00:00.000Z,771,202600903,1319905,"Daikin Comfort Technologies Mfg., Inc.",2026-02-23,304.20
2026-03-09,2026-03-09T00:00:00.000Z,771,202600941,1319905,"Daikin Comfort Technologies Mfg., Inc.",2026-02-20,304.20
2026-03-09,2026-03-09T00:00:00.000Z,771,202600972,1319905,"Daikin Comfort Technologies Mfg., Inc.",2026-02-24,304.20
2026-03-09,2026-03-09T00:00:00.000Z,771,202601065,1319905,"Daikin Comfort Technologies Mfg., Inc.",2026-02-27,304.20
2026-03-09,2026-03-09T00:00:00.000Z,771,202601115,1319905,"Daikin Comfort Technologies Mfg., Inc.",2026-03-02,304.20
2026-03-09,2026-03-09T00:00:00.000Z,771,202601168,1319905,"Daikin Comfort Technologies Mfg., Inc.",2026-03-04,304.20
2026-03-09,2026-03-09T00:00:00.000Z,771,202601241,1319905,"Daikin Comfort Technologies Mfg., Inc.",2026-03-06,304.20
2026-03-09,2026-03-09T00:00:00.000Z,771,202600948,1319905,"Daikin Comfort Technologies Mfg., Inc.",2026-02-20,302.64
2026-03-09,2026-03-09T00:00:00.000Z,771,202601035,1319905,"Daikin Comfort Technologies Mfg., Inc.",2026-02-26,302.64
2026-03-09,2026-03-09T00:00:00.000Z,771,202601121,1319905,"Daikin Comfort Technologies Mfg., Inc.",2026-03-02,302.64
2026-03-09,2026-03-09T00:00:00.000Z,771,202601147,1319905,"Daikin Comfort Technologies Mfg., Inc.",2026-03-03,302.64
2026-03-09,2026-03-09T00:00:00.000Z,771,202601206,1319905,"Daikin Comfort Technologies Mfg., Inc.",2026-03-05,302.64
2026-03-09,2026-03-09T00:00:00.000Z,771,202601126,1319905,"Daikin Comfort Technologies Mfg., Inc.",2026-03-02,302.06
2026-03-09,2026-03-09T00:00:00.000Z,771,202600702,1577106,Modine Mfg Co. - MO,2026-02-12,298.20
2026-03-09,2026-03-09T00:00:00.000Z,771,202600149,1577118,Modine Mfg Co. - Texas,2026-01-13,294.40
2026-03-09,2026-03-09T00:00:00.000Z,771,202600454,1577118,Modine Mfg Co. - Texas,2026-01-30,294.40
2026-03-09,2026-03-09T00:00:00.000Z,771,202600868,1319905,"Daikin Comfort Technologies Mfg., Inc.",2026-02-19,292.60
2026-03-09,2026-03-09T00:00:00.000Z,771,202600909,1319905,"Daikin Comfort Technologies Mfg., Inc.",2026-02-23,292.60
2026-03-09,2026-03-09T00:00:00.000Z,771,202600949,1319905,"Daikin Comfort Technologies Mfg., Inc.",2026-02-20,292.60
2026-03-09,2026-03-09T00:00:00.000Z,771,202601016,1319905,"Daikin Comfort Technologies Mfg., Inc.",2026-02-25,292.60
2026-03-09,2026-03-09T00:00:00.000Z,771,202601140,1319905,"Daikin Comfort Technologies Mfg., Inc.",2026-03-03,286.88
2026-03-09,2026-03-09T00:00:00.000Z,771,202601071,1319905,"Daikin Comfort Technologies Mfg., Inc.",2026-02-27,286.57
2026-03-09,2026-03-09T00:00:00.000Z,771,202601246,1319905,"Daikin Comfort Technologies Mfg., Inc.",2026-03-06,286.57
2026-03-09,2026-03-09T00:00:00.000Z,771,202601200,1319905,"Daikin Comfort Technologies Mfg., Inc.",2026-03-05,273.87
2026-03-09,2026-03-09T00:00:00.000Z,771,202601142,1319905,"Daikin Comfort Technologies Mfg., Inc.",2026-03-03,258.24
2026-03-09,2026-03-09T00:00:00.000Z,771,202600933,1319905,"Daikin Comfort Technologies Mfg., Inc.",2026-02-20,258.20
2026-03-09,2026-03-09T00:00:00.000Z,771,202600961,1319905,"Daikin Comfort Technologies Mfg., Inc.",2026-02-20,254.40
2026-03-09,2026-03-09T00:00:00.000Z,771,202601254,1319905,"Daikin Comfort Technologies Mfg., Inc.",2026-03-06,251.20
2026-03-09,2026-03-09T00:00:00.000Z,771,202601127,1319905,"Daikin Comfort Technologies Mfg., Inc.",2026-03-02,250.96
2026-03-09,2026-03-09T00:00:00.000Z,771,0,1852803,Triangle Manufacturing Company,,248.94
2026-03-09,2026-03-09T00:00:00.000Z,771,202601209,1319905,"Daikin Comfort Technologies Mfg., Inc.",2026-03-05,244.94
2026-03-09,2026-03-09T00:00:00.000Z,771,202600928,1319905,"Daikin Comfort Technologies Mfg., Inc.",2026-02-20,243.88
2026-03-09,2026-03-09T00:00:00.000Z,771,202601049,1319905,"Daikin Comfort Technologies Mfg., Inc.",2026-02-27,243.88
2026-03-09,2026-03-09T00:00:00.000Z,771,202601227,1319905,"Daikin Comfort Technologies Mfg., Inc.",2026-03-06,243.88
2026-03-09,2026-03-09T00:00:00.000Z,771,202600894,1319905,"Daikin Comfort Technologies Mfg., Inc.",2026-02-23,240.40
2026-03-09,2026-03-09T00:00:00.000Z,771,202601048,1319905,"Daikin Comfort Technologies Mfg., Inc.",2026-02-27,240.40
2026-03-09,2026-03-09T00:00:00.000Z,771,202601106,1319905,"Daikin Comfort Technologies Mfg., Inc.",2026-03-02,240.40
2026-03-09,2026-03-09T00:00:00.000Z,771,202601162,1319905,"Daikin Comfort Technologies Mfg., Inc.",2026-03-04,240.40
2026-03-09,2026-03-09T00:00:00.000Z,771,202507110,1577102,Modine Mfg Co. - TN,2025-11-03,238.56
2026-03-09,2026-03-09T00:00:00.000Z,771,202601148,1319905,"Daikin Comfort Technologies Mfg., Inc.",2026-03-03,231.20
2026-03-09,2026-03-09T00:00:00.000Z,771,202600871,1319905,"Daikin Comfort Technologies Mfg., Inc.",2026-02-19,226.80
2026-03-09,2026-03-09T00:00:00.000Z,771,202601024,1319905,"Daikin Comfort Technologies Mfg., Inc.",2026-02-25,226.80
2026-03-09,2026-03-09T00:00:00.000Z,771,202601038,1319905,"Daikin Comfort Technologies Mfg., Inc.",2026-02-26,226.80
2026-03-09,2026-03-09T00:00:00.000Z,771,202601129,1319905,"Daikin Comfort Technologies Mfg., Inc.",2026-03-02,226.80
2026-03-09,2026-03-09T00:00:00.000Z,771,202601181,1319905,"Daikin Comfort Technologies Mfg., Inc.",2026-03-04,226.80
2026-03-09,2026-03-09T00:00:00.000Z,771,202601212,1319905,"Daikin Comfort Technologies Mfg., Inc.",2026-03-05,226.80
2026-03-09,2026-03-09T00:00:00.000Z,771,202601214,1319905,"Daikin Comfort Technologies Mfg., Inc.",2026-03-05,209.95
2026-03-09,2026-03-09T00:00:00.000Z,771,202601132,1319905,"Daikin Comfort Technologies Mfg., Inc.",2026-03-03,206.46
2026-03-09,2026-03-09T00:00:00.000Z,771,202601225,1319905,"Daikin Comfort Technologies Mfg., Inc.",2026-03-06,206.46
2026-03-09,2026-03-09T00:00:00.000Z,771,202600937,1319905,"Daikin Comfort Technologies Mfg., Inc.",2026-02-20,199.30
2026-03-09,2026-03-09T00:00:00.000Z,771,202601010,1319905,"Daikin Comfort Technologies Mfg., Inc.",2026-02-25,198.43
2026-03-09,2026-03-09T00:00:00.000Z,771,202601072,1319905,"Daikin Comfort Technologies Mfg., Inc.",2026-02-27,198.43
2026-03-09,2026-03-09T00:00:00.000Z,771,202600984,1319905,"Daikin Comfort Technologies Mfg., Inc.",2026-02-24,193.36
2026-03-09,2026-03-09T00:00:00.000Z,771,202600936,1319905,"Daikin Comfort Technologies Mfg., Inc.",2026-02-20,191.25
2026-03-09,2026-03-09T00:00:00.000Z,771,202601082,1319905,"Daikin Comfort Technologies Mfg., Inc.",2026-02-27,180.90
2026-03-09,2026-03-09T00:00:00.000Z,771,202601083,1319905,"Daikin Comfort Technologies Mfg., Inc.",2026-02-27,178.32
2026-03-09,2026-03-09T00:00:00.000Z,771,202600999,1319905,"Daikin Comfort Technologies Mfg., Inc.",2026-02-25,177.30
2026-03-09,2026-03-09T00:00:00.000Z,771,202601134,1319905,"Daikin Comfort Technologies Mfg., Inc.",2026-03-03,177.30
2026-03-09,2026-03-09T00:00:00.000Z,771,202601184,1319905,"Daikin Comfort Technologies Mfg., Inc.",2026-03-04,176.94
2026-03-09,2026-03-09T00:00:00.000Z,771,202600952,1319905,"Daikin Comfort Technologies Mfg., Inc.",2026-02-20,174.16
2026-03-09,2026-03-09T00:00:00.000Z,771,202600982,1319905,"Daikin Comfort Technologies Mfg., Inc.",2026-02-24,174.16
2026-03-09,2026-03-09T00:00:00.000Z,771,202601077,1319905,"Daikin Comfort Technologies Mfg., Inc.",2026-02-27,174.16
2026-03-09,2026-03-09T00:00:00.000Z,771,202600896,1319905,"Daikin Comfort Technologies Mfg., Inc.",2026-02-23,165.30
2026-03-09,2026-03-09T00:00:00.000Z,771,202600930,1319905,"Daikin Comfort Technologies Mfg., Inc.",2026-02-20,165.30
2026-03-09,2026-03-09T00:00:00.000Z,771,202601000,1319905,"Daikin Comfort Technologies Mfg., Inc.",2026-02-25,165.30
2026-03-09,2026-03-09T00:00:00.000Z,771,202601229,1319905,"Daikin Comfort Technologies Mfg., Inc.",2026-03-06,165.30
2026-03-09,2026-03-09T00:00:00.000Z,771,202600870,1319905,"Daikin Comfort Technologies Mfg., Inc.",2026-02-19,164.71
2026-03-09,2026-03-09T00:00:00.000Z,771,202600914,1319905,"Daikin Comfort Technologies Mfg., Inc.",2026-02-23,164.71
2026-03-09,2026-03-09T00:00:00.000Z,771,202600957,1319905,"Daikin Comfort Technologies Mfg., Inc.",2026-02-20,164.71
2026-03-09,2026-03-09T00:00:00.000Z,771,202601255,1319905,"Daikin Comfort Technologies Mfg., Inc.",2026-03-06,164.71
2026-03-09,2026-03-09T00:00:00.000Z,771,202600913,1319905,"Daikin Comfort Technologies Mfg., Inc.",2026-02-23,164.64
2026-03-09,2026-03-09T00:00:00.000Z,771,202600985,1319905,"Daikin Comfort Technologies Mfg., Inc.",2026-02-24,164.64
2026-03-09,2026-03-09T00:00:00.000Z,771,202601136,1319905,"Daikin Comfort Technologies Mfg., Inc.",2026-03-03,160.99
2026-03-09,2026-03-09T00:00:00.000Z,771,202600955,1319905,"Daikin Comfort Technologies Mfg., Inc.",2026-02-20,156.90
2026-03-09,2026-03-09T00:00:00.000Z,771,202600986,1319905,"Daikin Comfort Technologies Mfg., Inc.",2026-02-24,156.90
2026-03-09,2026-03-09T00:00:00.000Z,771,202600956,1319905,"Daikin Comfort Technologies Mfg., Inc.",2026-02-20,156.88
2026-03-09,2026-03-09T00:00:00.000Z,771,202600987,1319905,"Daikin Comfort Technologies Mfg., Inc.",2026-02-24,156.88
2026-03-09,2026-03-09T00:00:00.000Z,771,202601022,1319905,"Daikin Comfort Technologies Mfg., Inc.",2026-02-25,156.88
2026-03-09,2026-03-09T00:00:00.000Z,771,202600863,1319905,"Daikin Comfort Technologies Mfg., Inc.",2026-02-19,154.05
2026-03-09,2026-03-09T00:00:00.000Z,771,202601008,1319905,"Daikin Comfort Technologies Mfg., Inc.",2026-02-25,154.05
2026-03-09,2026-03-09T00:00:00.000Z,771,202601144,1319905,"Daikin Comfort Technologies Mfg., Inc.",2026-03-03,154.05
2026-03-09,2026-03-09T00:00:00.000Z,771,20188470,1577118,Modine Mfg Co. - Texas,,152.79
2026-03-09,2026-03-09T00:00:00.000Z,771,202600979,1319905,"Daikin Comfort Technologies Mfg., Inc.",2026-02-24,146.30
2026-03-09,2026-03-09T00:00:00.000Z,771,202601207,1319905,"Daikin Comfort Technologies Mfg., Inc.",2026-03-05,146.30
2026-03-09,2026-03-09T00:00:00.000Z,771,202601250,1319905,"Daikin Comfort Technologies Mfg., Inc.",2026-03-06,146.30
2026-03-09,2026-03-09T00:00:00.000Z,771,202600917,1319905,"Daikin Comfort Technologies Mfg., Inc.",2026-02-23,145.50
2026-03-09,2026-03-09T00:00:00.000Z,771,202601090,1319905,"Daikin Comfort Technologies Mfg., Inc.",2026-02-27,145.50
2026-03-09,2026-03-09T00:00:00.000Z,771,202601156,1319905,"Daikin Comfort Technologies Mfg., Inc.",2026-03-03,145.50
2026-03-09,2026-03-09T00:00:00.000Z,771,202601264,1319905,"Daikin Comfort Technologies Mfg., Inc.",2026-03-06,145.50
2026-03-09,2026-03-09T00:00:00.000Z,771,202601009,1319905,"Daikin Comfort Technologies Mfg., Inc.",2026-02-25,143.29
2026-03-09,2026-03-09T00:00:00.000Z,771,202601145,1319905,"Daikin Comfort Technologies Mfg., Inc.",2026-03-03,143.29
2026-03-09,2026-03-09T00:00:00.000Z,771,202601170,1319905,"Daikin Comfort Technologies Mfg., Inc.",2026-03-04,143.29
2026-03-09,2026-03-09T00:00:00.000Z,771,202601253,1319905,"Daikin Comfort Technologies Mfg., Inc.",2026-03-06,132.24
2026-03-09,2026-03-09T00:00:00.000Z,771,CR0000000452,1577106,Modine Mfg Co. - MO,,127.50
2026-03-09,2026-03-09T00:00:00.000Z,771,202601087,1319905,"Daikin Comfort Technologies Mfg., Inc.",2026-02-27,127.20
2026-03-09,2026-03-09T00:00:00.000Z,771,202601213,1319905,"Daikin Comfort Technologies Mfg., Inc.",2026-03-05,127.20
2026-03-09,2026-03-09T00:00:00.000Z,771,202601261,1319905,"Daikin Comfort Technologies Mfg., Inc.",2026-03-06,127.20
2026-03-09,2026-03-09T00:00:00.000Z,771,202600983,1319905,"Daikin Comfort Technologies Mfg., Inc.",2026-02-24,125.60
2026-03-09,2026-03-09T00:00:00.000Z,771,202601125,1319905,"Daikin Comfort Technologies Mfg., Inc.",2026-03-02,125.60
2026-03-09,2026-03-09T00:00:00.000Z,771,202601150,1319905,"Daikin Comfort Technologies Mfg., Inc.",2026-03-03,125.60
2026-03-09,2026-03-09T00:00:00.000Z,771,202601210,1319905,"Daikin Comfort Technologies Mfg., Inc.",2026-03-05,125.60
2026-03-09,2026-03-09T00:00:00.000Z,771,202601018,1319905,"Daikin Comfort Technologies Mfg., Inc.",2026-02-25,122.47
2026-03-09,2026-03-09T00:00:00.000Z,771,202601176,1319905,"Daikin Comfort Technologies Mfg., Inc.",2026-03-04,122.47
2026-03-09,2026-03-09T00:00:00.000Z,771,202600869,1319905,"Daikin Comfort Technologies Mfg., Inc.",2026-02-19,115.60
2026-03-09,2026-03-09T00:00:00.000Z,771,202601175,1319905,"Daikin Comfort Technologies Mfg., Inc.",2026-03-04,115.60
2026-03-09,2026-03-09T00:00:00.000Z,771,202601029,1319905,"Daikin Comfort Technologies Mfg., Inc.",2026-02-26,107.33
2026-03-09,2026-03-09T00:00:00.000Z,771,202601056,1319905,"Daikin Comfort Technologies Mfg., Inc.",2026-02-27,107.33
2026-03-09,2026-03-09T00:00:00.000Z,771,202601197,1319905,"Daikin Comfort Technologies Mfg., Inc.",2026-03-05,107.33
2026-03-09,2026-03-09T00:00:00.000Z,771,202601232,1319905,"Daikin Comfort Technologies Mfg., Inc.",2026-03-06,103.28
2026-03-09,2026-03-09T00:00:00.000Z,771,202600992,1319905,"Daikin Comfort Technologies Mfg., Inc.",2026-02-24,98.69
2026-03-09,2026-03-09T00:00:00.000Z,771,202601151,1319905,"Daikin Comfort Technologies Mfg., Inc.",2026-03-03,96.68
2026-03-09,2026-03-09T00:00:00.000Z,771,202601178,1319905,"Daikin Comfort Technologies Mfg., Inc.",2026-03-04,96.68
2026-03-09,2026-03-09T00:00:00.000Z,771,202600860,1319905,"Daikin Comfort Technologies Mfg., Inc.",2026-02-19,95.63
2026-03-09,2026-03-09T00:00:00.000Z,771,202601236,1319905,"Daikin Comfort Technologies Mfg., Inc.",2026-03-06,95.63
2026-03-09,2026-03-09T00:00:00.000Z,771,202601081,1319905,"Daikin Comfort Technologies Mfg., Inc.",2026-02-27,85.75
2026-03-09,2026-03-09T00:00:00.000Z,771,CR0000000458,1577106,Modine Mfg Co. - MO,,85.00
2026-03-09,2026-03-09T00:00:00.000Z,771,202600756,1319903,Daikin - SLP MX,2026-02-16,82.65
2026-03-09,2026-03-09T00:00:00.000Z,771,202601187,1319904,Daikin Parts Distribution Center,2026-03-05,68.05
2026-03-09,2026-03-09T00:00:00.000Z,771,202601190,1319904,Daikin Parts Distribution Center,2026-03-05,68.05
2026-03-09,2026-03-09T00:00:00.000Z,771,202600911,1319905,"Daikin Comfort Technologies Mfg., Inc.",2026-02-23,66.12
2026-03-09,2026-03-09T00:00:00.000Z,771,202601019,1319905,"Daikin Comfort Technologies Mfg., Inc.",2026-02-25,66.12
2026-03-09,2026-03-09T00:00:00.000Z,771,202601124,1319905,"Daikin Comfort Technologies Mfg., Inc.",2026-03-02,66.12
2026-03-09,2026-03-09T00:00:00.000Z,771,202601055,1319905,"Daikin Comfort Technologies Mfg., Inc.",2026-02-27,51.64
2026-03-09,2026-03-09T00:00:00.000Z,771,202601108,1319905,"Daikin Comfort Technologies Mfg., Inc.",2026-03-02,51.64
2026-03-09,2026-03-09T00:00:00.000Z,771,202205613,1319905,"Daikin Comfort Technologies Mfg., Inc.",2022-07-29,0.00
2026-03-09,2026-03-09T00:00:00.000Z,771,202302111,1319905,"Daikin Comfort Technologies Mfg., Inc.",2023-06-19,0.00
2026-03-09,2026-03-09T00:00:00.000Z,771,202202818,1577106,Modine Mfg Co. - MO,2022-04-13,0.00
2026-03-09,2026-03-09T00:00:00.000Z,771,20187602,1319905,"Daikin Comfort Technologies Mfg., Inc.",2018-10-22,0.00
2026-03-09,2026-03-09T00:00:00.000Z,771,108842,1275203,Fasco Piedras Negras RBC,2017-01-05,0.00
2026-03-09,2026-03-09T00:00:00.000Z,771,116112,1319905,"Daikin Comfort Technologies Mfg., Inc.",2017-08-21,0.00
2026-03-09,2026-03-09T00:00:00.000Z,771,20181726,1319905,"Daikin Comfort Technologies Mfg., Inc.",2018-04-24,0.00
2026-03-09,2026-03-09T00:00:00.000Z,771,20186894,1319905,"Daikin Comfort Technologies Mfg., Inc.",2018-10-01,0.00
2026-03-09,2026-03-09T00:00:00.000Z,771,20189307,1319905,"Daikin Comfort Technologies Mfg., Inc.",2018-12-17,0.00
2026-03-09,2026-03-09T00:00:00.000Z,771,201903316,1319905,"Daikin Comfort Technologies Mfg., Inc.",2019-04-09,0.00
2026-03-09,2026-03-09T00:00:00.000Z,771,202506406,1319905,"Daikin Comfort Technologies Mfg., Inc.",2025-09-25,0.00
2026-03-09,2026-03-09T00:00:00.000Z,771,202600562,1319905,"Daikin Comfort Technologies Mfg., Inc.",2026-02-05,0.00
2026-03-09,2026-03-09T00:00:00.000Z,771,202007237,1738500,Regal Beloit Corporate - US,2020-10-12,0.00
2026-03-09,2026-03-09T00:00:00.000Z,771,201902398,1319905,"Daikin Comfort Technologies Mfg., Inc.",2019-03-13,0.00
2026-03-09,2026-03-09T00:00:00.000Z,771,202006901,1115301,"Bulldog Field Equipment, LLC",2020-01-31,0.00
2026-03-09,2026-03-09T00:00:00.000Z,771,120210,1520802,Lennox Industries Mfg Plant,2018-01-19,0.00
2026-03-09,2026-03-09T00:00:00.000Z,771,120436,1520802,Lennox Industries Mfg Plant,2018-01-26,0.00
2026-03-09,2026-03-09T00:00:00.000Z,771,120496,1319905,"Daikin Comfort Technologies Mfg., Inc.",2018-01-26,0.00
2026-03-09,2026-03-09T00:00:00.000Z,771,120646,1520802,Lennox Industries Mfg Plant,2018-02-02,0.00
2026-03-09,2026-03-09T00:00:00.000Z,771,121058,1319905,"Daikin Comfort Technologies Mfg., Inc.",2018-02-15,0.00
2026-03-09,2026-03-09T00:00:00.000Z,771,20181715,1319905,"Daikin Comfort Technologies Mfg., Inc.",2018-04-23,0.00
2026-03-09,2026-03-09T00:00:00.000Z,771,20188266,1319905,"Daikin Comfort Technologies Mfg., Inc.",2018-11-12,0.00
2026-03-09,2026-03-09T00:00:00.000Z,771,201901189,1319905,"Daikin Comfort Technologies Mfg., Inc.",2019-02-05,0.00
2026-03-09,2026-03-09T00:00:00.000Z,771,201901908,1319905,"Daikin Comfort Technologies Mfg., Inc.",2019-02-26,0.00
2026-03-09,2026-03-09T00:00:00.000Z,771,202202062,1520804,LII Mexico Holdings LTD,2022-03-21,0.00
2026-03-09,2026-03-09T00:00:00.000Z,771,202206944,1319905,"Daikin Comfort Technologies Mfg., Inc.",2022-09-09,0.00
2026-03-09,2026-03-09T00:00:00.000Z,771,202402540,1319903,Daikin - SLP MX,2024-04-24,0.00
2026-03-09,2026-03-09T00:00:00.000Z,771,202402680,1319903,Daikin - SLP MX,2024-04-30,0.00
2026-03-09,2026-03-09T00:00:00.000Z,771,120003,1520802,Lennox Industries Mfg Plant,2018-01-12,0.00
2026-03-09,2026-03-09T00:00:00.000Z,771,202006353,1822501,Supply Technologies,2020-09-14,0.00
2026-03-09,2026-03-09T00:00:00.000Z,771,202000925,1319905,"Daikin Comfort Technologies Mfg., Inc.",2020-01-31,0.00
2026-03-09,2026-03-09T00:00:00.000Z,771,119778,1520802,Lennox Industries Mfg Plant,2018-01-05,0.00
2026-03-09,2026-03-09T00:00:00.000Z,771,120824,1520802,Lennox Industries Mfg Plant,2018-02-09,0.00
2026-03-09,2026-03-09T00:00:00.000Z,771,121064,1520802,Lennox Industries Mfg Plant,2018-02-16,0.00
2026-03-09,2026-03-09T00:00:00.000Z,771,201909620,1319905,"Daikin Comfort Technologies Mfg., Inc.",2019-10-15,0.00
2026-03-09,2026-03-09T00:00:00.000Z,771,202109768,1319905,"Daikin Comfort Technologies Mfg., Inc.",2021-11-30,0.00
2026-03-09,2026-03-09T00:00:00.000Z,771,110325,1520802,Lennox Industries Mfg Plant,2017-02-23,0.00
2026-03-09,2026-03-09T00:00:00.000Z,771,201901297,1319905,"Daikin Comfort Technologies Mfg., Inc.",2019-02-07,0.00
2026-03-09,2026-03-09T00:00:00.000Z,771,201902339,1319905,"Daikin Comfort Technologies Mfg., Inc.",2019-03-12,0.00
2026-03-09,2026-03-09T00:00:00.000Z,771,201909016,1319905,"Daikin Comfort Technologies Mfg., Inc.",2019-09-25,0.00
2026-03-09,2026-03-09T00:00:00.000Z,771,202006483,1577106,Modine Mfg Co. - MO,2020-09-17,0.00
2026-03-09,2026-03-09T00:00:00.000Z,771,202007554,1577106,Modine Mfg Co. - MO,2020-10-22,0.00
2026-03-09,2026-03-09T00:00:00.000Z,771,202008082,1577106,Modine Mfg Co. - MO,2020-11-05,0.00
2026-03-09,2026-03-09T00:00:00.000Z,771,202100922,1577106,Modine Mfg Co. - MO,2021-02-02,0.00
2026-03-09,2026-03-09T00:00:00.000Z,771,202105165,1520801,Lennox Industries,2021-06-28,0.00
2026-03-09,2026-03-09T00:00:00.000Z,771,202108487,1319905,"Daikin Comfort Technologies Mfg., Inc.",2021-10-15,0.00
2026-03-09,2026-03-09T00:00:00.000Z,771,202205236,1192501,"Draeger, Inc.",2022-07-15,0.00
2026-03-09,2026-03-09T00:00:00.000Z,771,202302770,1526801,Link Systems,2023-08-17,0.00
2026-03-09,2026-03-09T00:00:00.000Z,771,202002952,1319905,"Daikin Comfort Technologies Mfg., Inc.",2020-04-28,0.00
2026-03-09,2026-03-09T00:00:00.000Z,771,117983,1319905,"Daikin Comfort Technologies Mfg., Inc.",2017-10-20,0.00
2026-03-09,2026-03-09T00:00:00.000Z,771,119783,1520802,Lennox Industries Mfg Plant,2018-01-05,0.00
2026-03-09,2026-03-09T00:00:00.000Z,771,20186298,1577102,Modine Mfg Co. - TN,2018-09-12,0.00
2026-03-09,2026-03-09T00:00:00.000Z,771,20187120,1319905,"Daikin Comfort Technologies Mfg., Inc.",2018-10-08,0.00
2026-03-09,2026-03-09T00:00:00.000Z,771,201901260,1687701,Paddock Pool Equipment,2019-02-07,0.00
2026-03-09,2026-03-09T00:00:00.000Z,771,201901271,1319905,"Daikin Comfort Technologies Mfg., Inc.",2019-02-07,0.00
2026-03-09,2026-03-09T00:00:00.000Z,771,201906535,1319905,"Daikin Comfort Technologies Mfg., Inc.",2019-07-12,0.00
2026-03-09,2026-03-09T00:00:00.000Z,771,201910205,1319905,"Daikin Comfort Technologies Mfg., Inc.",2019-11-05,0.00
2026-03-09,2026-03-09T00:00:00.000Z,771,202003810,1319905,"Daikin Comfort Technologies Mfg., Inc.",2020-06-03,0.00
2026-03-09,2026-03-09T00:00:00.000Z,771,202106938,1520802,Lennox Industries Mfg Plant,2021-08-20,0.00
2026-03-09,2026-03-09T00:00:00.000Z,771,202109744,1319905,"Daikin Comfort Technologies Mfg., Inc.",2021-11-30,0.00
2026-03-09,2026-03-09T00:00:00.000Z,771,202207333,1319905,"Daikin Comfort Technologies Mfg., Inc.",2022-09-22,0.00
2026-03-09,2026-03-09T00:00:00.000Z,771,20181280,1577106,Modine Mfg Co. - MO,2018-04-12,0.00
2026-03-09,2026-03-09T00:00:00.000Z,771,121337,1520801,Lennox Industries,2018-02-26,0.00
2026-03-09,2026-03-09T00:00:00.000Z,771,20183424,1319905,"Daikin Comfort Technologies Mfg., Inc.",2018-06-15,0.00
2026-03-09,2026-03-09T00:00:00.000Z,771,202206759,1319905,"Daikin Comfort Technologies Mfg., Inc.",2022-09-06,0.00
2026-03-09,2026-03-09T00:00:00.000Z,771,113466,1115301,"Bulldog Field Equipment, LLC",2017-06-02,0.00
2026-03-09,2026-03-09T00:00:00.000Z,771,116479,1319905,"Daikin Comfort Technologies Mfg., Inc.",2017-09-05,0.00
2026-03-09,2026-03-09T00:00:00.000Z,771,116642,1319905,"Daikin Comfort Technologies Mfg., Inc.",2017-09-11,0.00
2026-03-09,2026-03-09T00:00:00.000Z,771,120441,1520802,Lennox Industries Mfg Plant,2018-01-26,0.00
2026-03-09,2026-03-09T00:00:00.000Z,771,120828,1520802,Lennox Industries Mfg Plant,2018-02-09,0.00
2026-03-09,2026-03-09T00:00:00.000Z,771,121068,1520802,Lennox Industries Mfg Plant,2018-02-16,0.00
2026-03-09,2026-03-09T00:00:00.000Z,771,20184606,1319905,"Daikin Comfort Technologies Mfg., Inc.",2018-07-24,0.00
2026-03-09,2026-03-09T00:00:00.000Z,771,201902132,1319905,"Daikin Comfort Technologies Mfg., Inc.",2019-03-05,0.00
2026-03-09,2026-03-09T00:00:00.000Z,771,201902644,1319905,"Daikin Comfort Technologies Mfg., Inc.",2019-03-21,0.00
2026-03-09,2026-03-09T00:00:00.000Z,771,202006104,1319905,"Daikin Comfort Technologies Mfg., Inc.",2020-09-02,0.00
2026-03-09,2026-03-09T00:00:00.000Z,771,202203789,1319905,"Daikin Comfort Technologies Mfg., Inc.",2022-05-16,0.00
2026-03-09,2026-03-09T00:00:00.000Z,771,202402831,1129701,Carrier Corporation,2024-05-06,0.00
2026-03-09,2026-03-09T00:00:00.000Z,771,112689,1319905,"Daikin Comfort Technologies Mfg., Inc.",2017-05-06,0.00
2026-03-09,2026-03-09T00:00:00.000Z,771,112427,1319905,"Daikin Comfort Technologies Mfg., Inc.",2017-04-28,0.00
2026-03-09,2026-03-09T00:00:00.000Z,771,202300173,1572301,Miller-Leaman Inc.,2023-01-13,0.00
2026-03-09,2026-03-09T00:00:00.000Z,771,120147,1034704,Allied Air Enterprises,2018-01-18,0.00
2026-03-09,2026-03-09T00:00:00.000Z,771,120482,1520801,Lennox Industries,2018-01-29,0.00
2026-03-09,2026-03-09T00:00:00.000Z,771,120805,1034704,Allied Air Enterprises,2018-02-08,0.00
2026-03-09,2026-03-09T00:00:00.000Z,771,121000,1319905,"Daikin Comfort Technologies Mfg., Inc.",2018-02-14,0.00
2026-03-09,2026-03-09T00:00:00.000Z,771,121027,1034704,Allied Air Enterprises,2018-02-15,0.00
2026-03-09,2026-03-09T00:00:00.000Z,771,201903162,1319905,"Daikin Comfort Technologies Mfg., Inc.",2019-04-04,0.00
2026-03-09,2026-03-09T00:00:00.000Z,771,116403,1319905,"Daikin Comfort Technologies Mfg., Inc.",2017-08-31,0.00
2026-03-09,2026-03-09T00:00:00.000Z,771,121070,1520802,Lennox Industries Mfg Plant,2018-02-16,0.00
2026-03-09,2026-03-09T00:00:00.000Z,771,20182473,1520802,Lennox Industries Mfg Plant,2018-05-18,0.00
2026-03-09,2026-03-09T00:00:00.000Z,771,202109085,1319905,"Daikin Comfort Technologies Mfg., Inc.",2021-11-04,0.00
2026-03-09,2026-03-09T00:00:00.000Z,771,109317,1520804,LII Mexico Holdings LTD,,0.00
2026-03-09,2026-03-09T00:00:00.000Z,771,112833,1319905,"Daikin Comfort Technologies Mfg., Inc.",2017-05-10,0.00
2026-03-09,2026-03-09T00:00:00.000Z,771,119779,1520802,Lennox Industries Mfg Plant,2018-01-05,0.00
2026-03-09,2026-03-09T00:00:00.000Z,771,120211,1520802,Lennox Industries Mfg Plant,2018-01-19,0.00
2026-03-09,2026-03-09T00:00:00.000Z,771,20180790,1115301,"Bulldog Field Equipment, LLC",2018-03-23,0.00
2026-03-09,2026-03-09T00:00:00.000Z,771,201903143,1319905,"Daikin Comfort Technologies Mfg., Inc.",2019-04-04,0.00
2026-03-09,2026-03-09T00:00:00.000Z,771,201905463,1319905,"Daikin Comfort Technologies Mfg., Inc.",2019-06-10,0.00
2026-03-09,2026-03-09T00:00:00.000Z,771,201910429,1319905,"Daikin Comfort Technologies Mfg., Inc.",2019-11-12,0.00
2026-03-09,2026-03-09T00:00:00.000Z,771,111684,1319905,"Daikin Comfort Technologies Mfg., Inc.",2017-04-03,0.00
2026-03-09,2026-03-09T00:00:00.000Z,771,20181411,1520804,LII Mexico Holdings LTD,2018-04-16,0.00
2026-03-09,2026-03-09T00:00:00.000Z,771,119777,1520802,Lennox Industries Mfg Plant,2018-01-05,0.00
2026-03-09,2026-03-09T00:00:00.000Z,771,20180161,1520801,Lennox Industries,2018-03-05,0.00
2026-03-09,2026-03-09T00:00:00.000Z,771,20180372,1520801,Lennox Industries,2018-03-09,0.00
2026-03-09,2026-03-09T00:00:00.000Z,771,112573,1520802,Lennox Industries Mfg Plant,2017-05-04,0.00
2026-03-09,2026-03-09T00:00:00.000Z,771,115870,1520801,Lennox Industries,2017-08-14,0.00
2026-03-09,2026-03-09T00:00:00.000Z,771,110159,1024507,"Air System Components, Inc.",2017-02-20,0.00
2026-03-09,2026-03-09T00:00:00.000Z,771,111731,1319905,"Daikin Comfort Technologies Mfg., Inc.",2017-04-03,0.00
2026-03-09,2026-03-09T00:00:00.000Z,771,120437,1520802,Lennox Industries Mfg Plant,2018-01-26,0.00
2026-03-09,2026-03-09T00:00:00.000Z,771,120647,1520802,Lennox Industries Mfg Plant,2018-02-02,0.00
2026-03-09,2026-03-09T00:00:00.000Z,771,120825,1520802,Lennox Industries Mfg Plant,2018-02-09,0.00
2026-03-09,2026-03-09T00:00:00.000Z,771,121065,1520802,Lennox Industries Mfg Plant,2018-02-16,0.00
2026-03-09,2026-03-09T00:00:00.000Z,771,201906738,1319905,"Daikin Comfort Technologies Mfg., Inc.",2019-07-19,0.00
2026-03-09,2026-03-09T00:00:00.000Z,771,201909500,1520801,Lennox Industries,2019-10-14,0.00
2026-03-09,2026-03-09T00:00:00.000Z,771,120005,1520802,Lennox Industries Mfg Plant,2018-01-12,0.00
2026-03-09,2026-03-09T00:00:00.000Z,771,120439,1520802,Lennox Industries Mfg Plant,2018-01-26,0.00
2026-03-09,2026-03-09T00:00:00.000Z,771,202300452,1520802,Lennox Industries Mfg Plant,2023-02-03,0.00
2026-03-09,2026-03-09T00:00:00.000Z,771,120687,1520801,Lennox Industries,2018-02-05,0.00
2026-03-09,2026-03-09T00:00:00.000Z,771,121066,1520802,Lennox Industries Mfg Plant,2018-02-16,0.00
2026-03-09,2026-03-09T00:00:00.000Z,771,121456,1034704,Allied Air Enterprises,2018-03-01,0.00
2026-03-09,2026-03-09T00:00:00.000Z,771,114302,1319905,"Daikin Comfort Technologies Mfg., Inc.",2017-06-23,0.00
2026-03-09,2026-03-09T00:00:00.000Z,771,202107780,1319905,"Daikin Comfort Technologies Mfg., Inc.",2021-09-21,0.00
2026-03-09,2026-03-09T00:00:00.000Z,771,120649,1520802,Lennox Industries Mfg Plant,2018-02-02,0.00
2026-03-09,2026-03-09T00:00:00.000Z,771,112238,1319905,"Daikin Comfort Technologies Mfg., Inc.",2017-04-21,0.00
2026-03-09,2026-03-09T00:00:00.000Z,771,112010,1319905,"Daikin Comfort Technologies Mfg., Inc.",2017-04-12,0.00