billNo	billDate	dueDate	vendorId	amountCurrency	payments	openAmount	status
APR-20260015	2026-03-13	2026-03-13	1810801	455.00	0.00	455.00	OPEN
APR-20260015-S	2026-03-13	2026-03-13	1810801	302.50	0.00	302.50	OPEN
APR-20260011	2026-02-07	2026-02-07	1810801	29975.00	0.00	29975.00	OPEN
APR-20260011-S	2026-02-07	2026-02-07	1810801	20380.80	0.00	20380.80	OPEN
20260009-S	2026-02-03	2026-02-03	1810801	98.00	0.00	98.00	OPEN
APR-20260009	2026-02-03	2026-02-03	1810801	147.80	0.00	147.80	OPEN
APR-20260010	2026-02-03	2026-02-03	1810801	22008.58	0.00	22008.58	OPEN
APR-20260010-S	2026-02-03	2026-02-03	1810801	14671.81	0.00	14671.81	OPEN
APR-20250007-S	2026-01-26	2026-01-26	1810801	1004.30	0.00	1004.30	OPEN
APR-20260007	2026-01-26	2026-01-26	1810801	1505.90	0.00	1505.90	OPEN
APR-20260008	2026-01-26	2026-01-26	1810801	29975.00	0.00	29975.00	OPEN
APR-20260008-S	2026-01-26	2026-01-26	1810801	20380.80	0.00	20380.80	OPEN
APR-20260005	2026-01-20	2026-01-20	1810801	6440.82	0.00	6440.82	OPEN
APR-20260005-S	2026-01-20	2026-01-20	1810801	4292.18	0.00	4292.18	OPEN
APR-20260006	2026-01-20	2026-01-20	1810801	80855.89	0.00	80855.89	OPEN
APR-20260006-S	2026-01-20	2026-01-20	1810801	53900.98	0.00	53900.98	OPEN
APR-20260003	2026-01-12	2026-01-12	1810801	29975.00	0.00	29975.00	OPEN
APR-20260003-S	2026-01-12	2026-01-12	1810801	20380.80	0.00	20380.80	OPEN
APR-20260004	2026-01-12	2026-01-12	1810801	79850.57	0.00	79850.57	OPEN
APR-20260004-S	2026-01-12	2026-01-12	1810801	53226.40	0.00	53226.40	OPEN
APR-202600002-TOOL	2026-01-10	2026-01-10	1810801	650.00	0.00	650.00	OPEN
APR-20260001	2026-01-04	2026-01-04	1810801	914.00	0.00	914.00	OPEN
APR-20260001-S	2026-01-04	2026-01-04	1810801	609.00	0.00	609.00	OPEN
APR-202500113-S	2025-12-29	2025-12-29	1810801	2921.60	0.00	2921.60	OPEN
APR-20220007	2023-01-17	2023-01-17	1810801	2575.00	0.00	2575.00	OPEN
APR-20220088	2022-12-05	2022-12-05	1810801	176226.90	0.00	176226.90	OPEN
APR-20220077	2022-11-02	2022-11-02	1810801	1904.00	0.00	1904.00	OPEN
APR-20220095	2022-10-25	2022-10-25	1810801	885.08	0.00	885.08	OPEN
APR-20220094	2022-10-24	2022-10-24	1810801	210.00	0.00	210.00	OPEN
APR-20220093	2022-10-21	2022-10-21	1810801	2756.00	0.00	2756.00	OPEN
APR-20220078	2022-10-11	2022-10-11	1810801	143906.46	0.00	143906.46	OPEN
APR-20220087	2022-09-30	2022-09-30	1810801	48466.00	0.00	48466.00	OPEN
APR-20220089	2022-09-30	2022-09-30	1810801	463.05	0.00	463.05	OPEN
APR-20220081	2022-09-26	2022-09-26	1810801	179030.67	0.00	179030.67	OPEN
APR-20220084	2022-09-20	2022-09-20	1810801	48466.00	0.00	48466.00	OPEN
APR-20220086	2022-09-19	2022-09-19	1810801	522.40	0.00	522.40	OPEN
APR-20220073	2022-09-13	2022-09-13	1810801	154228.60	0.00	154228.60	OPEN
APR-20220083	2022-09-06	2022-09-06	1810801	159686.40	0.00	159686.40	OPEN
APR-20220072	2022-09-02	2022-09-02	1810801	43918.60	0.00	43918.60	OPEN
APR-20220082	2022-08-31	2022-08-31	1810801	210.00	0.00	210.00	OPEN
APR-20220080	2022-08-28	2022-08-28	1810801	48466.00	0.00	48466.00	OPEN
APR-20220079	2022-08-20	2022-08-20	1810801	43918.60	0.00	43918.60	OPEN
APR-20220062	2022-08-16	2022-08-16	1810801	135663.49	0.00	135663.49	OPEN
APR-20220076	2022-08-09	2022-08-09	1810801	8092.00	0.00	8092.00	OPEN
APR-20220075-TOOL	2022-08-04	2022-08-04	1810801	4665.18	0.00	4665.18	OPEN
APR-20220074	2022-07-27	2022-07-27	1810801	148862.12	0.00	148862.12	OPEN
APR-20210162	2022-07-11	2022-07-11	1810801	92135.28	0.00	92135.28	OPEN
APR-20220071	2022-07-11	2022-07-11	1810801	17364.17	0.00	17364.17	OPEN
APR-20220069	2022-06-30	2022-06-30	1810801	1652.40	0.00	1652.40	OPEN
APR-20220067	2022-06-28	2022-06-28	1810801	43918.60	0.00	43918.60	OPEN
APR-20220070	2022-06-28	2022-06-28	1810801	111712.72	0.00	111712.72	OPEN
APR-20220041	2022-06-27	2022-06-27	1810801	119681.46	0.00	119681.46	OPEN
APR-20220068	2022-06-27	2022-06-27	1810801	2761.99	0.00	2761.99	OPEN
APR-20220036	2022-06-22	2022-06-22	1810801	158321.24	0.00	158321.24	OPEN
APR-20220066	2022-06-19	2022-06-19	1810801	112833.54	0.00	112833.54	OPEN
APR-20220013	2022-06-15	2022-06-15	1810801	163882.19	0.00	163882.19	OPEN
APR-20220063	2022-06-13	2022-06-13	1810801	43918.60	0.00	43918.60	OPEN
APR-20220064	2022-06-13	2022-06-13	1810801	14704.23	0.00	14704.23	OPEN
APR-20220065-TOOL	2022-06-13	2022-06-13	1810801	1000.00	0.00	1000.00	OPEN
APR-20220085	2022-06-10	2022-06-10	1810801	2249.10	0.00	2249.10	OPEN
APR-20220002	2022-06-09	2022-06-09	1810801	162146.72	0.00	162146.72	OPEN
APR-20220025	2022-06-01	2022-06-01	1810801	133431.86	0.00	133431.86	OPEN
APR-20220061	2022-05-27	2022-05-27	1810801	43918.60	0.00	43918.60	OPEN
APR-20220057	2022-05-25	2022-05-25	1810801	608.04	0.00	608.04	OPEN
APR-20220058	2022-05-25	2022-05-25	1810801	4646.70	0.00	4646.70	OPEN
APR-20210159	2022-05-24	2022-05-24	1810801	144390.94	0.00	144390.94	OPEN
APR-20220059	2022-05-21	2022-05-21	1810801	141297.54	0.00	141297.54	OPEN
APR-20220060	2022-05-21	2022-05-21	1810801	171514.15	0.00	171514.15	OPEN
APR-20220056	2022-05-18	2022-05-18	1810801	460.00	0.00	460.00	OPEN
APR-20220055	2022-05-16	2022-05-16	1810801	43918.60	0.00	43918.60	OPEN
APR-20210146	2022-05-12	2022-05-12	1810801	143530.17	0.00	143530.17	OPEN
APR-20210149	2022-05-12	2022-05-12	1810801	132068.00	0.00	132068.00	OPEN
APR-20210155	2022-05-12	2022-05-12	1810801	140102.55	0.00	140102.55	OPEN
APR-20220053-TOOL	2022-05-12	2022-05-12	1810801	200.00	0.00	200.00	OPEN
APR-20220054-TOOL	2022-05-12	2022-05-12	1810801	200.00	0.00	200.00	OPEN
APR-20220052	2022-05-11	2022-05-11	1810801	478.00	0.00	478.00	OPEN
APR-20220049	2022-05-09	2022-05-09	1810801	573.30	0.00	573.30	OPEN
APR-20220050	2022-05-09	2022-05-09	1810801	504.98	0.00	504.98	OPEN
APR-20220051	2022-05-09	2022-05-09	1810801	3386.24	0.00	3386.24	OPEN
APR-20220046	2022-05-07	2022-05-07	1810801	658.35	0.00	658.35	OPEN
APR-20220045	2022-05-06	2022-05-06	1810801	658.35	0.00	658.35	OPEN
APR-20220047	2022-05-06	2022-05-06	1810801	1843.38	0.00	1843.38	OPEN
APR-20220048	2022-05-06	2022-05-06	1810801	1843.38	0.00	1843.38	OPEN
APR-20220043	2022-05-04	2022-05-04	1810801	599.80	0.00	599.80	OPEN
APR-20220044	2022-05-04	2022-05-04	1810801	329.18	0.00	329.18	OPEN
APR-2022016	2022-04-21	2022-04-21	1810801	573.30	0.00	573.30	OPEN
APR-2022016-2	2022-04-21	2022-04-21	1810801	573.30	0.00	573.30	OPEN
APR-2022016-3	2022-04-21	2022-04-21	1810801	504.98	0.00	504.98	OPEN
APR-20220038	2022-04-16	2022-04-16	1810801	150053.63	0.00	150053.63	OPEN
APR-20220039	2022-04-15	2022-04-15	1810801	4267.30	0.00	4267.30	OPEN
APR-20220037	2022-04-14	2022-04-14	1810801	21.95	0.00	21.95	OPEN
APR-20220034	2022-04-11	2022-04-11	1810801	42196.00	0.00	42196.00	OPEN
APR-20220035	2022-04-08	2022-04-08	1810801	885.08	0.00	885.08	OPEN
APR-2021062	2022-04-04	2022-04-04	1810801	1278.45	0.00	1278.45	OPEN
APR-20220033	2022-03-28	2022-03-28	1810801	42196.00	0.00	42196.00	OPEN
APR-20220032	2022-03-25	2022-03-25	1810801	6958.18	0.00	6958.18	OPEN
APR-20220028-TOOL	2022-03-23	2022-03-23	1810801	3100.00	0.00	3100.00	OPEN
APR-20220029-TOOL	2022-03-23	2022-03-23	1810801	2700.00	0.00	2700.00	OPEN
APR-20220030-TOOL	2022-03-23	2022-03-23	1810801	2700.00	0.00	2700.00	OPEN
APR-20220027	2022-03-21	2022-03-21	1810801	335.89	0.00	335.89	OPEN
APR-20220026	2022-03-18	2022-03-18	1810801	500.00	0.00	500.00	OPEN
APR-20220031	2022-03-18	2022-03-18	1810801	900.00	0.00	900.00	OPEN
APR-20210135	2022-03-14	2022-03-14	1810801	137106.43	0.00	137106.43	OPEN
APR-20210136	2022-03-14	2022-03-14	1810801	109312.69	0.00	109312.69	OPEN
APR-20220024	2022-03-04	2022-03-04	1810801	5471.35	0.00	5471.35	OPEN
APR-20220023	2022-03-02	2022-03-02	1810801	42196.00	0.00	42196.00	OPEN
APR-20220020	2022-02-26	2022-02-26	1810801	1720.63	0.00	1720.63	OPEN
APR-20220019	2022-02-23	2022-02-23	1810801	4400.00	0.00	4400.00	OPEN
APR-20220018	2022-02-17	2022-02-17	1810801	1200.00	0.00	1200.00	OPEN
APR-20210137	2022-02-14	2022-02-14	1810801	134274.33	0.00	134274.33	OPEN
APR-20220016	2022-02-10	2022-02-10	1810801	14266.00	0.00	14266.00	OPEN
APR-20220021	2022-02-10	2022-02-10	1810801	42196.00	0.00	42196.00	OPEN
APR-20220022	2022-02-10	2022-02-10	1810801	42196.00	0.00	42196.00	OPEN
APR-20220012	2022-01-28	2022-01-28	1810801	42196.00	0.00	42196.00	OPEN
APR-20220011	2022-01-27	2022-01-27	1810801	42196.00	0.00	42196.00	OPEN
APR-20220014	2022-01-27	2022-01-27	1810801	419.86	0.00	419.86	OPEN
APR-20220010	2022-01-24	2022-01-24	1810801	3570.00	0.00	3570.00	OPEN
APR-20220015	2022-01-20	2022-01-20	1810801	357.00	0.00	357.00	OPEN
APR-20220008	2022-01-19	2022-01-19	1810801	107.28	0.00	107.28	OPEN
APR-20220005	2022-01-17	2022-01-17	1810801	5357.40	0.00	5357.40	OPEN
APR-20220006-TOOL	2022-01-17	2022-01-17	1810801	2309.04	0.00	2309.04	OPEN
APR-20220004	2022-01-11	2022-01-11	1810801	1659.00	0.00	1659.00	OPEN
APR-20220001	2022-01-06	2022-01-06	1810801	239.00	0.00	239.00	OPEN
APR-20220003	2022-01-06	2022-01-06	1810801	241.83	0.00	241.83	OPEN
APR-20210106	2022-01-01	2022-01-01	1810801	103.00	0.00	103.00	OPEN
APR-20210167	2021-12-27	2021-12-27	1810801	1560.00	0.00	1560.00	OPEN
APR-20210165	2021-12-21	2021-12-21	1810801	806.44	0.00	806.44	OPEN
APR-20210164	2021-12-18	2021-12-18	1810801	780.00	0.00	780.00	OPEN
APR-20210163	2021-12-17	2021-12-17	1810801	595.36	0.00	595.36	OPEN
APR-20210161	2021-12-10	2021-12-10	1810801	213.12	0.00	213.12	OPEN
APR-20210156	2021-12-06	2021-12-06	1810801	42196.00	0.00	42196.00	OPEN
APR-20210158	2021-12-03	2021-12-03	1810801	13167.00	0.00	13167.00	OPEN
APR-20210157	2021-12-02	2021-12-02	1810801	123.60	0.00	123.60	OPEN
APR-20210154	2021-11-29	2021-11-29	1810801	582.12	0.00	582.12	OPEN
APR-20210152	2021-11-25	2021-11-25	1810801	582.12	0.00	582.12	OPEN
APR-20210153	2021-11-25	2021-11-25	1810801	3284.89	0.00	3284.89	OPEN
APR-20210151	2021-11-22	2021-11-22	1810801	180.00	0.00	180.00	OPEN
APR-20210072	2021-11-19	2021-11-19	1810801	179296.36	0.00	179296.36	OPEN
APR-20210114	2021-11-18	2021-11-18	1810801	123064.87	0.00	123064.87	OPEN
APR-20210123	2021-11-18	2021-11-18	1810801	100975.02	0.00	100975.02	OPEN
APR-20210133	2021-11-18	2021-11-18	1810801	111470.62	0.00	111470.62	OPEN
APR-20210150	2021-11-16	2021-11-16	1810801	42196.00	0.00	42196.00	OPEN
APR-20210147	2021-11-04	2021-11-04	1810801	42196.00	0.00	42196.00	OPEN
APR-20210144	2021-10-30	2021-10-30	1810801	42196.00	0.00	42196.00	OPEN
APR-20210148	2021-10-26	2021-10-26	1810801	145703.61	0.00	145703.61	OPEN
APR-20210142-TOOL	2021-10-25	2021-10-25	1810801	4469.09	0.00	4469.09	OPEN
APR-20210143	2021-10-25	2021-10-25	1810801	687.96	0.00	687.96	OPEN
APR-20210108	2021-10-21	2021-10-21	1810801	172037.77	0.00	172037.77	OPEN
APR-20210141	2021-10-21	2021-10-21	1810801	1057.95	0.00	1057.95	OPEN
APR-20210074	2021-10-20	2021-10-20	1810801	360.00	0.00	360.00	OPEN
APR-20210139	2021-10-19	2021-10-19	1810801	378.00	0.00	378.00	OPEN
APR-20210138	2021-10-18	2021-10-18	1810801	127.50	0.00	127.50	OPEN
APR-20210116	2021-10-13	2021-10-13	1810801	125973.29	0.00	125973.29	OPEN
APR-20210056	2021-10-12	2021-10-12	1810801	3334.92	0.00	3334.92	OPEN
APR-20210095	2021-09-28	2021-09-28	1810801	141899.22	0.00	141899.22	OPEN
APR-20170011	2021-09-26	2021-09-26	1810801	93055.37	0.00	93055.37	OPEN
APR-20210130-TOOL	2021-09-22	2021-09-22	1810801	3200.00	0.00	3200.00	OPEN
APR-20210131-TOOL	2021-09-22	2021-09-22	1810801	2100.00	0.00	2100.00	OPEN
APR-20210132-TOOL	2021-09-22	2021-09-22	1810801	269.71	0.00	269.71	OPEN
APR-20210134	2021-09-22	2021-09-22	1810801	42196.00	0.00	42196.00	OPEN
APR-20210129	2021-09-16	2021-09-16	1810801	257.50	0.00	257.50	OPEN
APR-20210128-TOOL	2021-09-15	2021-09-15	1810801	3200.00	0.00	3200.00	OPEN
APR-20210125-TOOL	2021-09-13	2021-09-13	1810801	606.30	0.00	606.30	OPEN
APR-20210126-TOOL	2021-09-13	2021-09-13	1810801	5000.00	0.00	5000.00	OPEN
APR-20210124	2021-09-09	2021-09-09	1810801	380.00	0.00	380.00	OPEN
APR-20210127	2021-09-06	2021-09-06	1810801	41800.00	0.00	41800.00	OPEN
APR-20210119	2021-09-02	2021-09-02	1810801	23.04	0.00	23.04	OPEN
APR-20210120-TOOL	2021-09-02	2021-09-02	1810801	5739.83	0.00	5739.83	OPEN
APR-20210121	2021-09-02	2021-09-02	1810801	3015.88	0.00	3015.88	OPEN
APR-20210122	2021-09-02	2021-09-02	1810801	3015.88	0.00	3015.88	OPEN
APR-20210093	2021-09-01	2021-09-01	1810801	167408.19	0.00	167408.19	OPEN
APR-20210117	2021-09-01	2021-09-01	1810801	197.50	0.00	197.50	OPEN
APR-20210118	2021-09-01	2021-09-01	1810801	319.20	0.00	319.20	OPEN
APR-20210115	2021-08-23	2021-08-23	1810801	38685.24	0.00	38685.24	OPEN
APR-20210090	2021-08-17	2021-08-17	1810801	116762.38	0.00	116762.38	OPEN
APR-20210079	2021-08-16	2021-08-16	1810801	76780.14	0.00	76780.14	OPEN
APR-20210112	2021-08-16	2021-08-16	1810801	188.50	0.00	188.50	OPEN
APR-20210113-TOOL	2021-08-16	2021-08-16	1810801	26.00	0.00	26.00	OPEN
APR-20210111	2021-08-12	2021-08-12	1810801	38685.24	0.00	38685.24	OPEN
APR-20210078	2021-08-11	2021-08-11	1810801	163236.23	0.00	163236.23	OPEN
APR-20210109-TOOL	2021-08-11	2021-08-11	1810801	3300.00	0.00	3300.00	OPEN
APR-20210110-TOOL	2021-08-11	2021-08-11	1810801	4023.04	0.00	4023.04	OPEN
APR-20210107	2021-08-05	2021-08-05	1810801	19206.90	0.00	19206.90	OPEN
APR-20210105	2021-07-30	2021-07-30	1810801	38685.24	0.00	38685.24	OPEN
APR-20210103-TOOL	2021-07-27	2021-07-27	1810801	1500.00	0.00	1500.00	OPEN
APR-20210104-TOOL	2021-07-27	2021-07-27	1810801	1500.00	0.00	1500.00	OPEN
APR-20210102	2021-07-25	2021-07-25	1810801	38685.24	0.00	38685.24	OPEN
APR-20210101	2021-07-23	2021-07-23	1810801	3116.64	0.00	3116.64	OPEN
APR-20210100	2021-07-19	2021-07-19	1810801	357.60	0.00	357.60	OPEN
APR-20210099	2021-07-18	2021-07-18	1810801	152728.30	0.00	152728.30	OPEN
APR-20210096	2021-07-14	2021-07-14	1810801	38685.24	0.00	38685.24	OPEN
APR-20210098	2021-07-13	2021-07-13	1810801	1327.62	0.00	1327.62	OPEN
APR-20210097	2021-07-09	2021-07-09	1810801	8792.10	0.00	8792.10	OPEN
APR-20210094	2021-07-05	2021-07-05	1810801	784.00	0.00	784.00	OPEN
APR-20210091	2021-07-02	2021-07-02	1810801	115.24	0.00	115.24	OPEN
APR-20210092	2021-07-02	2021-07-02	1810801	123.50	0.00	123.50	OPEN
APR-20210088-TOOL	2021-06-28	2021-06-28	1810801	1384.00	0.00	1384.00	OPEN
APR-20190003B	2021-06-25	2021-06-25	1810801	87699.10	0.00	87699.10	OPEN
APR-20210086	2021-06-25	2021-06-25	1810801	458.64	0.00	458.64	OPEN
APR-20210087	2021-06-25	2021-06-25	1810801	455.90	0.00	455.90	OPEN
APR-20210089	2021-06-24	2021-06-24	1810801	38289.24	0.00	38289.24	OPEN
APR-20210082	2021-06-23	2021-06-23	1810801	34.55	0.00	34.55	OPEN
APR-20210083-TOOL	2021-06-23	2021-06-23	1810801	2750.00	0.00	2750.00	OPEN
APR-20210084	2021-06-23	2021-06-23	1810801	343.82	0.00	343.82	OPEN
APR-20210081	2021-06-17	2021-06-17	1810801	648.28	0.00	648.28	OPEN
APR-20210080	2021-06-16	2021-06-16	1810801	464.80	0.00	464.80	OPEN
APR-20210059-TOOL	2021-06-14	2021-06-14	1810801	1500.00	0.00	1500.00	OPEN
APR-20210077	2021-06-13	2021-06-13	1810801	38289.24	0.00	38289.24	OPEN
APR-20210045	2021-06-11	2021-06-11	1810801	121598.09	0.00	121598.09	OPEN
APR-20210069	2021-06-10	2021-06-10	1810801	38289.24	0.00	38289.24	OPEN
APR-20210076	2021-06-10	2021-06-10	1810801	800.00	0.00	800.00	OPEN
APR-20210070	2021-06-09	2021-06-09	1810801	2655.24	0.00	2655.24	OPEN
APR-20210071	2021-06-09	2021-06-09	1810801	3345.60	0.00	3345.60	OPEN
APR-20210075	2021-06-08	2021-06-08	1810801	1005.48	0.00	1005.48	OPEN
APR-20210067	2021-06-06	2021-06-06	1810801	38289.24	0.00	38289.24	OPEN
APR-20210068	2021-06-04	2021-06-04	1810801	1029.00	0.00	1029.00	OPEN
APR-20210066	2021-06-02	2021-06-02	1810801	960.00	0.00	960.00	OPEN
APR-20210031	2021-06-01	2021-06-01	1810801	159473.76	0.00	159473.76	OPEN
APR-20210035	2021-06-01	2021-06-01	1810801	112635.79	0.00	112635.79	OPEN
APR-20210064	2021-06-01	2021-06-01	1810801	1406.48	0.00	1406.48	OPEN
APR-20210063	2021-05-31	2021-05-31	1810801	1029.00	0.00	1029.00	OPEN
APR-20210062	2021-05-30	2021-05-30	1810801	1029.00	0.00	1029.00	OPEN
APR-20210060	2021-05-28	2021-05-28	1810801	5498.82	0.00	5498.82	OPEN
APR-20210061	2021-05-28	2021-05-28	1810801	2572.50	0.00	2572.50	OPEN
APR-20210058-TOOL	2021-05-24	2021-05-24	1810801	2397.50	0.00	2397.50	OPEN
APR-20210057	2021-05-20	2021-05-20	1810801	3423.42	0.00	3423.42	OPEN
APR-20210055	2021-05-19	2021-05-19	1810801	526.68	0.00	526.68	OPEN
APR-20210053	2021-05-18	2021-05-18	1810801	526.68	0.00	526.68	OPEN
APR-20210054-TOOL	2021-05-18	2021-05-18	1810801	224.10	0.00	224.10	OPEN
APR-20210052	2021-05-17	2021-05-17	1810801	1316.70	0.00	1316.70	OPEN
APR-20210051	2021-05-13	2021-05-13	1810801	236.70	0.00	236.70	OPEN
APR-20210050	2021-05-12	2021-05-12	1810801	2370.06	0.00	2370.06	OPEN
APR-20210024	2021-05-11	2021-05-11	1810801	142287.42	0.00	142287.42	OPEN
APR-20210048	2021-05-11	2021-05-11	1810801	1434.87	0.00	1434.87	OPEN
APR-20210049	2021-05-11	2021-05-11	1810801	308.88	0.00	308.88	OPEN
APR-20210025	2021-05-10	2021-05-10	1810801	153773.66	0.00	153773.66	OPEN
APR-20210047	2021-05-07	2021-05-07	1810801	419.86	0.00	419.86	OPEN
APR-20210046	2021-05-06	2021-05-06	1810801	1270.10	0.00	1270.10	OPEN
APR-20210044	2021-04-27	2021-04-27	1810801	313.60	0.00	313.60	OPEN
APR-20210042	2021-04-26	2021-04-26	1810801	603.29	0.00	603.29	OPEN
APR-20210043	2021-04-26	2021-04-26	1810801	2435.90	0.00	2435.90	OPEN
APR-20210041	2021-04-23	2021-04-23	1810801	502.74	0.00	502.74	OPEN
APR-20210039-TOOL	2021-04-22	2021-04-22	1810801	200.00	0.00	200.00	OPEN
APR-20210040	2021-04-22	2021-04-22	1810801	502.74	0.00	502.74	OPEN
APR-20210038	2021-04-19	2021-04-19	1810801	1528.80	0.00	1528.80	OPEN
APR-20210036	2021-04-16	2021-04-16	1810801	460.85	0.00	460.85	OPEN
APR-20210037	2021-04-16	2021-04-16	1810801	724.19	0.00	724.19	OPEN
APR-20210034	2021-04-15	2021-04-15	1810801	329.18	0.00	329.18	OPEN
APR-20210032	2021-04-09	2021-04-09	1810801	1109.60	0.00	1109.60	OPEN
APR-20210028	2021-04-02	2021-04-02	1810801	1514.21	0.00	1514.21	OPEN
APR-20210029	2021-04-02	2021-04-02	1810801	290.00	0.00	290.00	OPEN
APR-20210030	2021-04-02	2021-04-02	1810801	1023.67	0.00	1023.67	OPEN
APR-20210027-TOOL	2021-04-01	2021-04-01	1810801	2942.24	0.00	2942.24	OPEN
APR-20210026	2021-03-26	2021-03-26	1810801	1350.00	0.00	1350.00	OPEN
APR-20210014	2021-03-23	2021-03-23	1810801	157195.15	0.00	157195.15	OPEN
APR-20210023	2021-03-22	2021-03-22	1810801	8011.50	0.00	8011.50	OPEN
APR-20210022	2021-03-18	2021-03-18	1810801	746.00	0.00	746.00	OPEN
APR-20210021	2021-03-17	2021-03-17	1810801	746.00	0.00	746.00	OPEN
APR-20210020	2021-03-16	2021-03-16	1810801	746.00	0.00	746.00	OPEN
APR-20210018	2021-03-15	2021-03-15	1810801	4608.80	0.00	4608.80	OPEN
APR-20210019	2021-03-15	2021-03-15	1810801	639.16	0.00	639.16	OPEN
APR-20210017	2021-03-10	2021-03-10	1810801	29.26	0.00	29.26	OPEN
APR-20210006	2021-03-09	2021-03-09	1810801	105526.17	0.00	105526.17	OPEN
APR-20210008	2021-03-09	2021-03-09	1810801	65178.56	0.00	65178.56	OPEN
APR-20210015	2021-02-26	2021-02-26	1810801	178.63	0.00	178.63	OPEN
APR-20200129	2021-02-11	2021-02-11	1810801	104488.17	0.00	104488.17	OPEN
APR-20210013	2021-01-29	2021-01-29	1810801	1646.40	0.00	1646.40	OPEN
APR-20210012	2021-01-27	2021-01-27	1810801	117.60	0.00	117.60	OPEN
APR-20210011	2021-01-25	2021-01-25	1810801	1029.00	0.00	1029.00	OPEN
APR-20210010-TOOL	2021-01-22	2021-01-22	1810801	1800.00	0.00	1800.00	OPEN
APR-20210009	2021-01-21	2021-01-21	1810801	16745.40	0.00	16745.40	OPEN
APR-20210007- TOOL	2021-01-18	2021-01-18	1810801	5000.00	0.00	5000.00	OPEN
APR-20210005-TOOL	2021-01-14	2021-01-14	1810801	90.00	0.00	90.00	OPEN
APR-20210002	2021-01-08	2021-01-08	1810801	2940.90	0.00	2940.90	OPEN
APR-20210001	2021-01-04	2021-01-04	1810801	1200.50	0.00	1200.50	OPEN
APR-20200130	2020-12-30	2020-12-30	1810801	132.00	0.00	132.00	OPEN
APR-20200128	2020-12-26	2020-12-26	1810801	960.40	0.00	960.40	OPEN
APR-20200127	2020-12-24	2020-12-24	1810801	22589.43	0.00	22589.43	OPEN
APR-20200122-TOOL	2020-12-21	2020-12-21	1810801	2000.00	0.00	2000.00	OPEN
APR-20200123-TOOL	2020-12-21	2020-12-21	1810801	400.00	0.00	400.00	OPEN
APR-20200124-TOOL	2020-12-21	2020-12-21	1810801	1800.00	0.00	1800.00	OPEN
APR-20200125-TOOL	2020-12-21	2020-12-21	1810801	150.00	0.00	150.00	OPEN
APR-20200126-TOOL	2020-12-21	2020-12-21	1810801	1545.24	0.00	1545.24	OPEN
APR-20200121	2020-12-18	2020-12-18	1810801	763.50	0.00	763.50	OPEN
APR-20200119	2020-12-17	2020-12-17	1810801	76399.49	0.00	76399.49	OPEN
APR-20200094	2020-12-16	2020-12-16	1810801	115095.68	0.00	115095.68	OPEN
APR-20200120	2020-12-15	2020-12-15	1810801	436.60	0.00	436.60	OPEN
APR-20200118	2020-12-14	2020-12-14	1810801	196.00	0.00	196.00	OPEN
APR-20200117-TOOL	2020-12-11	2020-12-11	1810801	99.80	0.00	99.80	OPEN
APR-20200116	2020-12-10	2020-12-10	1810801	749.70	0.00	749.70	OPEN
APR-20200111	2020-12-05	2020-12-05	1810801	156044.61	0.00	156044.61	OPEN
APR-20200115	2020-12-04	2020-12-04	1810801	980.00	0.00	980.00	OPEN
APR-20200112	2020-12-03	2020-12-03	1810801	2183.00	0.00	2183.00	OPEN
APR-20200113-TOOL	2020-12-03	2020-12-03	1810801	2000.00	0.00	2000.00	OPEN
APR-20200107	2020-12-02	2020-12-02	1810801	588.00	0.00	588.00	OPEN
APR-20200108-TOOL	2020-12-02	2020-12-02	1810801	3050.00	0.00	3050.00	OPEN
APR-20200109	2020-12-02	2020-12-02	1810801	180.00	0.00	180.00	OPEN
APR-20140021-TOOL	2020-12-01	2020-12-01	1810801	1800.00	0.00	1800.00	OPEN
APR-20140042-TOOL	2020-12-01	2020-12-01	1810801	800.00	0.00	800.00	OPEN
APR-20140043-TOOL	2020-12-01	2020-12-01	1810801	800.00	0.00	800.00	OPEN
APR-20140051-TOOL	2020-12-01	2020-12-01	1810801	800.00	0.00	800.00	OPEN
APR-20140052-TOOL	2020-12-01	2020-12-01	1810801	800.00	0.00	800.00	OPEN
APR-20140053-TOOL	2020-12-01	2020-12-01	1810801	800.00	0.00	800.00	OPEN
APR-20140087-TOOL	2020-12-01	2020-12-01	1810801	800.00	0.00	800.00	OPEN
APR-20140176-TOOL	2020-12-01	2020-12-01	1810801	800.00	0.00	800.00	OPEN
APR-20160078-TOOL	2020-12-01	2020-12-01	1810801	900.00	0.00	900.00	OPEN
APR-20160125-TOOL	2020-12-01	2020-12-01	1810801	400.00	0.00	400.00	OPEN
APR-20170030-TOOL	2020-12-01	2020-12-01	1810801	500.00	0.00	500.00	OPEN
APR-20170032	2020-12-01	2020-12-01	1810801	3000.00	0.00	3000.00	OPEN
APR-20180084-TOOL	2020-12-01	2020-12-01	1810801	3045.00	0.00	3045.00	OPEN
APR-20180094-TOOL	2020-12-01	2020-12-01	1810801	750.00	0.00	750.00	OPEN
APR-20180095-TOOL	2020-12-01	2020-12-01	1810801	200.00	0.00	200.00	OPEN
APR-20180096-TOOL	2020-12-01	2020-12-01	1810801	200.00	0.00	200.00	OPEN
APR-20180103-TOOL	2020-12-01	2020-12-01	1810801	1200.00	0.00	1200.00	OPEN
APR-20180104-TOOL	2020-12-01	2020-12-01	1810801	1200.00	0.00	1200.00	OPEN
APR-20180105-TOOL	2020-12-01	2020-12-01	1810801	1200.00	0.00	1200.00	OPEN
APR-20200006-TOOL	2020-12-01	2020-12-01	1810801	1850.00	0.00	1850.00	OPEN
APR-20200009-TOOL	2020-12-01	2020-12-01	1810801	900.00	0.00	900.00	OPEN
APR-20200010-TOOL	2020-12-01	2020-12-01	1810801	1650.00	0.00	1650.00	OPEN
APR-20200012-TOOL	2020-12-01	2020-12-01	1810801	1450.00	0.00	1450.00	OPEN
APR-20200038-TOOL	2020-12-01	2020-12-01	1810801	1450.00	0.00	1450.00	OPEN
APR-20200068-TOOL	2020-12-01	2020-12-01	1810801	2000.00	0.00	2000.00	OPEN
APR-202000106	2020-11-30	2020-11-30	1810801	287.39	0.00	287.39	OPEN
APR-20200105	2020-11-30	2020-11-30	1810801	400.00	0.00	400.00	OPEN
APR-20200104	2020-11-25	2020-11-25	1810801	352.00	0.00	352.00	OPEN
APR-20200103	2020-11-20	2020-11-20	1810801	1746.40	0.00	1746.40	OPEN
APR-202000102	2020-11-18	2020-11-18	1810801	150.00	0.00	150.00	OPEN
APR-20200098-TOOL	2020-11-18	2020-11-18	1810801	1650.00	0.00	1650.00	OPEN
APR-20200100	2020-11-16	2020-11-16	1810801	873.20	0.00	873.20	OPEN
APR-20200099	2020-11-15	2020-11-15	1810801	64654.07	0.00	64654.07	OPEN
APR-20200097	2020-11-11	2020-11-11	1810801	873.20	0.00	873.20	OPEN
APR-20200095-TOOL	2020-11-06	2020-11-06	1810801	1500.00	0.00	1500.00	OPEN
APR-20200096-TOOL	2020-11-06	2020-11-06	1810801	4150.96	0.00	4150.96	OPEN
APR-20200092	2020-10-30	2020-10-30	1810801	285.00	0.00	285.00	OPEN
APR-20200093	2020-10-30	2020-10-30	1810801	873.20	0.00	873.20	OPEN
APR-20200090	2020-10-24	2020-10-24	1810801	38685.24	0.00	38685.24	OPEN
APR-20200091	2020-10-22	2020-10-22	1810801	3601.50	0.00	3601.50	OPEN
APR-20200089	2020-10-20	2020-10-20	1810801	847.90	0.00	847.90	OPEN
APR-20200088	2020-10-16	2020-10-16	1810801	131600.67	0.00	131600.67	OPEN
APR_20200087	2020-10-05	2020-10-05	1810801	260.00	0.00	260.00	OPEN
APR-20200085	2020-10-02	2020-10-02	1810801	313.50	0.00	313.50	OPEN
APR-20200086	2020-10-02	2020-10-02	1810801	313.50	0.00	313.50	OPEN
APR-20200084	2020-09-29	2020-09-29	1810801	38685.24	0.00	38685.24	OPEN
APR-20200082	2020-09-22	2020-09-22	1810801	113013.61	0.00	113013.61	OPEN
APR-20200083	2020-09-22	2020-09-22	1810801	480.20	0.00	480.20	OPEN
APR-20200079	2020-09-16	2020-09-16	1810801	38685.24	0.00	38685.24	OPEN
APR-20200080-1-TOOL	2020-09-14	2020-09-14	1810801	1850.00	0.00	1850.00	OPEN
APR-20200081	2020-09-14	2020-09-14	1810801	1350.35	0.00	1350.35	OPEN
APR-20200077	2020-09-08	2020-09-08	1810801	90432.20	0.00	90432.20	OPEN
APR-20200076	2020-09-03	2020-09-03	1810801	620.32	0.00	620.32	OPEN
APR-20200075	2020-09-02	2020-09-02	1810801	125.00	0.00	125.00	OPEN
APR-20200078	2020-09-02	2020-09-02	1810801	237.65	0.00	237.65	OPEN
APR-20200066	2020-08-27	2020-08-27	1810801	59064.10	0.00	59064.10	OPEN
APR-20200074	2020-08-26	2020-08-26	1810801	38685.24	0.00	38685.24	OPEN
APR-20200073	2020-08-14	2020-08-14	1810801	110.00	0.00	110.00	OPEN
APR-20200071	2020-08-10	2020-08-10	1810801	38685.24	0.00	38685.24	OPEN
APR-20200070	2020-08-04	2020-08-04	1810801	53731.28	0.00	53731.28	OPEN
APR-20200072	2020-08-04	2020-08-04	1810801	55882.54	0.00	55882.54	OPEN
APR-20200069	2020-07-27	2020-07-27	1810801	38684.71	0.00	38684.71	OPEN
APR-20200067	2020-07-18	2020-07-18	1810801	51832.94	0.00	51832.94	OPEN
APR-202000064	2020-07-13	2020-07-13	1810801	38685.77	0.00	38685.77	OPEN
APR-20200065	2020-07-10	2020-07-10	1810801	1350.00	0.00	1350.00	OPEN
APR-20200063	2020-07-08	2020-07-08	1810801	38685.77	0.00	38685.77	OPEN
APR-20200062-TOOL	2020-07-01	2020-07-01	1810801	1650.00	0.00	1650.00	OPEN
APR-20200060	2020-06-18	2020-06-18	1810801	25456.75	0.00	25456.75	OPEN
APR-20200061	2020-06-18	2020-06-18	1810801	500.00	0.00	500.00	OPEN
APR-20200058	2020-06-17	2020-06-17	1810801	342.00	0.00	342.00	OPEN
APR-20200059	2020-06-02	2020-06-02	1810801	59665.07	0.00	59665.07	OPEN
APR-20200057	2020-05-21	2020-05-21	1810801	352.00	0.00	352.00	OPEN
APR-20200055	2020-05-20	2020-05-20	1810801	900.00	0.00	900.00	OPEN
APR-20200056	2020-05-20	2020-05-20	1810801	1800.00	0.00	1800.00	OPEN
APR-20200054	2020-05-19	2020-05-19	1810801	295.00	0.00	295.00	OPEN
APR-20200053	2020-05-18	2020-05-18	1810801	1842.40	0.00	1842.40	OPEN
APR-20200052	2020-05-15	2020-05-15	1810801	235.20	0.00	235.20	OPEN
APR-20200051	2020-05-06	2020-05-06	1810801	117.60	0.00	117.60	OPEN
APR-20200050	2020-05-04	2020-05-04	1810801	61631.45	0.00	61631.45	OPEN
APR-20200048	2020-04-30	2020-04-30	1810801	642.60	0.00	642.60	OPEN
APR-20200049	2020-04-30	2020-04-30	1810801	88.00	0.00	88.00	OPEN
APR-20200046	2020-04-22	2020-04-22	1810801	417.50	0.00	417.50	OPEN
APR-20200047	2020-04-22	2020-04-22	1810801	431.50	0.00	431.50	OPEN
APR-20200045	2020-04-18	2020-04-18	1810801	75573.31	0.00	75573.31	OPEN
APR-20200042	2020-04-08	2020-04-08	1810801	38685.77	0.00	38685.77	OPEN
APR-20200041	2020-04-04	2020-04-04	1810801	64230.77	0.00	64230.77	OPEN
APR-20200043	2020-04-03	2020-04-03	1810801	216.00	0.00	216.00	OPEN
APR-20200040	2020-03-28	2020-03-28	1810801	96773.11	0.00	96773.11	OPEN
APR-20200039	2020-03-24	2020-03-24	1810801	124591.39	0.00	124591.39	OPEN
7682	2020-03-23	2020-03-23	1810801	892.50	0.00	892.50	OPEN
APR-20200017	2020-03-22	2020-03-22	1810801	1450.00	0.00	1450.00	OPEN
APR-20200036	2020-03-14	2020-03-14	1810801	137972.60	0.00	137972.60	OPEN
APR-20200037	2020-03-11	2020-03-11	1810801	3528.00	0.00	3528.00	OPEN
APR-20200035	2020-03-10	2020-03-10	1810801	91.63	0.00	91.63	OPEN
APR-20200032	2020-03-09	2020-03-09	1810801	60551.05	0.00	60551.05	OPEN
APR-20200033	2020-03-06	2020-03-06	1810801	32.00	0.00	32.00	OPEN
APR-20200031	2020-03-04	2020-03-04	1810801	4795.00	0.00	4795.00	OPEN
APR-20200030	2020-03-03	2020-03-03	1810801	500.00	0.00	500.00	OPEN
APR-20200026	2020-02-29	2020-02-29	1810801	29966.85	0.00	29966.85	OPEN
APR-20200027	2020-02-29	2020-02-29	1810801	71.50	0.00	71.50	OPEN
APR-20200028-TOOL	2020-02-29	2020-02-29	1810801	1000.00	0.00	1000.00	OPEN
APR-20200029-TOOL	2020-02-29	2020-02-29	1810801	1000.00	0.00	1000.00	OPEN
APR-20200023	2020-02-27	2020-02-27	1810801	38685.77	0.00	38685.77	OPEN
APR-20200025	2020-02-26	2020-02-26	1810801	750.00	0.00	750.00	OPEN
APR-20200024	2020-02-25	2020-02-25	1810801	235.00	0.00	235.00	OPEN
APR-20200020-TOOL	2020-02-24	2020-02-24	1810801	1500.00	0.00	1500.00	OPEN
APR-20200021-TOOL	2020-02-24	2020-02-24	1810801	1750.00	0.00	1750.00	OPEN
APR-20200022	2020-02-24	2020-02-24	1810801	25.13	0.00	25.13	OPEN
APR-20200015	2020-02-22	2020-02-22	1810801	109080.84	0.00	109080.84	OPEN
APR-20200019	2020-02-22	2020-02-22	1810801	2500.00	0.00	2500.00	OPEN
APR-20200014	2020-02-17	2020-02-17	1810801	819.00	0.00	819.00	OPEN
APR-20190076 202000016	2020-02-11	2020-02-11	1810801	1800.00	0.00	1800.00	OPEN
APR-20200013	2020-02-08	2020-02-08	1810801	1530.00	0.00	1530.00	OPEN
APR-20200011	2020-01-21	2020-01-21	1810801	650.00	0.00	650.00	OPEN
APR-20200008	2020-01-18	2020-01-18	1810801	3511.20	0.00	3511.20	OPEN
APR-20200007	2020-01-17	2020-01-17	1810801	600.00	0.00	600.00	OPEN
APR-20200004	2020-01-16	2020-01-16	1810801	93129.69	0.00	93129.69	OPEN
APR-20200005	2020-01-14	2020-01-14	1810801	3708.86	0.00	3708.86	OPEN
APR-20200003	2020-01-13	2020-01-13	1810801	128384.77	0.00	128384.77	OPEN
APR-20200002	2020-01-08	2020-01-08	1810801	38661.48	0.00	38661.48	OPEN
APR-20200002-1	2020-01-08	2020-01-08	1810801	396.00	0.00	396.00	OPEN
APR-20200001	2020-01-02	2020-01-02	1810801	1909.50	0.00	1909.50	OPEN
APR-20190080	2019-12-25	2019-12-25	1810801	2304.00	0.00	2304.00	OPEN
APR-20190079	2019-12-23	2019-12-23	1810801	38661.48	0.00	38661.48	OPEN
APR-20190077	2019-12-21	2019-12-21	1810801	127781.23	0.00	127781.23	OPEN
APR-210190078	2019-12-20	2019-12-20	1810801	91.00	0.00	91.00	OPEN
APR-20190060	2019-12-11	2019-12-11	1810801	41666.60	0.00	41666.60	OPEN
APR-20190074	2019-12-11	2019-12-11	1810801	3150.00	0.00	3150.00	OPEN
APR-20190075	2019-12-11	2019-12-11	1810801	3150.00	0.00	3150.00	OPEN
APR-20190059	2019-12-07	2019-12-07	1810801	165.00	0.00	165.00	OPEN
APR-20190071	2019-12-07	2019-12-07	1810801	42063.51	0.00	42063.51	OPEN
APR-20190073	2019-12-07	2019-12-07	1810801	102737.74	0.00	102737.74	OPEN
APR-20190072	2019-12-04	2019-12-04	1810801	1899.75	0.00	1899.75	OPEN
APR-20190070	2019-12-02	2019-12-02	1810801	105.95	0.00	105.95	OPEN
APR-20190069A	2019-11-25	2019-11-25	1810801	132370.55	0.00	132370.55	OPEN
APR-20190069B	2019-11-25	2019-11-25	1810801	98692.81	0.00	98692.81	OPEN
APR-20190068	2019-11-21	2019-11-21	1810801	1020.00	0.00	1020.00	OPEN
APR20190067	2019-11-20	2019-11-20	1810801	288.00	0.00	288.00	OPEN
APR-20190063-TOOL	2019-11-18	2019-11-18	1810801	566.00	0.00	566.00	OPEN
APR-20190064-TOOL	2019-11-18	2019-11-18	1810801	2500.00	0.00	2500.00	OPEN
APR-20190065-TOOL	2019-11-18	2019-11-18	1810801	2800.00	0.00	2800.00	OPEN
APR-20190066	2019-11-18	2019-11-18	1810801	321.30	0.00	321.30	OPEN
APR-20190062	2019-11-15	2019-11-15	1810801	2064.72	0.00	2064.72	OPEN
APR-20190061	2019-11-11	2019-11-11	1810801	235.00	0.00	235.00	OPEN
APR-20190058	2019-11-06	2019-11-06	1810801	51.94	0.00	51.94	OPEN
APR-20190057	2019-11-04	2019-11-04	1810801	2200.00	0.00	2200.00	OPEN
APR-20190056	2019-10-23	2019-10-23	1810801	109298.19	0.00	109298.19	OPEN
APR-20190054	2019-10-17	2019-10-17	1810801	2050.00	0.00	2050.00	OPEN
APR-20190055	2019-10-17	2019-10-17	1810801	1800.00	0.00	1800.00	OPEN
APR-20190053	2019-10-12	2019-10-12	1810801	51.94	0.00	51.94	OPEN
APR-20190051	2019-10-08	2019-10-08	1810801	500.00	0.00	500.00	OPEN
APR-20190052	2019-10-08	2019-10-08	1810801	500.00	0.00	500.00	OPEN
APR-20190050	2019-10-05	2019-10-05	1810801	88265.21	0.00	88265.21	OPEN
APR-20190048.	2019-09-28	2019-09-28	1810801	904.40	0.00	904.40	OPEN
APR-20190049	2019-09-28	2019-09-28	1810801	4129.44	0.00	4129.44	OPEN
APR-20190047	2019-09-27	2019-09-27	1810801	2250.00	0.00	2250.00	OPEN
APR-20190046	2019-09-24	2019-09-24	1810801	904.40	0.00	904.40	OPEN
APR-20190044	2019-09-21	2019-09-21	1810801	106010.97	0.00	106010.97	OPEN
APR-20190045	2019-09-18	2019-09-18	1810801	27.22	0.00	27.22	OPEN
APR-20190043	2019-08-31	2019-08-31	1810801	110007.45	0.00	110007.45	OPEN
APR-20190042	2019-08-24	2019-08-24	1810801	295.00	0.00	295.00	OPEN
APR-20190042-T	2019-08-24	2019-08-24	1810801	1050.00	0.00	1050.00	OPEN
APR-20190041	2019-08-20	2019-08-20	1810801	70.00	0.00	70.00	OPEN
APR-20190039A	2019-08-17	2019-08-17	1810801	96309.97	0.00	96309.97	OPEN
APR-20190039B	2019-08-17	2019-08-17	1810801	23902.82	0.00	23902.82	OPEN
APR-20190040	2019-08-16	2019-08-16	1810801	50.00	0.00	50.00	OPEN
APR-20190037	2019-08-03	2019-08-03	1810801	120294.83	0.00	120294.83	OPEN
APR-20190038	2019-08-02	2019-08-02	1810801	2800.00	0.00	2800.00	OPEN
APR-20190036	2019-07-22	2019-07-22	1810801	1510.27	0.00	1510.27	OPEN
APR-20190035	2019-07-15	2019-07-15	1810801	116468.88	0.00	116468.88	OPEN
APR-20190034	2019-07-05	2019-07-05	1810801	27550.91	0.00	27550.91	OPEN
APR-20190025	2019-07-02	2019-07-02	1810801	1450.00	0.00	1450.00	OPEN
APR-20190026	2019-07-02	2019-07-02	1810801	1320.00	0.00	1320.00	OPEN
APR-20190033	2019-06-27	2019-06-27	1810801	97805.14	0.00	97805.14	OPEN
APR-20190031	2019-06-20	2019-06-20	1810801	104526.61	0.00	104526.61	OPEN
APR-20190028	2019-06-17	2019-06-17	1810801	1207.92	0.00	1207.92	OPEN
APR-20190029	2019-06-17	2019-06-17	1810801	1410.89	0.00	1410.89	OPEN
APR-20190030	2019-06-17	2019-06-17	1810801	1012.54	0.00	1012.54	OPEN
APR-20190032	2019-06-17	2019-06-17	1810801	1300.00	0.00	1300.00	OPEN
APR-20190027	2019-06-14	2019-06-14	1810801	1296.00	0.00	1296.00	OPEN
APR-20190024	2019-06-03	2019-06-03	1810801	152281.26	0.00	152281.26	OPEN
APR-20190023	2019-05-25	2019-05-25	1810801	210.00	0.00	210.00	OPEN
APR-20190022	2019-05-21	2019-05-21	1810801	1100.00	0.00	1100.00	OPEN
APR-20190020	2019-05-16	2019-05-16	1810801	121038.55	0.00	121038.55	OPEN
APR-20190021	2019-05-14	2019-05-14	1810801	117.50	0.00	117.50	OPEN
APR-20190019	2019-05-09	2019-05-09	1810801	122267.97	0.00	122267.97	OPEN
APR-20190018	2019-04-25	2019-04-25	1810801	1800.00	0.00	1800.00	OPEN
apr-20190017	2019-04-24	2019-04-24	1810801	280.00	0.00	280.00	OPEN
APR-20190016	2019-04-20	2019-04-20	1810801	106346.82	0.00	106346.82	OPEN
APR-20190015	2019-04-16	2019-04-16	1810801	15.40	0.00	15.40	OPEN
APR-20190013	2019-04-06	2019-04-06	1810801	112811.30	0.00	112811.30	OPEN
APR-20190014	2019-04-04	2019-04-04	1810801	510.00	0.00	510.00	OPEN
APR-20190012	2019-03-21	2019-03-21	1810801	77878.65	0.00	77878.65	OPEN
APR-20190011	2019-03-16	2019-03-16	1810801	99020.76	0.00	99020.76	OPEN
APR-20190010	2019-03-11	2019-03-11	1810801	102.90	0.00	102.90	OPEN
APR-20190009	2019-03-09	2019-03-09	1810801	115093.38	0.00	115093.38	OPEN
APR-20190008	2019-02-28	2019-02-28	1810801	306.00	0.00	306.00	OPEN
APR-20190007	2019-02-23	2019-02-23	1810801	126181.13	0.00	126181.13	OPEN
APR-20190005	2019-01-29	2019-01-29	1810801	189.20	0.00	189.20	OPEN
APR-20190006	2019-01-29	2019-01-29	1810801	2310.54	0.00	2310.54	OPEN
APR-20190004	2019-01-28	2019-01-28	1810801	94171.78	0.00	94171.78	OPEN
APR-201900003A	2019-01-19	2019-01-19	1810801	120653.36	0.00	120653.36	OPEN
APR-20190002	2019-01-12	2019-01-12	1810801	378.40	0.00	378.40	OPEN
APR-20190001	2019-01-04	2019-01-04	1810801	55.00	0.00	55.00	OPEN
APR-20180144A	2018-12-31	2018-12-31	1810801	97223.60	0.00	97223.60	OPEN
APR-20180144B	2018-12-31	2018-12-31	1810801	30559.20	0.00	30559.20	OPEN
APR-20180142	2018-12-21	2018-12-21	1810801	1880.00	0.00	1880.00	OPEN
APR-20180143	2018-12-21	2018-12-21	1810801	79.38	0.00	79.38	OPEN
APR-20180141A	2018-12-15	2018-12-15	1810801	93160.54	0.00	93160.54	OPEN
APR-20180141B	2018-12-15	2018-12-15	1810801	155127.50	0.00	155127.50	OPEN
APR-20180138	2018-12-13	2018-12-13	1810801	1000.00	0.00	1000.00	OPEN
APR-20180139A	2018-12-06	2018-12-06	1810801	79658.42	0.00	79658.42	OPEN
APR-20180139B	2018-12-06	2018-12-06	1810801	146246.25	0.00	146246.25	OPEN
APR-20180109	2018-11-29	2018-11-29	1810801	5107.70	0.00	5107.70	OPEN
APR-20180136	2018-11-28	2018-11-28	1810801	189.00	0.00	189.00	OPEN
APR-20180133	2018-11-27	2018-11-27	1810801	986.05	0.00	986.05	OPEN
APR-20180134	2018-11-27	2018-11-27	1810801	643.50	0.00	643.50	OPEN
APR-20180135	2018-11-27	2018-11-27	1810801	844.00	0.00	844.00	OPEN
APR-20180131	2018-11-10	2018-11-10	1810801	681.00	0.00	681.00	OPEN
APR-20180127	2018-11-07	2018-11-07	1810801	1115.44	0.00	1115.44	OPEN
APR-20180128A	2018-11-06	2018-11-06	1810801	108298.18	0.00	108298.18	OPEN
APR-20180128B	2018-11-06	2018-11-06	1810801	136106.19	0.00	136106.19	OPEN
APR-20180130	2018-11-06	2018-11-06	1810801	490.00	0.00	490.00	OPEN
APR-20180124	2018-11-05	2018-11-05	1810801	220.32	0.00	220.32	OPEN
APR-20180125	2018-10-30	2018-10-30	1810801	958.00	0.00	958.00	OPEN
APR- 20180122	2018-10-22	2018-10-22	1810801	160.00	0.00	160.00	OPEN
APR-20180123	2018-10-22	2018-10-22	1810801	400.00	0.00	400.00	OPEN
APR-20180121	2018-10-18	2018-10-18	1810801	122521.90	0.00	122521.90	OPEN
APR-20180120	2018-10-16	2018-10-16	1810801	66.00	0.00	66.00	OPEN
APR-20180119	2018-10-12	2018-10-12	1810801	126.00	0.00	126.00	OPEN
APR-20180093	2018-10-10	2018-10-10	1810801	383.10	0.00	383.10	OPEN
APR-20180117	2018-10-08	2018-10-08	1810801	2064.50	0.00	2064.50	OPEN
APR-20180116	2018-10-06	2018-10-06	1810801	567.60	0.00	567.60	OPEN
APR-20180114A	2018-09-29	2018-09-29	1810801	102293.33	0.00	102293.33	OPEN
APR-2018114B	2018-09-29	2018-09-29	1810801	125629.40	0.00	125629.40	OPEN
APR-20180112	2018-09-21	2018-09-21	1810801	750.00	0.00	750.00	OPEN
APR-20180113	2018-09-21	2018-09-21	1810801	1618.50	0.00	1618.50	OPEN
APR-20180108A-1	2018-09-15	2018-09-15	1810801	92741.31	0.00	92741.31	OPEN
APR-20180108B	2018-09-15	2018-09-15	1810801	101108.67	0.00	101108.67	OPEN
APR-20180085	2018-09-05	2018-09-05	1810801	98686.49	0.00	98686.49	OPEN
APR-20180102	2018-09-04	2018-09-04	1810801	50.00	0.00	50.00	OPEN
APR-20180099A	2018-09-01	2018-09-01	1810801	126144.00	0.00	126144.00	OPEN
APR-20180099B	2018-09-01	2018-09-01	1810801	22833.34	0.00	22833.34	OPEN
APR-20180100	2018-09-01	2018-09-01	1810801	235.20	0.00	235.20	OPEN
APR-20180054	2018-08-29	2018-08-29	1810801	491.33	0.00	491.33	OPEN
APR-20180098	2018-08-28	2018-08-28	1810801	583.10	0.00	583.10	OPEN
APR-20180097	2018-08-25	2018-08-25	1810801	182.00	0.00	182.00	OPEN
APR-20180092	2018-08-11	2018-08-11	1810801	119986.22	0.00	119986.22	OPEN
APR-20180090	2018-08-06	2018-08-06	1810801	89415.75	0.00	89415.75	OPEN
APR-20180091	2018-08-04	2018-08-04	1810801	655.00	0.00	655.00	OPEN
APR-20180089	2018-07-25	2018-07-25	1810801	372.00	0.00	372.00	OPEN
APR-20180086	2018-07-24	2018-07-24	1810801	1396.50	0.00	1396.50	OPEN
APR-20180088	2018-07-21	2018-07-21	1810801	50.00	0.00	50.00	OPEN
APR-20180087	2018-07-18	2018-07-18	1810801	583.10	0.00	583.10	OPEN
APR-20180083	2018-07-06	2018-07-06	1810801	3045.00	0.00	3045.00	OPEN
APR-20180080	2018-07-04	2018-07-04	1810801	1000.00	0.00	1000.00	OPEN
APR-20180081	2018-07-04	2018-07-04	1810801	4090.00	0.00	4090.00	OPEN
APR-20180082	2018-07-04	2018-07-04	1810801	4090.00	0.00	4090.00	OPEN
APR-20180075A	2018-06-30	2018-06-30	1810801	70364.37	0.00	70364.37	OPEN
APR-20180075B	2018-06-30	2018-06-30	1810801	119297.19	0.00	119297.19	OPEN
APR-20180078	2018-06-29	2018-06-29	1810801	583.10	0.00	583.10	OPEN
APR-20180077	2018-06-28	2018-06-28	1810801	700.00	0.00	700.00	OPEN
APR-20180076	2018-06-27	2018-06-27	1810801	1053.70	0.00	1053.70	OPEN
APR-20180072	2018-06-26	2018-06-26	1810801	4054.00	0.00	4054.00	OPEN
APR-20180073	2018-06-26	2018-06-26	1810801	1945.00	0.00	1945.00	OPEN
APR-20180074	2018-06-26	2018-06-26	1810801	4054.00	0.00	4054.00	OPEN
APR-20180071	2018-06-25	2018-06-25	1810801	291.55	0.00	291.55	OPEN
APR-20180067	2018-06-21	2018-06-21	1810801	2200.00	0.00	2200.00	OPEN
APR-20180070	2018-06-17	2018-06-17	1810801	583.10	0.00	583.10	OPEN
APR-20180069	2018-06-16	2018-06-16	1810801	76462.21	0.00	76462.21	OPEN
APR-20180068	2018-06-09	2018-06-09	1810801	164.68	0.00	164.68	OPEN
APR-20180066	2018-06-07	2018-06-07	1810801	114133.39	0.00	114133.39	OPEN
APR-20180066B	2018-06-07	2018-06-07	1810801	26605.76	0.00	26605.76	OPEN
APR-20180064	2018-06-04	2018-06-04	1810801	484.00	0.00	484.00	OPEN
APR-20180065	2018-06-04	2018-06-04	1810801	441.00	0.00	441.00	OPEN
APR-20180060A	2018-05-31	2018-05-31	1810801	112751.59	0.00	112751.59	OPEN
APR-20180060B	2018-05-31	2018-05-31	1810801	12566.95	0.00	12566.95	OPEN
APR-20180062	2018-05-30	2018-05-30	1810801	1900.00	0.00	1900.00	OPEN
APR-20180057	2018-05-29	2018-05-29	1810801	1312.60	0.00	1312.60	OPEN
APR-20180061	2018-05-29	2018-05-29	1810801	1063.10	0.00	1063.10	OPEN
APR-20180059	2018-05-28	2018-05-28	1810801	793.80	0.00	793.80	OPEN
APR-20180058	2018-05-26	2018-05-26	1810801	1470.40	0.00	1470.40	OPEN
APR-20180056	2018-05-21	2018-05-21	1810801	92254.07	0.00	92254.07	OPEN
APR-20180055	2018-05-17	2018-05-17	1810801	2709.00	0.00	2709.00	OPEN
APR-20180053	2018-05-14	2018-05-14	1810801	1280.00	0.00	1280.00	OPEN
APR-20180047	2018-05-11	2018-05-11	1810801	136592.55	0.00	136592.55	OPEN
APR-20180047-1	2018-05-11	2018-05-11	1810801	108.40	0.00	108.40	OPEN
APR-20180050	2018-05-11	2018-05-11	1810801	599.76	0.00	599.76	OPEN
APR-20180051	2018-05-11	2018-05-11	1810801	412.00	0.00	412.00	OPEN
APR-20180049	2018-05-09	2018-05-09	1810801	699.72	0.00	699.72	OPEN
APR-20180036	2018-05-06	2018-05-06	1810801	539.00	0.00	539.00	OPEN
APR-20180046	2018-05-05	2018-05-05	1810801	399.84	0.00	399.84	OPEN
APR-20180043	2018-05-04	2018-05-04	1810801	112306.79	0.00	112306.79	OPEN
APR-20180045	2018-05-04	2018-05-04	1810801	940.00	0.00	940.00	OPEN
APR-20180044	2018-05-03	2018-05-03	1810801	273.00	0.00	273.00	OPEN
APR-20180042	2018-04-28	2018-04-28	1810801	1236.00	0.00	1236.00	OPEN
APR-20180039	2018-04-27	2018-04-27	1810801	800.00	0.00	800.00	OPEN
APR-20180040	2018-04-27	2018-04-27	1810801	1575.00	0.00	1575.00	OPEN
APR-20180041	2018-04-27	2018-04-27	1810801	1500.00	0.00	1500.00	OPEN
APR-20180035	2018-04-23	2018-04-23	1810801	102644.09	0.00	102644.09	OPEN
APR-20180037	2018-04-23	2018-04-23	1810801	2000.00	0.00	2000.00	OPEN
APR-20180038	2018-04-23	2018-04-23	1810801	788.93	0.00	788.93	OPEN
APR-20180028	2018-04-16	2018-04-16	1810801	119959.46	0.00	119959.46	OPEN
APR-20180031	2018-04-16	2018-04-16	1810801	1522.50	0.00	1522.50	OPEN
APR-20180032	2018-04-16	2018-04-16	1810801	1522.50	0.00	1522.50	OPEN
APR-20180030	2018-04-13	2018-04-13	1810801	137.00	0.00	137.00	OPEN
APR-20180021	2018-04-12	2018-04-12	1810801	142.25	0.00	142.25	OPEN
APR-20180029	2018-04-12	2018-04-12	1810801	1512.00	0.00	1512.00	OPEN
APR-20180034	2018-04-12	2018-04-12	1810801	200.00	0.00	200.00	OPEN
APR-20180026	2018-04-06	2018-04-06	1810801	109528.03	0.00	109528.03	OPEN
2501	2018-04-04	2018-04-04	1810801	750.00	0.00	750.00	OPEN
APR-201780025	2018-04-02	2018-04-02	1810801	382.50	0.00	382.50	OPEN
APR-20180024	2018-03-27	2018-03-27	1810801	117.60	0.00	117.60	OPEN
APR-20180023	2018-03-26	2018-03-26	1810801	3850.00	0.00	3850.00	OPEN
APR-20180001	2018-03-23	2018-03-23	1810801	108935.32	0.00	108935.32	OPEN
APR-20180020	2018-03-23	2018-03-23	1810801	106309.86	0.00	106309.86	OPEN
APR-20170104	2018-03-21	2018-03-21	1810801	11.79	0.00	11.79	OPEN
APR-20180019	2018-03-16	2018-03-16	1810801	2023.35	0.00	2023.35	OPEN
APR-20180018	2018-03-14	2018-03-14	1810801	220.00	0.00	220.00	OPEN
APR-20180017	2018-03-09	2018-03-09	1810801	92565.11	0.00	92565.11	OPEN
APR-20180016	2018-03-06	2018-03-06	1810801	115.00	0.00	115.00	OPEN
APR-20180015	2018-03-05	2018-03-05	1810801	156.80	0.00	156.80	OPEN
APR-20180006	2018-03-02	2018-03-02	1810801	5313.00	0.00	5313.00	OPEN
APR-20170107	2018-02-28	2018-02-28	1810801	756.00	0.00	756.00	OPEN
APR-20180014	2018-02-26	2018-02-26	1810801	57.54	0.00	57.54	OPEN
APR-20180007	2018-02-23	2018-02-23	1810801	120.68	0.00	120.68	OPEN
APR-20180013A	2018-02-17	2018-02-17	1810801	70394.62	0.00	70394.62	OPEN
APR-20180013B	2018-02-17	2018-02-17	1810801	153574.36	0.00	153574.36	OPEN
APR-200180011	2018-02-10	2018-02-10	1810801	4000.00	0.00	4000.00	OPEN
APR-20180010	2018-02-10	2018-02-10	1810801	2500.00	0.00	2500.00	OPEN
APR-20180012	2018-02-10	2018-02-10	1810801	4000.00	0.00	4000.00	OPEN
APR-20180009	2018-02-08	2018-02-08	1810801	940.00	0.00	940.00	OPEN
APR-20170100	2018-01-30	2018-01-30	1810801	118581.74	0.00	118581.74	OPEN
APR-20180008	2018-01-26	2018-01-26	1810801	113174.95	0.00	113174.95	OPEN
APR-20180005	2018-01-18	2018-01-18	1810801	373.50	0.00	373.50	OPEN
APR-20180004	2018-01-17	2018-01-17	1810801	106839.83	0.00	106839.83	OPEN
APR-20180002	2018-01-05	2018-01-05	1810801	1250.00	0.00	1250.00	OPEN
APR-20180003	2018-01-05	2018-01-05	1810801	602.00	0.00	602.00	OPEN
APR-20170109	2017-12-22	2017-12-22	1810801	98439.28	0.00	98439.28	OPEN
APR-20170108	2017-12-18	2017-12-18	1810801	801.00	0.00	801.00	OPEN
APR-20170106	2017-12-08	2017-12-08	1810801	100297.70	0.00	100297.70	OPEN
APR-20170105	2017-12-01	2017-12-01	1810801	134539.18	0.00	134539.18	OPEN
APR-20170103	2017-11-17	2017-11-17	1810801	57.61	0.00	57.61	OPEN
APR-20170102	2017-11-16	2017-11-16	1810801	110966.81	0.00	110966.81	OPEN
APR-20170071	2017-11-09	2017-11-09	1810801	89439.72	0.00	89439.72	OPEN
APR-20170101	2017-11-01	2017-11-01	1810801	1800.00	0.00	1800.00	OPEN
APR-20170005	2017-10-30	2017-10-30	1810801	1000.00	0.00	1000.00	OPEN
APR-20170099	2017-10-23	2017-10-23	1810801	1099.00	0.00	1099.00	OPEN
APR-20170093	2017-10-20	2017-10-20	1810801	142825.40	0.00	142825.40	OPEN
APR-20170098	2017-10-19	2017-10-19	1810801	478.34	0.00	478.34	OPEN
APR-20170096	2017-10-18	2017-10-18	1810801	483.00	0.00	483.00	OPEN
APR-20170097	2017-10-18	2017-10-18	1810801	502.56	0.00	502.56	OPEN
APR-20160111	2017-10-17	2017-10-17	1810801	784.23	0.00	784.23	OPEN
APR-20170095	2017-10-17	2017-10-17	1810801	1588.00	0.00	1588.00	OPEN
APR-20170065	2017-10-16	2017-10-16	1810801	116105.92	0.00	116105.92	OPEN
APR-20170092	2017-10-14	2017-10-14	1810801	1600.00	0.00	1600.00	OPEN
APR-20170091	2017-10-13	2017-10-13	1810801	500.00	0.00	500.00	OPEN
APR-20170090	2017-10-09	2017-10-09	1810801	960.00	0.00	960.00	OPEN
APR-20170088	2017-09-30	2017-09-30	1810801	158412.50	0.00	158412.50	OPEN
APR-20170089	2017-09-29	2017-09-29	1810801	400.00	0.00	400.00	OPEN
APR-20170081	2017-09-21	2017-09-21	1810801	2838.60	0.00	2838.60	OPEN
APR-20170087	2017-09-21	2017-09-21	1810801	765.00	0.00	765.00	OPEN
APR-20170086	2017-09-20	2017-09-20	1810801	800.00	0.00	800.00	OPEN
APR-20170080	2017-09-16	2017-09-16	1810801	89615.56	0.00	89615.56	OPEN
APR-20170082	2017-09-15	2017-09-15	1810801	2000.00	0.00	2000.00	OPEN
APR-20170083	2017-09-15	2017-09-15	1810801	100.00	0.00	100.00	OPEN
APR-20170084	2017-09-15	2017-09-15	1810801	519.40	0.00	519.40	OPEN
APR-20170079	2017-09-12	2017-09-12	1810801	779.10	0.00	779.10	OPEN
APR-20170078	2017-09-11	2017-09-11	1810801	900.00	0.00	900.00	OPEN
1397	2017-09-08	2017-09-08	1810801	102394.59	0.00	102394.59	OPEN
APR-20170076	2017-09-07	2017-09-07	1810801	56.22	0.00	56.22	OPEN
APR-20170073	2017-09-01	2017-09-01	1810801	101580.53	0.00	101580.53	OPEN
APR-20170072	2017-08-28	2017-08-28	1810801	124.00	0.00	124.00	OPEN
APR-20160120	2017-08-24	2017-08-24	1810801	900.00	0.00	900.00	OPEN
APR-20170070	2017-08-14	2017-08-14	1810801	793.80	0.00	793.80	OPEN
APR-20170069	2017-08-12	2017-08-12	1810801	1024.20	0.00	1024.20	OPEN
16.1031.01 adjustment	2017-08-03	2017-08-03	1810801	296.10	0.00	296.10	OPEN
APR-20170067	2017-07-29	2017-07-29	1810801	906.40	0.00	906.40	OPEN
APR-20170068	2017-07-29	2017-07-29	1810801	824.80	0.00	824.80	OPEN
799	2017-07-27	2017-07-27	1810801	120690.17	0.00	120690.17	OPEN
APR-20170066	2017-07-27	2017-07-27	1810801	110507.13	0.00	110507.13	OPEN
APR-20170055	2017-07-18	2017-07-18	1810801	35.80	0.00	35.80	OPEN
17.0508.01 Adjustment	2017-07-11	2017-07-11	1810801	3664.25	0.00	3664.25	OPEN
APR-20170047	2017-07-11	2017-07-11	1810801	169.72	0.00	169.72	OPEN
APR-20170064	2017-07-08	2017-07-08	1810801	853.50	0.00	853.50	OPEN
APR-20170062	2017-06-30	2017-06-30	1810801	102637.77	0.00	102637.77	OPEN
APR-20170043	2017-06-28	2017-06-28	1810801	100770.95	0.00	100770.95	OPEN
APR-20170063	2017-06-26	2017-06-26	1810801	290.19	0.00	290.19	OPEN
APR-20170061	2017-06-21	2017-06-21	1810801	583.10	0.00	583.10	OPEN
APR-20170060	2017-06-20	2017-06-20	1810801	500.00	0.00	500.00	OPEN
APR-20170057	2017-06-16	2017-06-16	1810801	110749.02	0.00	110749.02	OPEN
APR-20170059	2017-06-15	2017-06-15	1810801	512.10	0.00	512.10	OPEN
APR-20170058	2017-06-13	2017-06-13	1810801	1000.00	0.00	1000.00	OPEN
APR-20170051	2017-06-07	2017-06-07	1810801	932.00	0.00	932.00	OPEN
APR-20170056	2017-06-07	2017-06-07	1810801	394.32	0.00	394.32	OPEN
APR-20170053	2017-06-03	2017-06-03	1810801	439.04	0.00	439.04	OPEN
APR-20170054	2017-06-03	2017-06-03	1810801	900.00	0.00	900.00	OPEN
APR-20170054-1	2017-06-03	2017-06-03	1810801	375.00	0.00	375.00	OPEN
APR-20170049	2017-06-01	2017-06-01	1810801	140.00	0.00	140.00	OPEN
APR-20170029-A	2017-05-31	2017-05-31	1810801	36764.34	0.00	36764.34	OPEN
APR-20170031	2017-05-26	2017-05-26	1810801	700.00	0.00	700.00	OPEN
APR-20170050	2017-05-26	2017-05-26	1810801	850.00	0.00	850.00	OPEN
APR-20170048	2017-05-24	2017-05-24	1810801	680.00	0.00	680.00	OPEN
APR-20170045	2017-05-16	2017-05-16	1810801	3500.00	0.00	3500.00	OPEN
APR-20170046	2017-05-16	2017-05-16	1810801	3000.00	0.00	3000.00	OPEN
APR-20170025	2017-05-15	2017-05-15	1810801	1500.00	0.00	1500.00	OPEN
APR-20170044	2017-05-15	2017-05-15	1810801	435.00	0.00	435.00	OPEN
APR-20160105	2017-05-11	2017-05-11	1810801	1500.00	0.00	1500.00	OPEN
APR-20170040	2017-05-11	2017-05-11	1810801	153.00	0.00	153.00	OPEN
APR-20170042	2017-05-11	2017-05-11	1810801	270.00	0.00	270.00	OPEN
279	2017-05-08	2017-05-08	1810801	110363.68	0.00	110363.68	OPEN
APR-20170037	2017-05-05	2017-05-05	1810801	107756.15	0.00	107756.15	OPEN
APR-20170039	2017-05-05	2017-05-05	1810801	322.62	0.00	322.62	OPEN
APR-20160066	2017-05-01	2017-05-01	1810801	3000.00	0.00	3000.00	OPEN
APR-20160098	2017-05-01	2017-05-01	1810801	200.00	0.00	200.00	OPEN
APR-20160099	2017-05-01	2017-05-01	1810801	900.00	0.00	900.00	OPEN
APR-20160100	2017-05-01	2017-05-01	1810801	100.00	0.00	100.00	OPEN
APR-20160101	2017-05-01	2017-05-01	1810801	100.00	0.00	100.00	OPEN
APR-20160102	2017-05-01	2017-05-01	1810801	100.00	0.00	100.00	OPEN
APR-20160104	2017-05-01	2017-05-01	1810801	1500.00	0.00	1500.00	OPEN
APR-20160106	2017-05-01	2017-05-01	1810801	900.00	0.00	900.00	OPEN
APR-20160107	2017-05-01	2017-05-01	1810801	800.00	0.00	800.00	OPEN
APR-20160110	2017-05-01	2017-05-01	1810801	1500.00	0.00	1500.00	OPEN
APR-20160120-1	2017-05-01	2017-05-01	1810801	900.00	0.00	900.00	OPEN
APR-20160122	2017-05-01	2017-05-01	1810801	2000.00	0.00	2000.00	OPEN
APR-20170021	2017-05-01	2017-05-01	1810801	1200.00	0.00	1200.00	OPEN
APR-20170034	2017-04-27	2017-04-27	1810801	122048.65	0.00	122048.65	OPEN
APR-20170035	2017-04-26	2017-04-26	1810801	136.88	0.00	136.88	OPEN
APR-20170036	2017-04-26	2017-04-26	1810801	800.00	0.00	800.00	OPEN
APR-20170029-B	2017-04-14	2017-04-14	1810801	90274.15	0.00	90274.15	OPEN
apr-20170028	2017-04-06	2017-04-06	1810801	322.62	0.00	322.62	OPEN
APR-20170026-A	2017-03-31	2017-03-31	1810801	90123.60	0.00	90123.60	OPEN
APR-20170026-B	2017-03-31	2017-03-31	1810801	92980.09	0.00	92980.09	OPEN
APR-20170027	2017-03-28	2017-03-28	1810801	98.00	0.00	98.00	OPEN
APR-20170023	2017-03-17	2017-03-17	1810801	33744.08	0.00	33744.08	OPEN
APR-20170024	2017-03-15	2017-03-15	1810801	440.00	0.00	440.00	OPEN
APR-20170022	2017-03-10	2017-03-10	1810801	823.20	0.00	823.20	OPEN
APR-20170018	2017-03-06	2017-03-06	1810801	142.60	0.00	142.60	OPEN
APR-20170016-A	2017-03-03	2017-03-03	1810801	85720.25	0.00	85720.25	OPEN
APR-20170016-B	2017-03-03	2017-03-03	1810801	67937.01	0.00	67937.01	OPEN
APR-20170017	2017-03-03	2017-03-03	1810801	454.06	0.00	454.06	OPEN
APR-20170019	2017-03-01	2017-03-01	1810801	180.40	0.00	180.40	OPEN
APR-20170013	2017-02-24	2017-02-24	1810801	147.00	0.00	147.00	OPEN
APR-20170014	2017-02-21	2017-02-21	1810801	315.00	0.00	315.00	OPEN
APR-20170012	2017-02-20	2017-02-20	1810801	198.00	0.00	198.00	OPEN
APR-20170010	2017-02-14	2017-02-14	1810801	55.80	0.00	55.80	OPEN
APR-20170009	2017-02-10	2017-02-10	1810801	97022.82	0.00	97022.82	OPEN
APR-20160138-1	2017-02-09	2017-02-09	1810801	87972.31	0.00	87972.31	OPEN
APR-20160006	2017-01-29	2017-01-29	1810801	600.00	0.00	600.00	OPEN
APR-20170004	2017-01-18	2017-01-18	1810801	500.00	0.00	500.00	OPEN
APR-20170002	2017-01-17	2017-01-17	1810801	800.00	0.00	800.00	OPEN
APR-20160025	2017-01-01	2017-01-01	1810801	750.00	0.00	750.00	OPEN
APR-20160026	2017-01-01	2017-01-01	1810801	700.00	0.00	700.00	OPEN
APR-20160134	2017-01-01	2017-01-01	1810801	300.00	0.00	300.00	OPEN
APR-20160135	2017-01-01	2017-01-01	1810801	300.00	0.00	300.00	OPEN
APR-20160136	2017-01-01	2017-01-01	1810801	400.00	0.00	400.00	OPEN